Workbook

Sheet TH
A1: STT | B1: MSSV | C1: Họ và Tên | D1: Ngày sinh (Hậu kiểm) | E1: Ngày sinh (Phần mềm) | G1: Nơi sinh(Hậu kiểm) | H1: Nơi sinh (Phần mềm) | J1: Nơi sinh sau sát nhập | K1: Dân tộc (Hậu kiểm) | L1: Dân tộc (Phần mềm) | N1: Tôn giáo(Hậu kiểm) | O1: Tôn giáo(Phần mềm) | Q1: Lớp | R1: Ngành | S1: Khóa | T1: Hệ đào tạo | U1: Điểm TCTL | V1: Tên Đề Tài | W1: GV Hướng dẫn 1 | X1: GV Hướng dẫn 2 | Y1: Bộ môn | Z1: Sồ lần đạt giải
Z2: Cấp trường | AB2: Cấp bộ/quốc gia
Z3: Nghiên cứu khoa học | AA3: Olympic | AB3: Nghiên cứu khoa học | AC3: Olympic
A4: 1 | B4: 1954025484 | C4: Nguyễn Thị Ngọc Huyền | D4: =VLOOKUP(B4,Sheet3!$B:$I,3,0) -> #N/A | E4: =VLOOKUP($B4,Sheet4!$B:$L,4,0) -> 04/01/2001 | G4: =VLOOKUP($B4,Sheet3!$B:$I,5,0) -> #N/A | H4: =VLOOKUP($B4,Sheet4!$B:$L,5,0) -> Trường Tây, Hòa Thành, Tây Ninh | I4: =VLOOKUP(B4,[1]Sheet3!$D:$K,5,0) -> #N/A | K4: =VLOOKUP($B4,Sheet3!$B:$I,6,0) -> #N/A | L4: =VLOOKUP($B4,Sheet4!$B:$L,10,0) -> Kinh | N4: =VLOOKUP($B4,Sheet3!$B:$I,7,0) -> #N/A | O4: =VLOOKUP($B4,Sheet4!$B:$L,11,0) -> không | Q4: S22-61QT-TMĐT | R4: Quản trị kinh doanh thương mại điện tử | S4: K61 | T4: Chính quy | U4: 2.11 | V4: Hoàn thiện hoạt động bán hàng tại Công ty Cổ phần Đầu tư và Phát triển Bất động sản Richard Land | W4: ThS. Dương Quốc Minh Triều | Y4: Bộ môn Kế toán và Quản trị kinh doanh
A5: 2 | B5: 1954025583 | C5: Đỗ Ngọc Quỳnh Anh | D5: =VLOOKUP(B5,Sheet3!$B:$I,3,0) -> #N/A | E5: =VLOOKUP($B5,Sheet4!$B:$L,4,0) -> 17/07/2001 | F5: 17/07/2001 | G5: =VLOOKUP($B5,Sheet3!$B:$I,5,0) -> #N/A | H5: =VLOOKUP($B5,Sheet4!$B:$L,5,0) -> Thành phố Hồ Chí Minh | I5: Thành phố Hồ Chí Minh | J5: Thành phố Hồ Chí Minh | K5: =VLOOKUP($B5,Sheet3!$B:$I,6,0) -> #N/A | L5: =VLOOKUP($B5,Sheet4!$B:$L,10,0) -> Kinh | M5: Kinh | N5: =VLOOKUP($B5,Sheet3!$B:$I,7,0) -> #N/A | O5: =VLOOKUP($B5,Sheet4!$B:$L,11,0) -> Không có | Q5: S22-61QT-TMĐT | R5: Quản trị kinh doanh thương mại điện tử | S5: K61 | T5: Chính quy | U5: 1.93 | V5: Hoàn thiện công tác đào tạo nguồn nhân lực tại Công ty Trách Nhiệm Hữu Hạn Merimen Technologies (VIỆT NAM) | W5: ThS. Dương Quốc Minh Triều | Y5: Bộ môn Kế toán và Quản trị kinh doanh
A6: 3 | B6: 2154027096 | C6: Phạm Thị Thuý Hiền | D6: =VLOOKUP(B6,Sheet3!$B:$I,3,0) -> #N/A | E6: =VLOOKUP($B6,Sheet4!$B:$L,4,0) -> 19/12/2003 | F6: 19/12/2003 | G6: =VLOOKUP($B6,Sheet3!$B:$I,5,0) -> #N/A | H6: =VLOOKUP($B6,Sheet4!$B:$L,5,0) -> Tp.HCM | I6: Thành phố Hồ Chí Minh | J6: Thành phố Hồ Chí Minh | K6: =VLOOKUP($B6,Sheet3!$B:$I,6,0) -> #N/A | L6: =VLOOKUP($B6,Sheet4!$B:$L,10,0) -> Kinh | M6: Kinh | N6: =VLOOKUP($B6,Sheet3!$B:$I,7,0) -> #N/A | O6: =VLOOKUP($B6,Sheet4!$B:$L,11,0) -> 1263 | Q6: S24-63QT-Mar | R6: Quản trị Marketing | S6: K63 | T6: Chính quy | U6: 1.81 | V6: Hoàn thiện công tác chăm sóc khách hàng tại Công ty TNHH Vận Tải Dương Nguyên | W6: ThS. Dương Quốc Minh Triều | Y6: Bộ môn Kế toán và Quản trị kinh doanh
A7: 4 | B7: 2154027672 | C7: Đặng Thị Tâm Đoan | D7: =VLOOKUP(B7,Sheet3!$B:$I,3,0) -> #N/A | E7: =VLOOKUP($B7,Sheet4!$B:$L,4,0) -> 28/11/2003 | F7: 28/11/2003 | G7: =VLOOKUP($B7,Sheet3!$B:$I,5,0) -> #N/A | H7: =VLOOKUP($B7,Sheet4!$B:$L,5,0) -> Tây NInh | I7: =VLOOKUP(B7,[1]Sheet3!$D:$K,5,0) -> Tây Ninh | J7: Tây Ninh | K7: =VLOOKUP($B7,Sheet3!$B:$I,6,0) -> #N/A | L7: =VLOOKUP($B7,Sheet4!$B:$L,10,0) -> Kinh | M7: Kinh | N7: =VLOOKUP($B7,Sheet3!$B:$I,7,0) -> #N/A | O7: =VLOOKUP($B7,Sheet4!$B:$L,11,0) -> 173 | P7: Không | Q7: S24-63QT-Mar | R7: Quản trị Marketing | S7: K63 | T7: Chính quy | U7: 1.98 | V7: Hoàn thiện hoạt động chăm sóc khách hàng của Công ty TNHH Tiến Minh Quốc | W7: ThS. Dương Quốc Minh Triều | Y7: Bộ môn Kế toán và Quản trị kinh doanh
A8: 5 | B8: 2154027147 | C8: Nguyễn Thị Tiểu Yến | D8: =VLOOKUP(B8,Sheet3!$B:$I,3,0) -> #N/A | E8: =VLOOKUP($B8,Sheet4!$B:$L,4,0) -> 09/11/2003 | F8: 09/11/2003 | G8: =VLOOKUP($B8,Sheet3!$B:$I,5,0) -> #N/A | H8: =VLOOKUP($B8,Sheet4!$B:$L,5,0) -> Đồng Tháp | I8: =VLOOKUP(B8,[1]Sheet3!$D:$K,5,0) -> #N/A | J8: Đồng Tháp | K8: =VLOOKUP($B8,Sheet3!$B:$I,6,0) -> #N/A | L8: =VLOOKUP($B8,Sheet4!$B:$L,10,0) -> Kinh | M8: Kinh | N8: =VLOOKUP($B8,Sheet3!$B:$I,7,0) -> #N/A | O8: =VLOOKUP($B8,Sheet4!$B:$L,11,0) -> 1314 | Q8: S24-63QT-Mar | R8: Quản trị Marketing | S8: K63 | T8: Chính quy | U8: 2.13 | V8: Hoàn thiện hoạt động chăm sóc khách hàng cá nhân tại Ngân Hàng Thương Mại Cổ Phần Quân Đội Chi Nhánh Bắc Sài Gòn | W8: ThS. Dương Quốc Minh Triều | Y8: Bộ môn Kế toán và Quản trị kinh doanh
A9: 6 | B9: 2154027747 | C9: Nguyễn Thị Ánh Tuyết | D9: =VLOOKUP(B9,Sheet3!$B:$I,3,0) -> #N/A | E9: =VLOOKUP($B9,Sheet4!$B:$L,4,0) -> 05/05/2002 | F9: 05/05/2002 | G9: =VLOOKUP($B9,Sheet3!$B:$I,5,0) -> #N/A | H9: =VLOOKUP($B9,Sheet4!$B:$L,5,0) -> Đăk Lăk | I9: =VLOOKUP(B9,[1]Sheet3!$D:$K,5,0) -> Đắk lắk | J9: Đắk Lắk | K9: =VLOOKUP($B9,Sheet3!$B:$I,6,0) -> #N/A | L9: =VLOOKUP($B9,Sheet4!$B:$L,10,0) -> Kinh | M9: Kinh | N9: =VLOOKUP($B9,Sheet3!$B:$I,7,0) -> #N/A | O9: =VLOOKUP($B9,Sheet4!$B:$L,11,0) -> 248 | P9: Không | Q9: S24-63QT-Mar | R9: Quản trị Marketing | S9: K63 | T9: Chính quy | U9: 1.93 | V9: Hoàn thiện hoạt động chăm sóc khách hàng tại Công ty TNHH Lập Văn | W9: ThS. Nguyễn Thị Diễm Trang | Y9: Bộ môn Kế toán và Quản trị kinh doanh
A10: 7 | B10: 2154027088 | C10: Trịnh Thuý Duy | D10: =VLOOKUP(B10,Sheet3!$B:$I,3,0) -> #N/A | E10: =VLOOKUP($B10,Sheet4!$B:$L,4,0) -> 20/07/2003 | F10: 20/07/2003 | G10: =VLOOKUP($B10,Sheet3!$B:$I,5,0) -> #N/A | H10: =VLOOKUP($B10,Sheet4!$B:$L,5,0) -> Bạc Liêu | I10: =VLOOKUP(B10,[1]Sheet3!$D:$K,5,0) -> #N/A | J10: Bạc Liêu | K10: =VLOOKUP($B10,Sheet3!$B:$I,6,0) -> #N/A | L10: =VLOOKUP($B10,Sheet4!$B:$L,10,0) -> Kinh | M10: Kinh | N10: =VLOOKUP($B10,Sheet3!$B:$I,7,0) -> #N/A | O10: =VLOOKUP($B10,Sheet4!$B:$L,11,0) -> 1255 | Q10: S24-63QT-Mar | R10: Quản trị Marketing | S10: K63 | T10: Chính quy | U10: 1.96 | V10: Hoàn thiện hoạt động Marketing tại Công ty TNHH Nhựa Công-Nông nghiệp Văn Minh | W10: ThS. Nguyễn Thị Diễm Trang | Y10: Bộ môn Kế toán và Quản trị kinh doanh
A11: 8 | B11: 2154027319 | C11: Nguyễn Thị Kiều Diễm | D11: =VLOOKUP(B11,Sheet3!$B:$I,3,0) -> #N/A | E11: =VLOOKUP($B11,Sheet4!$B:$L,4,0) -> 09/09/2003 | F11: 09/09/2003 | G11: =VLOOKUP($B11,Sheet3!$B:$I,5,0) -> #N/A | H11: =VLOOKUP($B11,Sheet4!$B:$L,5,0) -> Tây Ninh | I11: =VLOOKUP(B11,[1]Sheet3!$D:$K,5,0) -> #N/A | J11: Tây Ninh | K11: =VLOOKUP($B11,Sheet3!$B:$I,6,0) -> #N/A | L11: =VLOOKUP($B11,Sheet4!$B:$L,10,0) -> Kinh | M11: Kinh | N11: =VLOOKUP($B11,Sheet3!$B:$I,7,0) -> #N/A | O11: =VLOOKUP($B11,Sheet4!$B:$L,11,0) -> 113 | Q11: S24-63QT-Mar | R11: Quản trị Marketing | S11: K63 | T11: Chính quy | U11: 2.18 | V11: Hoàn thiện hoạt động Marketing tại Công ty Cổ phần Dược Tâm Dược | W11: ThS. Nguyễn Thị Diễm Trang | Y11: Bộ môn Kế toán và Quản trị kinh doanh
A12: 9 | B12: 2154027273 | C12: Đỗ Kim Nhân | D12: =VLOOKUP(B12,Sheet3!$B:$I,3,0) -> #N/A | E12: =VLOOKUP($B12,Sheet4!$B:$L,4,0) -> 24/10/2003 | F12: 23/10/2003 | G12: =VLOOKUP($B12,Sheet3!$B:$I,5,0) -> #N/A | H12: =VLOOKUP($B12,Sheet4!$B:$L,5,0) -> Bạc Liêu | I12: =VLOOKUP(B12,[1]Sheet3!$D:$K,5,0) -> #N/A | J12: Cà Màu | K12: =VLOOKUP($B12,Sheet3!$B:$I,6,0) -> #N/A | L12: =VLOOKUP($B12,Sheet4!$B:$L,10,0) -> Kinh | M12: Kinh | N12: =VLOOKUP($B12,Sheet3!$B:$I,7,0) -> #N/A | O12: =VLOOKUP($B12,Sheet4!$B:$L,11,0) -> 1440 | Q12: S24-63QT-Mar | R12: Quản trị Marketing | S12: K63 | T12: Chính quy | U12: 2.3 | V12: Hoàn thiện hoạt động chăm sóc khách hàng tại Showroom Vinfast - D1 | W12: ThS. Nguyễn Thị Diễm Trang | Y12: Bộ môn Kế toán và Quản trị kinh doanh
A13: 10 | B13: 2154027730 | C13: Vũ Thị Thuý Nhi | D13: =VLOOKUP(B13,Sheet3!$B:$I,3,0) -> #N/A | E13: =VLOOKUP($B13,Sheet4!$B:$L,4,0) -> 01/11/2003 | F13: 01/11/2003 | G13: =VLOOKUP($B13,Sheet3!$B:$I,5,0) -> #N/A | H13: =VLOOKUP($B13,Sheet4!$B:$L,5,0) -> Đăk Lăk | I13: =VLOOKUP(B13,[1]Sheet3!$D:$K,5,0) -> #N/A | J13: Đắk Lắk | K13: =VLOOKUP($B13,Sheet3!$B:$I,6,0) -> #N/A | L13: =VLOOKUP($B13,Sheet4!$B:$L,10,0) -> Kinh | M13: Kinh | N13: =VLOOKUP($B13,Sheet3!$B:$I,7,0) -> #N/A | O13: =VLOOKUP($B13,Sheet4!$B:$L,11,0) -> 231 | Q13: S24-63QT-Mar | R13: Quản trị Marketing | S13: K63 | T13: Chính quy | U13: 2.43 | V13: Hoàn thiện hoạt động marketing tại công ty đào tạo Dược Alophar. | W13: ThS. Nguyễn Thị Diễm Trang | Y13: Bộ môn Kế toán và Quản trị kinh doanh
A14: 11 | B14: 1954025556 | C14: Phạm Đàm Mỹ Duyên | D14: =VLOOKUP(B14,Sheet3!$B:$I,3,0) -> #N/A | E14: =VLOOKUP($B14,Sheet4!$B:$L,4,0) -> 13/07/2001 | F14: 13/07/2001 | G14: =VLOOKUP($B14,Sheet3!$B:$I,5,0) -> #N/A | H14: =VLOOKUP($B14,Sheet4!$B:$L,5,0) -> Thôn Phong Niên, Xã Hòa Thắng , Huyện Phú Hòa , Tỉnh Phú Yên | I14: =VLOOKUP(B14,[1]Sheet3!$D:$K,5,0) -> #N/A | J14: Đắk Lắk | K14: =VLOOKUP($B14,Sheet3!$B:$I,6,0) -> #N/A | L14: =VLOOKUP($B14,Sheet4!$B:$L,10,0) -> Kinh | M14: Kinh | N14: =VLOOKUP($B14,Sheet3!$B:$I,7,0) -> #N/A | O14: =VLOOKUP($B14,Sheet4!$B:$L,11,0) -> Không | Q14: S22-61QT-Mar | R14: Quản trị Marketing | S14: K61 | T14: Chính quy | U14: 1.91 | V14: Một số giải pháp hoàn thiện công tác tuyển dụng nhân sự tại Công ty Trách nhiệm hữu hạn Awards Shipping Agency Korea - Việt Nam | W14: ThS. Đỗ Duy Khương | Y14: Bộ môn Kế toán và Quản trị kinh doanh
A15: 12 | B15: 2054027653 | C15: Trần Thị Hải Yến | D15: =VLOOKUP(B15,Sheet3!$B:$I,3,0) -> 26/03/2002 | E15: =VLOOKUP($B15,Sheet4!$B:$L,4,0) -> 26/03/2002 | F15: 26/03/2002 | G15: =VLOOKUP($B15,Sheet3!$B:$I,5,0) -> 0 | H15: =VLOOKUP($B15,Sheet4!$B:$L,5,0) -> Lâm Đồng | I15: =VLOOKUP(B15,[1]Sheet3!$D:$K,5,0) -> #N/A | J15: Lâm Đồng | K15: =VLOOKUP($B15,Sheet3!$B:$I,6,0) -> 0 | L15: =VLOOKUP($B15,Sheet4!$B:$L,10,0) -> Kinh | M15: Kinh | N15: =VLOOKUP($B15,Sheet3!$B:$I,7,0) -> 0 | O15: =VLOOKUP($B15,Sheet4!$B:$L,11,0) -> 204 | Q15: S23-62QT-Mar | R15: Quản trị Marketing | S15: K62 | T15: Chính quy | U15: 2.11 | V15: Hoàn thiện hoạt động Digital Marketing tại Công ty Cổ phần Đầu tư và Phát triển Top Smiles | W15: ThS. Đỗ Duy Khương | Y15: Bộ môn Kế toán và Quản trị kinh doanh
A16: 13 | B16: 2054027441 | C16: Trần Lê Thanh Vy | D16: =VLOOKUP(B16,Sheet3!$B:$I,3,0) -> 24/04/2002 | E16: =VLOOKUP($B16,Sheet4!$B:$L,4,0) -> 24/04/2002 | F16: 24/04/2002 | G16: =VLOOKUP($B16,Sheet3!$B:$I,5,0) -> 0 | H16: =VLOOKUP($B16,Sheet4!$B:$L,5,0) -> Tp.Hồ Chí Minh | I16: =VLOOKUP(B16,[1]Sheet3!$D:$K,5,0) -> #N/A | J16: Thành phố Hồ Chí Minh | K16: =VLOOKUP($B16,Sheet3!$B:$I,6,0) -> 0 | L16: =VLOOKUP($B16,Sheet4!$B:$L,10,0) -> Kinh | M16: Kinh | N16: =VLOOKUP($B16,Sheet3!$B:$I,7,0) -> 0 | O16: =VLOOKUP($B16,Sheet4!$B:$L,11,0) -> 0 | Q16: S24-62QT-KDQT | R16: Quản trị kinh doanh quốc tế | S16: K62 | T16: Chính quy | U16: 1.79 | V16: Hoàn thiện công tác đào tạo nhân lực tại Ngân Hàng TMCP Quốc Dân - Chi nhánh Sài Gòn – Phòng giao dịch Lê Hồng Phong | W16: ThS. Đỗ Duy Khương | Y16: Bộ môn Kế toán và Quản trị kinh doanh
A17: 14 | B17: 2154027685 | C17: Vũ Văn Tú | D17: =VLOOKUP(B17,Sheet3!$B:$I,3,0) -> #N/A | E17: =VLOOKUP($B17,Sheet4!$B:$L,4,0) -> 15/09/2003 | F17: 15/09/2003 | G17: =VLOOKUP($B17,Sheet3!$B:$I,5,0) -> #N/A | H17: =VLOOKUP($B17,Sheet4!$B:$L,5,0) -> Đồng Nai | I17: =VLOOKUP(B17,[1]Sheet3!$D:$K,5,0) -> #N/A | J17: Đồng Nai | K17: =VLOOKUP($B17,Sheet3!$B:$I,6,0) -> #N/A | L17: =VLOOKUP($B17,Sheet4!$B:$L,10,0) -> Kinh | M17: Kinh | N17: =VLOOKUP($B17,Sheet3!$B:$I,7,0) -> #N/A | O17: =VLOOKUP($B17,Sheet4!$B:$L,11,0) -> 186 | Q17: S24-63QT-Mar | R17: Quản trị Marketing | S17: K63 | T17: Chính quy | U17: 2.09 | V17: Giải pháp hoàn thiện hoạt động Marketing mix tại Công ty Trách nhiệm hữu hạn Trung tâm Thể dục Thể hình và Yoga Victoria | W17: ThS. Đỗ Duy Khương | Y17: Bộ môn Kế toán và Quản trị kinh doanh
A18: 15 | B18: 2154027287 | C18: Trần Thị Thu Thương | D18: =VLOOKUP(B18,Sheet3!$B:$I,3,0) -> #N/A | E18: =VLOOKUP($B18,Sheet4!$B:$L,4,0) -> 30/01/2003 | F18: 30/01/2003 | G18: =VLOOKUP($B18,Sheet3!$B:$I,5,0) -> #N/A | H18: =VLOOKUP($B18,Sheet4!$B:$L,5,0) -> Quảng Nam | I18: =VLOOKUP(B18,[1]Sheet3!$D:$K,5,0) -> #N/A | J18: Đà Nẵng | K18: =VLOOKUP($B18,Sheet3!$B:$I,6,0) -> #N/A | L18: =VLOOKUP($B18,Sheet4!$B:$L,10,0) -> Kinh | M18: Kinh | N18: =VLOOKUP($B18,Sheet3!$B:$I,7,0) -> #N/A | O18: =VLOOKUP($B18,Sheet4!$B:$L,11,0) -> 1454 | Q18: S24-63QT-Mar | R18: Quản trị Marketing | S18: K63 | T18: Chính quy | U18: 2.31 | V18: Một số giải pháp hoàn thiện hoạt động môi giới chứng khoán tại Công ty Cổ phần Chứng khoán VPS – Chi nhánh Thành phố Hồ Chí Minh | W18: ThS. Đỗ Duy Khương | Y18: Bộ môn Kế toán và Quản trị kinh doanh
A19: 16 | B19: 2154027278 | C19: Cao Hỷ Phong | D19: =VLOOKUP(B19,Sheet3!$B:$I,3,0) -> #N/A | E19: =VLOOKUP($B19,Sheet4!$B:$L,4,0) -> 27/05/2003 | F19: 27/05/2003 | G19: =VLOOKUP($B19,Sheet3!$B:$I,5,0) -> #N/A | H19: =VLOOKUP($B19,Sheet4!$B:$L,5,0) -> BV HÙng Vương, Tp.HCM | I19: =VLOOKUP(B19,[1]Sheet3!$D:$K,5,0) -> Thành phố Hồ Chí Minh | J19: Thành phố Hồ Chí Minh | K19: =VLOOKUP($B19,Sheet3!$B:$I,6,0) -> #N/A | L19: =VLOOKUP($B19,Sheet4!$B:$L,10,0) -> Hoa | M19: Hoa | N19: =VLOOKUP($B19,Sheet3!$B:$I,7,0) -> #N/A | O19: =VLOOKUP($B19,Sheet4!$B:$L,11,0) -> 1445 | P19: Không | Q19: S24-63QT-KDQT | R19: Quản trị kinh doanh quốc tế | S19: K63 | T19: Chính quy | U19: 2.59 | V19: Hoàn thiện hoạt động công tác bán hàng tại Công ty TNHH Thương mại Quốc Tế Vĩnh Hòa Thịnh | W19: TS. Hà Kiên Tân | Y19: Bộ môn Kế toán và Quản trị kinh doanh
A20: 17 | B20: 2154027271 | C20: Huỳnh Thị Thanh Nghi | D20: =VLOOKUP(B20,Sheet3!$B:$I,3,0) -> #N/A | E20: =VLOOKUP($B20,Sheet4!$B:$L,4,0) -> 11/06/2003 | F20: 11/06/2003 | G20: =VLOOKUP($B20,Sheet3!$B:$I,5,0) -> #N/A | H20: =VLOOKUP($B20,Sheet4!$B:$L,5,0) -> Phú Yên | I20: =VLOOKUP(B20,[1]Sheet3!$D:$K,5,0) -> Khu phố 1 phường Phú Thạnh TP Tuy Hòa tỉnh Phú Yên | J20: Đắk Lắk | K20: =VLOOKUP($B20,Sheet3!$B:$I,6,0) -> #N/A | L20: =VLOOKUP($B20,Sheet4!$B:$L,10,0) -> Kinh | M20: Kinh | N20: =VLOOKUP($B20,Sheet3!$B:$I,7,0) -> #N/A | O20: =VLOOKUP($B20,Sheet4!$B:$L,11,0) -> 1438 | P20: Không | Q20: S24-63QT-KDQT | R20: Quản trị kinh doanh quốc tế | S20: K63 | T20: Chính quy | U20: 2.27 | V20: Hoàn thiện hoạt động truyền thông số tại Công ty cổ phần Bất động sản Thế Kỷ chi nhánh TP Hồ Chí Minh | W20: TS. Hà Kiên Tân | Y20: Bộ môn Kế toán và Quản trị kinh doanh
A21: 18 | B21: 2154027689 | C21: Đỗ Ngọc Linh | D21: =VLOOKUP(B21,Sheet3!$B:$I,3,0) -> #N/A | E21: =VLOOKUP($B21,Sheet4!$B:$L,4,0) -> 12/01/2003 | F21: 12/01/2003 | G21: =VLOOKUP($B21,Sheet3!$B:$I,5,0) -> #N/A | H21: =VLOOKUP($B21,Sheet4!$B:$L,5,0) -> Quảng Nam | I21: =VLOOKUP(B21,[1]Sheet3!$D:$K,5,0) -> #N/A | J21: Quảng Nam | K21: =VLOOKUP($B21,Sheet3!$B:$I,6,0) -> #N/A | L21: =VLOOKUP($B21,Sheet4!$B:$L,10,0) -> Kinh | M21: Kinh | N21: =VLOOKUP($B21,Sheet3!$B:$I,7,0) -> #N/A | O21: =VLOOKUP($B21,Sheet4!$B:$L,11,0) -> 190 | Q21: S24-63QT-Mar | R21: Quản trị Marketing | S21: K63 | T21: Chính quy | U21: 2.41 | V21: Hoàn thiện công tác đào tạo nguồn nhân lực tại Công ty Cổ phần Central Retail Corporation (Việt Nam) | W21: TS. Trần Thị Thanh Huyền | Y21: Bộ môn Kế toán và Quản trị kinh doanh
A22: 19 | B22: 2154027653 | C22: Vương Hà Châu | D22: =VLOOKUP(B22,Sheet3!$B:$I,3,0) -> #N/A | E22: =VLOOKUP($B22,Sheet4!$B:$L,4,0) -> 23/09/2003 | F22: 23/09/2003 | G22: =VLOOKUP($B22,Sheet3!$B:$I,5,0) -> #N/A | H22: =VLOOKUP($B22,Sheet4!$B:$L,5,0) -> Hà Tây | I22: =VLOOKUP(B22,[1]Sheet3!$D:$K,5,0) -> Tp Hà Nội | J22: Hà Nội | K22: =VLOOKUP($B22,Sheet3!$B:$I,6,0) -> #N/A | L22: =VLOOKUP($B22,Sheet4!$B:$L,10,0) -> Kinh | M22: Kinh | N22: =VLOOKUP($B22,Sheet3!$B:$I,7,0) -> #N/A | O22: =VLOOKUP($B22,Sheet4!$B:$L,11,0) -> 154 | P22: Không | Q22: S24-63QT-Mar | R22: Quản trị Marketing | S22: K63 | T22: Chính quy | U22: 2.49 | V22: Nâng cao chất lượng dịch vụ ngân hàng số tại ngân hàng TMCP Quân Đội chi nhánh Bắc Sài Gòn | W22: TS. Hà Kiên Tân | Y22: Bộ môn Kế toán và Quản trị kinh doanh
A23: 20 | B23: 2154027279 | C23: Lê Hoàng Phong | D23: =VLOOKUP(B23,Sheet3!$B:$I,3,0) -> #N/A | E23: =VLOOKUP($B23,Sheet4!$B:$L,4,0) -> 22/02/2003 | F23: 22/02/2003 | G23: =VLOOKUP($B23,Sheet3!$B:$I,5,0) -> #N/A | H23: =VLOOKUP($B23,Sheet4!$B:$L,5,0) -> BRVT | I23: =VLOOKUP(B23,[1]Sheet3!$D:$K,5,0) -> BÀ RỊA - VŨNG TÀU | J23: Thành phố Hồ Chí Minh | K23: =VLOOKUP($B23,Sheet3!$B:$I,6,0) -> #N/A | L23: =VLOOKUP($B23,Sheet4!$B:$L,10,0) -> 1446 | M23: Kinh | N23: =VLOOKUP($B23,Sheet3!$B:$I,7,0) -> #N/A | O23: =VLOOKUP($B23,Sheet4!$B:$L,11,0) -> 1446 | P23: Không | Q23: S24-63QT-Mar | R23: Quản trị Marketing | S23: K63 | T23: Chính quy | U23: 2.07 | V23: Hoàn thiện hoạt động chăm sóc khách hàng tại Công ty TNHH Thương mại KATA chi nhánh TP Hồ Chí Minh | W23: TS. Hà Kiên Tân | Y23: Bộ môn Kế toán và Quản trị kinh doanh
A24: 21 | B24: 2154077316 | C24: Trương Khả Vy | D24: =VLOOKUP(B24,Sheet3!$B:$I,3,0) -> #N/A | E24: =VLOOKUP($B24,Sheet4!$B:$L,4,0) -> 30/06/2003 | F24: 30/06/2003 | G24: =VLOOKUP($B24,Sheet3!$B:$I,5,0) -> #N/A | H24: =VLOOKUP($B24,Sheet4!$B:$L,5,0) -> Tỉnh Bình Định | I24: =VLOOKUP(B24,[1]Sheet3!$D:$K,5,0) -> Bệnh viện an nhơn | J24: Gia Lai | K24: =VLOOKUP($B24,Sheet3!$B:$I,6,0) -> #N/A | L24: =VLOOKUP($B24,Sheet4!$B:$L,10,0) -> Kinh | M24: Kinh | N24: =VLOOKUP($B24,Sheet3!$B:$I,7,0) -> #N/A | O24: =VLOOKUP($B24,Sheet4!$B:$L,11,0) -> Không | P24: Không | Q24: S24-63QT-Mar | R24: Quản trị Marketing | S24: K63 | T24: Chính quy | U24: 2.08 | V24: Nâng cao chất lượng dịch vụ khách hàng cá nhân tại ngân hàng Việt Nam Thịnh Vượng chi nhánh Quang Trung | W24: TS. Hà Kiên Tân | Y24: Bộ môn Kế toán và Quản trị kinh doanh
A25: 22 | B25: 2154027094 | C25: Đặng Thanh Hiền | D25: =VLOOKUP(B25,Sheet3!$B:$I,3,0) -> #N/A | E25: =VLOOKUP($B25,Sheet4!$B:$L,4,0) -> 11/06/2003 | F25: 11/06/2003 | G25: =VLOOKUP($B25,Sheet3!$B:$I,5,0) -> #N/A | H25: =VLOOKUP($B25,Sheet4!$B:$L,5,0) -> Tp.HCM | I25: =VLOOKUP(B25,[1]Sheet3!$D:$K,5,0) -> #N/A | J25: Thành phố Hồ Chí Minh | K25: =VLOOKUP($B25,Sheet3!$B:$I,6,0) -> #N/A | L25: =VLOOKUP($B25,Sheet4!$B:$L,10,0) -> Kinh | M25: Kinh | N25: =VLOOKUP($B25,Sheet3!$B:$I,7,0) -> #N/A | O25: =VLOOKUP($B25,Sheet4!$B:$L,11,0) -> 1261 | Q25: S24-63QT-Mar | R25: Quản trị Marketing | S25: K63 | T25: Chính quy | U25: 1.97 | V25: Hoàn thiện hoạt động công tác bán hàng tại Công ty cổ phần Đầu tư Goldwings | W25: TS. Hà Kiên Tân | Y25: Bộ môn Kế toán và Quản trị kinh doanh
A26: 23 | B26: 2154027262 | C26: Nguyễn Thị Lan | D26: =VLOOKUP(B26,Sheet3!$B:$I,3,0) -> #N/A | E26: =VLOOKUP($B26,Sheet4!$B:$L,4,0) -> 04/04/2002 | F26: 04/04/2002 | G26: =VLOOKUP($B26,Sheet3!$B:$I,5,0) -> #N/A | H26: =VLOOKUP($B26,Sheet4!$B:$L,5,0) -> 0 | I26: =VLOOKUP(B26,[1]Sheet3!$D:$K,5,0) -> Bắc Giang | J26: Bắc Ninh | K26: =VLOOKUP($B26,Sheet3!$B:$I,6,0) -> #N/A | L26: =VLOOKUP($B26,Sheet4!$B:$L,10,0) -> 1429 | M26: Kinh | N26: =VLOOKUP($B26,Sheet3!$B:$I,7,0) -> #N/A | O26: =VLOOKUP($B26,Sheet4!$B:$L,11,0) -> 1429 | P26: Không | Q26: S24-63QT-Mar | R26: Quản trị Marketing | S26: K63 | T26: Chính quy | U26: 2.26 | V26: Nâng cao hiệu quả hoạt động truyền thông trên mạng xã hội tại Công ty TNHH Trung Tâm Thể Dục Thể Hình & Yoga Victoria | W26: ThS. Tăng Thị Lưu | Y26: Bộ môn Kế toán và Quản trị kinh doanh
A27: 24 | B27: 2154027656 | C27: Trương Thị Phương Thảo | D27: =VLOOKUP(B27,Sheet3!$B:$I,3,0) -> #N/A | E27: =VLOOKUP($B27,Sheet4!$B:$L,4,0) -> 16/05/2003 | F27: 16/05/2003 | G27: =VLOOKUP($B27,Sheet3!$B:$I,5,0) -> #N/A | H27: =VLOOKUP($B27,Sheet4!$B:$L,5,0) -> Kiên Giang | I27: =VLOOKUP(B27,[1]Sheet3!$D:$K,5,0) -> #N/A | J27: An Giang | K27: =VLOOKUP($B27,Sheet3!$B:$I,6,0) -> #N/A | L27: =VLOOKUP($B27,Sheet4!$B:$L,10,0) -> 157 | M27: Kinh | N27: =VLOOKUP($B27,Sheet3!$B:$I,7,0) -> #N/A | O27: =VLOOKUP($B27,Sheet4!$B:$L,11,0) -> 157 | Q27: S24-63QT-Mar | R27: Quản trị Marketing | S27: K63 | T27: Chính quy | U27: 2.44 | V27: Nâng cao hiệu quả hoạt động bán hàng tại Công ty TNHH Khang Quân Home Việt Nam | W27: ThS. Tăng Thị Lưu | Y27: Bộ môn Kế toán và Quản trị kinh doanh
A28: 25 | B28: 2154027133 | C28: Nguyễn Thị Bích Trà | D28: =VLOOKUP(B28,Sheet3!$B:$I,3,0) -> #N/A | E28: =VLOOKUP($B28,Sheet4!$B:$L,4,0) -> 28/02/2003 | F28: 28/02/2003 | G28: =VLOOKUP($B28,Sheet3!$B:$I,5,0) -> #N/A | H28: =VLOOKUP($B28,Sheet4!$B:$L,5,0) -> Quảng Ngãi | I28: =VLOOKUP(B28,[1]Sheet3!$D:$K,5,0) -> #N/A | J28: Đắk Lắk | K28: =VLOOKUP($B28,Sheet3!$B:$I,6,0) -> #N/A | L28: =VLOOKUP($B28,Sheet4!$B:$L,10,0) -> Kinh | M28: Kinh | N28: =VLOOKUP($B28,Sheet3!$B:$I,7,0) -> #N/A | O28: =VLOOKUP($B28,Sheet4!$B:$L,11,0) -> 1300 | Q28: S24-63QT-Mar | R28: Quản trị Marketing | S28: K63 | T28: Chính quy | U28: 1.76 | V28: Giải pháp nâng cao hiệu quả hoạt động chăm sóc khách hàng tại Công ty Xuất Nhập Khẩu Thuốc Lá | W28: ThS. Tăng Thị Lưu | Y28: Bộ môn Kế toán và Quản trị kinh doanh
A29: 26 | B29: 2154027650 | C29: Lê Võ Giáng My | D29: =VLOOKUP(B29,Sheet3!$B:$I,3,0) -> #N/A | E29: =VLOOKUP($B29,Sheet4!$B:$L,4,0) -> 25/03/2003 | F29: 25/03/2003 | G29: =VLOOKUP($B29,Sheet3!$B:$I,5,0) -> #N/A | H29: =VLOOKUP($B29,Sheet4!$B:$L,5,0) -> BV NDGia Định, Tp.HCM | I29: =VLOOKUP(B29,[1]Sheet3!$D:$K,5,0) -> #N/A | J29: Thành phố Hồ Chí Minh | K29: =VLOOKUP($B29,Sheet3!$B:$I,6,0) -> #N/A | L29: =VLOOKUP($B29,Sheet4!$B:$L,10,0) -> 151 | M29: Kinh | N29: =VLOOKUP($B29,Sheet3!$B:$I,7,0) -> #N/A | O29: =VLOOKUP($B29,Sheet4!$B:$L,11,0) -> 151 | Q29: S24-63QT-Mar | R29: Quản trị Marketing | S29: K63 | T29: Chính quy | U29: 2.78 | V29: Xây dựng kế hoạch Digital Marketing cho Công ty TNHH MTV Hoàng Long Garden | W29: ThS. Tăng Thị Lưu | Y29: Bộ môn Kế toán và Quản trị kinh doanh
A30: 27 | B30: 2154027736 | C30: Trương Thị Hương Giang | D30: =VLOOKUP(B30,Sheet3!$B:$I,3,0) -> #N/A | E30: =VLOOKUP($B30,Sheet4!$B:$L,4,0) -> 20/05/2003 | F30: 20/05/2003 | G30: =VLOOKUP($B30,Sheet3!$B:$I,5,0) -> #N/A | H30: =VLOOKUP($B30,Sheet4!$B:$L,5,0) -> Đăk Lăk | I30: =VLOOKUP(B30,[1]Sheet3!$D:$K,5,0) -> #N/A | J30: Đắk Lắk | K30: =VLOOKUP($B30,Sheet3!$B:$I,6,0) -> #N/A | L30: =VLOOKUP($B30,Sheet4!$B:$L,10,0) -> Kinh | M30: Kinh | N30: =VLOOKUP($B30,Sheet3!$B:$I,7,0) -> #N/A | O30: =VLOOKUP($B30,Sheet4!$B:$L,11,0) -> 237 | Q30: S24-63QT-Mar | R30: Quản trị Marketing | S30: K63 | T30: Chính quy | U30: 2.04 | V30: Nâng cao hiệu quả hoạt động Marketing Online tại Công ty Địa Ốc Trường Thọ | W30: ThS. Tăng Thị Lưu | Y30: Bộ môn Kế toán và Quản trị kinh doanh
A31: 28 | B31: 2154027125 | C31: Bùi Trường Sơn | D31: =VLOOKUP(B31,Sheet3!$B:$I,3,0) -> #N/A | E31: =VLOOKUP($B31,Sheet4!$B:$L,4,0) -> 11/05/2003 | F31: 11/05/2003 | G31: =VLOOKUP($B31,Sheet3!$B:$I,5,0) -> #N/A | H31: =VLOOKUP($B31,Sheet4!$B:$L,5,0) -> Hải Phòng | I31: =VLOOKUP(B31,[1]Sheet3!$D:$K,5,0) -> #N/A | J31: Hải Phòng | K31: =VLOOKUP($B31,Sheet3!$B:$I,6,0) -> #N/A | L31: =VLOOKUP($B31,Sheet4!$B:$L,10,0) -> Kinh | M31: Kinh | N31: =VLOOKUP($B31,Sheet3!$B:$I,7,0) -> #N/A | O31: =VLOOKUP($B31,Sheet4!$B:$L,11,0) -> 1292 | Q31: S24-63QT-Mar | R31: Quản trị Marketing | S31: K63 | T31: Chính quy | U31: 2.17 | V31: Giải pháp nâng cao hiệu quả hoạt động truyền thông cho Công ty TNHH TVTK Xây dựng và PCCC Hải An | W31: ThS. Tăng Thị Lưu | Y31: Bộ môn Kế toán và Quản trị kinh doanh
A32: 29 | B32: 2154027904 | C32: Kiều Thị Kim Anh | D32: =VLOOKUP(B32,Sheet3!$B:$I,3,0) -> #N/A | E32: =VLOOKUP($B32,Sheet4!$B:$L,4,0) -> 17/11/2003 | F32: 17/11/2003 | G32: =VLOOKUP($B32,Sheet3!$B:$I,5,0) -> #N/A | H32: =VLOOKUP($B32,Sheet4!$B:$L,5,0) -> Tp.HCM | I32: =VLOOKUP(B32,[1]Sheet3!$D:$K,5,0) -> #N/A | J32: Thành phố Hồ Chí Minh | K32: =VLOOKUP($B32,Sheet3!$B:$I,6,0) -> #N/A | L32: =VLOOKUP($B32,Sheet4!$B:$L,10,0) -> Kinh | M32: Kinh | N32: =VLOOKUP($B32,Sheet3!$B:$I,7,0) -> #N/A | O32: =VLOOKUP($B32,Sheet4!$B:$L,11,0) -> 51 | Q32: S24-63QT-Mar | R32: Quản trị Marketing | S32: K63 | T32: Chính quy | U32: 1.89 | V32: Giải pháp Tối ưu hóa Kênh Phân phối nhằm Nâng cao Hiệu suất Bán hàng tại Công ty TNHH Pulmuone Việt Nam | W32: ThS. Tăng Thị Lưu | Y32: Bộ môn Kế toán và Quản trị kinh doanh
A33: 30 | B33: 2054027428 | C33: Nguyễn Ngọc Xuân Trang | D33: =VLOOKUP(B33,Sheet3!$B:$I,3,0) -> 29/10/2002 | E33: =VLOOKUP($B33,Sheet4!$B:$L,4,0) -> 29/10/2002 | F33: 29/10/2002 | G33: =VLOOKUP($B33,Sheet3!$B:$I,5,0) -> 0 | H33: =VLOOKUP($B33,Sheet4!$B:$L,5,0) -> An Giang | I33: =VLOOKUP(B33,[1]Sheet3!$D:$K,5,0) -> #N/A | J33: An Giang | K33: =VLOOKUP($B33,Sheet3!$B:$I,6,0) -> 0 | L33: =VLOOKUP($B33,Sheet4!$B:$L,10,0) -> Kinh | M33: Kinh | N33: =VLOOKUP($B33,Sheet3!$B:$I,7,0) -> 0 | O33: =VLOOKUP($B33,Sheet4!$B:$L,11,0) -> không | Q33: S24-62QT-Mar | R33: Quản trị Marketing | S33: K62 | T33: Chính quy | U33: 2.24 | V33: Thực trạng hoạt động marketing mix tại Công ty TNHH Tư vấn và Giáo dục Thiên Bảo | W33: TS. Trần Thị Thanh Huyền | Y33: Bộ môn Kế toán và Quản trị kinh doanh
A34: 31 | B34: 2154027723 | C34: Phạm Minh Quang | D34: =VLOOKUP(B34,Sheet3!$B:$I,3,0) -> #N/A | E34: =VLOOKUP($B34,Sheet4!$B:$L,4,0) -> 01/09/2003 | G34: =VLOOKUP($B34,Sheet3!$B:$I,5,0) -> #N/A | H34: =VLOOKUP($B34,Sheet4!$B:$L,5,0) -> Đăk Lăk | I34: =VLOOKUP(B34,[1]Sheet3!$D:$K,5,0) -> #N/A | K34: =VLOOKUP($B34,Sheet3!$B:$I,6,0) -> #N/A | L34: =VLOOKUP($B34,Sheet4!$B:$L,10,0) -> Kinh | N34: =VLOOKUP($B34,Sheet3!$B:$I,7,0) -> #N/A | O34: =VLOOKUP($B34,Sheet4!$B:$L,11,0) -> 224 | Q34: S24-63QT-KDQT | R34: Quản trị kinh doanh quốc tế | S34: K63 | T34: Chính quy | U34: 2.2 | V34: Hoàn thiện công tác chăm sóc khách hàng tại Công ty cổ phần CAD GROUP | W34: TS. Trần Thị Thanh Huyền | Y34: Bộ môn Kế toán và Quản trị kinh doanh
A35: 32 | B35: 2054027342 | C35: Phạm Cao Hiển | D35: =VLOOKUP(B35,Sheet3!$B:$I,3,0) -> 26/02/2002 | E35: =VLOOKUP($B35,Sheet4!$B:$L,4,0) -> 26/02/2001 | F35: 26/02/2001 | G35: =VLOOKUP($B35,Sheet3!$B:$I,5,0) -> 0 | H35: =VLOOKUP($B35,Sheet4!$B:$L,5,0) -> 0 | I35: =VLOOKUP(B35,[1]Sheet3!$D:$K,5,0) -> #N/A | J35: Thành phố Hồ Chí Minh | K35: =VLOOKUP($B35,Sheet3!$B:$I,6,0) -> 0 | L35: =VLOOKUP($B35,Sheet4!$B:$L,10,0) -> 0 | M35: Kinh | N35: =VLOOKUP($B35,Sheet3!$B:$I,7,0) -> 0 | O35: =VLOOKUP($B35,Sheet4!$B:$L,11,0) -> 0 | Q35: S24-63QT-KDQT | R35: Quản trị kinh doanh quốc tế | S35: K63 | T35: Chính quy | U35: 1.96 | V35: Hoàn thiện công tác chăm sóc khách hàng tại Công ty cổ phần Cashion | W35: TS. Trần Thị Thanh Huyền | Y35: Bộ môn Kế toán và Quản trị kinh doanh
A36: 33 | B36: 2154027661 | C36: Bùi Thị Phương Dung | D36: =VLOOKUP(B36,Sheet3!$B:$I,3,0) -> #N/A | E36: =VLOOKUP($B36,Sheet4!$B:$L,4,0) -> 02/06/2003 | F36: 02/06/2003 | G36: =VLOOKUP($B36,Sheet3!$B:$I,5,0) -> #N/A | H36: =VLOOKUP($B36,Sheet4!$B:$L,5,0) -> Thành phố Hồ Chí Minh | I36: =VLOOKUP(B36,[1]Sheet3!$D:$K,5,0) -> #N/A | J36: Thành phố Hồ Chí Minh | K36: =VLOOKUP($B36,Sheet3!$B:$I,6,0) -> #N/A | L36: =VLOOKUP($B36,Sheet4!$B:$L,10,0) -> Kinh | M36: Kinh | N36: =VLOOKUP($B36,Sheet3!$B:$I,7,0) -> #N/A | O36: =VLOOKUP($B36,Sheet4!$B:$L,11,0) -> Không | Q36: S24-63QT-KDQT | R36: Quản trị kinh doanh quốc tế | S36: K63 | T36: Chính quy | U36: 2.1 | V36: Hoạt động tuyển dụng tại Công ty TNHH Một Thành Viên TMDV Quốc Dũng: Thực trạng và giải pháp | W36: TS. Trần Thị Thanh Huyền | Y36: Bộ môn Kế toán và Quản trị kinh doanh
A37: 34 | B37: 2154025165 | C37: Nguyễn Khánh Vân | D37: =VLOOKUP(B37,Sheet3!$B:$I,3,0) -> #N/A | E37: =VLOOKUP($B37,Sheet4!$B:$L,4,0) -> 01/09/2003 | F37: 01/09/2003 | G37: =VLOOKUP($B37,Sheet3!$B:$I,5,0) -> #N/A | H37: =VLOOKUP($B37,Sheet4!$B:$L,5,0) -> Xã Vân Từ, huyện Phú Xuyên, thành phố Hà Nội | I37: =VLOOKUP(B37,[1]Sheet3!$D:$K,5,0) -> #N/A | J37: Hà Nội | K37: =VLOOKUP($B37,Sheet3!$B:$I,6,0) -> #N/A | L37: =VLOOKUP($B37,Sheet4!$B:$L,10,0) -> Kinh | M37: Kinh | N37: =VLOOKUP($B37,Sheet3!$B:$I,7,0) -> #N/A | O37: =VLOOKUP($B37,Sheet4!$B:$L,11,0) -> Không | Q37: S24-63QT-KDQT | R37: Quản trị kinh doanh quốc tế | S37: K63 | T37: Chính quy | U37: 2.48 | V37: Hoàn thiện công tác chăm sóc khách hàng tại Radisson Blu Resort Phú Quốc | W37: TS. Trần Thị Thanh Huyền | Y37: Bộ môn Kế toán và Quản trị kinh doanh
A38: 35 | B38: 2154027263 | C38: Nguyễn Thị Kiều Liên | D38: =VLOOKUP(B38,Sheet3!$B:$I,3,0) -> #N/A | E38: =VLOOKUP($B38,Sheet4!$B:$L,4,0) -> 20/12/2003 | F38: 20/12/2003 | G38: =VLOOKUP($B38,Sheet3!$B:$I,5,0) -> #N/A | H38: =VLOOKUP($B38,Sheet4!$B:$L,5,0) -> Phú Yên | I38: =VLOOKUP(B38,[1]Sheet3!$D:$K,5,0) -> Phú Yên | J38: Đắk Lắk | K38: =VLOOKUP($B38,Sheet3!$B:$I,6,0) -> #N/A | L38: =VLOOKUP($B38,Sheet4!$B:$L,10,0) -> Kinh | M38: Kinh | N38: =VLOOKUP($B38,Sheet3!$B:$I,7,0) -> #N/A | O38: =VLOOKUP($B38,Sheet4!$B:$L,11,0) -> 1430 | P38: Không | Q38: S24-63QT-KDQT | R38: Quản trị kinh doanh quốc tế | S38: K63 | T38: Chính quy | U38: 2.32 | V38: Hoạt động tuyển dụng tại công ty TNHH Tư vấn và Đầu Tư Vietland | W38: TS. Trần Thị Thanh Huyền | Y38: Bộ môn Kế toán và Quản trị kinh doanh
A39: 36 | B39: 2154077824 | C39: Trần Nguyễn Thông | D39: =VLOOKUP(B39,Sheet3!$B:$I,3,0) -> #N/A | E39: =VLOOKUP($B39,Sheet4!$B:$L,4,0) -> 13/10/2003 | F39: 13/10/2003 | G39: =VLOOKUP($B39,Sheet3!$B:$I,5,0) -> #N/A | H39: =VLOOKUP($B39,Sheet4!$B:$L,5,0) -> Hóc môn, Tp.HCM | I39: =VLOOKUP(B39,[1]Sheet3!$D:$K,5,0) -> TPHCM | J39: Thành phố Hồ Chí Minh | K39: =VLOOKUP($B39,Sheet3!$B:$I,6,0) -> #N/A | L39: =VLOOKUP($B39,Sheet4!$B:$L,10,0) -> Kinh | M39: Kinh | N39: =VLOOKUP($B39,Sheet3!$B:$I,7,0) -> #N/A | O39: =VLOOKUP($B39,Sheet4!$B:$L,11,0) -> 325 | P39: Không | Q39: S24-63LG1 | R39: Logistics và quản lý chuỗi cung ứng | S39: K63 | T39: Chính quy | U39: 2.37 | V39: Thúc đẩy hoạt động bán hàng tại Công ty TNHH TMDV Việt Nhất Nghệ | W39: TS. Trần Văn Biên | X39: ThS. Phạm Thị Duấn | Y39: Bộ môn Kế toán và Quản trị kinh doanh
A40: 37 | B40: 2154077878 | C40: Nguyễn Văn Linh | D40: =VLOOKUP(B40,Sheet3!$B:$I,3,0) -> #N/A | E40: =VLOOKUP($B40,Sheet4!$B:$L,4,0) -> 29/10/2003 | F40: 29/10/2003 | G40: =VLOOKUP($B40,Sheet3!$B:$I,5,0) -> #N/A | H40: =VLOOKUP($B40,Sheet4!$B:$L,5,0) -> Bình Định | I40: =VLOOKUP(B40,[1]Sheet3!$D:$K,5,0) -> Xã Mỹ Quang, huyện Phù Mỹ, tỉnh Bình Định | J40: Gia Lai | K40: =VLOOKUP($B40,Sheet3!$B:$I,6,0) -> #N/A | L40: =VLOOKUP($B40,Sheet4!$B:$L,10,0) -> Kinh | M40: Kinh | N40: =VLOOKUP($B40,Sheet3!$B:$I,7,0) -> #N/A | O40: =VLOOKUP($B40,Sheet4!$B:$L,11,0) -> 379 | P40: Không | Q40: S24-63LG1 | R40: Logistics và quản lý chuỗi cung ứng | S40: K63 | T40: Chính quy | U40: 2.1 | V40: Hoàn thiện quy trình nhập khẩu hàng hóa nguyên container bằng đường biển tại Công ty TNHH MTV Ứng Dụng Công Nghệ Kỹ Thuật Nhựa Âu Lạc | W40: TS. Trần Văn Biên | X40: ThS. Phạm Thị Duấn | Y40: Bộ môn Kế toán và Quản trị kinh doanh
A41: 38 | B41: 2154077855 | C41: Đỗ Ngọc Quân | D41: =VLOOKUP(B41,Sheet3!$B:$I,3,0) -> #N/A | E41: =VLOOKUP($B41,Sheet4!$B:$L,4,0) -> 03/10/2003 | F41: 03/10/2003 | G41: =VLOOKUP($B41,Sheet3!$B:$I,5,0) -> #N/A | H41: =VLOOKUP($B41,Sheet4!$B:$L,5,0) -> Tp.HCM | I41: =VLOOKUP(B41,[1]Sheet3!$D:$K,5,0) -> Thành phố Hồ Chí Minh | J41: Thành phố Hồ Chí Minh | K41: =VLOOKUP($B41,Sheet3!$B:$I,6,0) -> #N/A | L41: =VLOOKUP($B41,Sheet4!$B:$L,10,0) -> Hoa | M41: Hoa | N41: =VLOOKUP($B41,Sheet3!$B:$I,7,0) -> #N/A | O41: =VLOOKUP($B41,Sheet4!$B:$L,11,0) -> 356 | P41: Không | Q41: S24-63LG1 | R41: Logistics và quản lý chuỗi cung ứng | S41: K63 | T41: Chính quy | U41: 3.26 | V41: Hoàn thiện quy trình xuất khẩu hàng hóa nguyên container bằng đường biển tại công ty TNHH Dừa Định Phú Mỹ | W41: TS. Trần Văn Biên | X41: ThS. Phạm Thị Duấn | Y41: Bộ môn Kế toán và Quản trị kinh doanh
A42: 39 | B42: 2154077848 | C42: Nguyễn Phạm Nguyệt Anh | D42: =VLOOKUP(B42,Sheet3!$B:$I,3,0) -> #N/A | E42: =VLOOKUP($B42,Sheet4!$B:$L,4,0) -> 07/09/2003 | F42: 07/09/2003 | G42: =VLOOKUP($B42,Sheet3!$B:$I,5,0) -> #N/A | H42: =VLOOKUP($B42,Sheet4!$B:$L,5,0) -> Đồng Nai | I42: =VLOOKUP(B42,[1]Sheet3!$D:$K,5,0) -> Đồng Nai | J42: Đồng Nai | K42: =VLOOKUP($B42,Sheet3!$B:$I,6,0) -> #N/A | L42: =VLOOKUP($B42,Sheet4!$B:$L,10,0) -> Kinh | M42: Kinh | N42: =VLOOKUP($B42,Sheet3!$B:$I,7,0) -> #N/A | O42: =VLOOKUP($B42,Sheet4!$B:$L,11,0) -> 349 | P42: Không | Q42: S24-63LG1 | R42: Logistics và quản lý chuỗi cung ứng | S42: K63 | T42: Chính quy | U42: 2.47 | V42: Hoàn thiện hoạt động logistics tại Công ty TNHH Ống Gang Cầu Đài Việt | W42: TS. Trần Văn Biên | X42: ThS. Phạm Thị Duấn | Y42: Bộ môn Kế toán và Quản trị kinh doanh
A43: 40 | B43: 2154077860 | C43: Lê Đinh Ánh | D43: =VLOOKUP(B43,Sheet3!$B:$I,3,0) -> #N/A | E43: =VLOOKUP($B43,Sheet4!$B:$L,4,0) -> 12/11/2003 | F43: 12/11/2003 | G43: =VLOOKUP($B43,Sheet3!$B:$I,5,0) -> #N/A | H43: =VLOOKUP($B43,Sheet4!$B:$L,5,0) -> Bình Định | I43: =VLOOKUP(B43,[1]Sheet3!$D:$K,5,0) -> #N/A | J43: Gia Lai | K43: =VLOOKUP($B43,Sheet3!$B:$I,6,0) -> #N/A | L43: =VLOOKUP($B43,Sheet4!$B:$L,10,0) -> Kinh | M43: Kinh | N43: =VLOOKUP($B43,Sheet3!$B:$I,7,0) -> #N/A | O43: =VLOOKUP($B43,Sheet4!$B:$L,11,0) -> 361 | Q43: S24-63LG1 | R43: Logistics và quản lý chuỗi cung ứng | S43: K63 | T43: Chính quy | U43: 2.19 | V43: Hoàn thiện hoạt động giao nhận hàng hóa bằng đường bộ tại Công ty CP Asian Group | W43: TS. Trần Văn Biên | X43: ThS. Phạm Thị Duấn | Y43: Bộ môn Kế toán và Quản trị kinh doanh
A44: 41 | B44: 2154077854 | C44: Chu Thị Hồng Nhung | D44: =VLOOKUP(B44,Sheet3!$B:$I,3,0) -> #N/A | E44: =VLOOKUP($B44,Sheet4!$B:$L,4,0) -> 04/01/2003 | F44: 04/01/2003 | G44: =VLOOKUP($B44,Sheet3!$B:$I,5,0) -> #N/A | H44: =VLOOKUP($B44,Sheet4!$B:$L,5,0) -> Kon Tum | I44: =VLOOKUP(B44,[1]Sheet3!$D:$K,5,0) -> Kon Tum | J44: Quảng Ngãi | K44: =VLOOKUP($B44,Sheet3!$B:$I,6,0) -> #N/A | L44: =VLOOKUP($B44,Sheet4!$B:$L,10,0) -> Kinh | M44: Kinh | N44: =VLOOKUP($B44,Sheet3!$B:$I,7,0) -> #N/A | O44: =VLOOKUP($B44,Sheet4!$B:$L,11,0) -> 355 | P44: Không | Q44: S24-63LG1 | R44: Logistics và quản lý chuỗi cung ứng | S44: K63 | T44: Chính quy | U44: 1.96 | V44: Hoàn thiện quy trình xuất khẩu sản phẩm đồ chơi cho thú cưng từ gỗ, cà phê tại Công ty TNHH Expad | W44: TS. Trần Văn Biên | X44: ThS. Phạm Thị Duấn | Y44: Bộ môn Kế toán và Quản trị kinh doanh
A45: 42 | B45: 2154077313 | C45: Vũ Trí Thành | D45: =VLOOKUP(B45,Sheet3!$B:$I,3,0) -> #N/A | E45: =VLOOKUP($B45,Sheet4!$B:$L,4,0) -> 01/07/2003 | F45: 01/07/2003 | G45: =VLOOKUP($B45,Sheet3!$B:$I,5,0) -> #N/A | H45: =VLOOKUP($B45,Sheet4!$B:$L,5,0) -> BV Hùng Vương, Tp.HCM | I45: =VLOOKUP(B45,[1]Sheet3!$D:$K,5,0) -> Tp.HCM | J45: Thành phố Hồ Chí Minh | K45: =VLOOKUP($B45,Sheet3!$B:$I,6,0) -> #N/A | L45: =VLOOKUP($B45,Sheet4!$B:$L,10,0) -> Kinh | M45: Kinh | N45: =VLOOKUP($B45,Sheet3!$B:$I,7,0) -> #N/A | O45: =VLOOKUP($B45,Sheet4!$B:$L,11,0) -> 1480 | P45: Không | Q45: S24-63LG1 | R45: Logistics và quản lý chuỗi cung ứng | S45: K63 | T45: Chính quy | U45: 2.33 | V45: Nâng cao năng lực cạnh tranh kho ngoại quan của Công ty Cổ phần Transimex tại khu vực Miền Nam | W45: ThS. Trần Đức Thành | Y45: Bộ môn Kế toán và Quản trị kinh doanh
A46: 43 | B46: 2154077900 | C46: Nguyễn Trung Toàn | D46: =VLOOKUP(B46,Sheet3!$B:$I,3,0) -> #N/A | E46: =VLOOKUP($B46,Sheet4!$B:$L,4,0) -> 29/01/2003 | F46: 29/01/2003 | G46: =VLOOKUP($B46,Sheet3!$B:$I,5,0) -> #N/A | H46: =VLOOKUP($B46,Sheet4!$B:$L,5,0) -> Hộ sinh tân bình, Tp.HCM | I46: =VLOOKUP(B46,[1]Sheet3!$D:$K,5,0) -> Thành phố Hồ Chí Minh | J46: Thành phố Hồ Chí Minh | K46: =VLOOKUP($B46,Sheet3!$B:$I,6,0) -> #N/A | L46: =VLOOKUP($B46,Sheet4!$B:$L,10,0) -> Kinh | M46: Kinh | N46: =VLOOKUP($B46,Sheet3!$B:$I,7,0) -> #N/A | O46: =VLOOKUP($B46,Sheet4!$B:$L,11,0) -> 401 | P46: Không | Q46: S24-63LG1 | R46: Logistics và quản lý chuỗi cung ứng | S46: K63 | T46: Chính quy | U46: 1.96 | V46: Thực trạng và giải pháp quy trình khai thác hàng nhập tại Công ty Cổ phần Dịch vụ Hàng hóa Sài Gòn SCSC | W46: ThS. Nguyễn Thị Hồng Hạnh | Y46: Bộ môn Kế toán và Quản trị kinh doanh
A47: 44 | B47: 2154037301 | C47: Quách Thị Bảo Nhi | D47: =VLOOKUP(B47,Sheet3!$B:$I,3,0) -> #N/A | E47: =VLOOKUP($B47,Sheet4!$B:$L,4,0) -> 13/12/2003 | F47: 13/12/2003 | G47: =VLOOKUP($B47,Sheet3!$B:$I,5,0) -> #N/A | H47: =VLOOKUP($B47,Sheet4!$B:$L,5,0) -> An Giang | I47: =VLOOKUP(B47,[1]Sheet3!$D:$K,5,0) -> Thị trấn Thường Thới Tiền, huyện Hồng Ngự, tỉnh Đồng Tháp | J47: Đồng Tháp | K47: =VLOOKUP($B47,Sheet3!$B:$I,6,0) -> #N/A | L47: =VLOOKUP($B47,Sheet4!$B:$L,10,0) -> Kinh | M47: Kinh | N47: =VLOOKUP($B47,Sheet3!$B:$I,7,0) -> #N/A | O47: =VLOOKUP($B47,Sheet4!$B:$L,11,0) -> 1468 | P47: Phật | Q47: S24-63LG2 | R47: Logistics và quản lý chuỗi cung ứng | S47: K63 | T47: Chính quy | U47: 2.59 | V47: Quy trình nghiệp vụ giao nhận hàng nhập khẩu nguyên container bằng đường biển tại Công ty TNHH Thương mại và Dịch vụ Hàng hóa AOL | W47: ThS. Nguyễn Thị Hồng Hạnh | Y47: Bộ môn Kế toán và Quản trị kinh doanh
A48: 45 | B48: 2154077823 | C48: Lê Thị Minh Hiếu | D48: =VLOOKUP(B48,Sheet3!$B:$I,3,0) -> #N/A | E48: =VLOOKUP($B48,Sheet4!$B:$L,4,0) -> 17/11/2003 | F48: 17/11/2003 | G48: =VLOOKUP($B48,Sheet3!$B:$I,5,0) -> #N/A | H48: =VLOOKUP($B48,Sheet4!$B:$L,5,0) -> Phú Yên | I48: =VLOOKUP(B48,[1]Sheet3!$D:$K,5,0) -> Đắk Lắk | J48: Đắk Lắk | K48: =VLOOKUP($B48,Sheet3!$B:$I,6,0) -> #N/A | L48: =VLOOKUP($B48,Sheet4!$B:$L,10,0) -> Kinh | M48: Kinh | N48: =VLOOKUP($B48,Sheet3!$B:$I,7,0) -> #N/A | O48: =VLOOKUP($B48,Sheet4!$B:$L,11,0) -> 324 | P48: Không | Q48: S24-63LG2 | R48: Logistics và quản lý chuỗi cung ứng | S48: K63 | T48: Chính quy | U48: 2.79 | V48: Quy trình giao nhận hàng hóa xuất khẩu tại Công ty TNHH Thương mại và Dịch vụ Đắc Hội - Thực trạng và Giải pháp | W48: ThS. Nguyễn Thị Hồng Hạnh | Y48: Bộ môn Kế toán và Quản trị kinh doanh
A49: 46 | B49: 2154077889 | C49: Nguyễn Kỳ Vỹ | D49: =VLOOKUP(B49,Sheet3!$B:$I,3,0) -> #N/A | E49: =VLOOKUP($B49,Sheet4!$B:$L,4,0) -> 10/10/2003 | F49: 10/10/2003 | G49: =VLOOKUP($B49,Sheet3!$B:$I,5,0) -> #N/A | H49: =VLOOKUP($B49,Sheet4!$B:$L,5,0) -> Tp.HCM | I49: =VLOOKUP(B49,[1]Sheet3!$D:$K,5,0) -> TP HCM | J49: Thành phố Hồ Chí Minh | K49: =VLOOKUP($B49,Sheet3!$B:$I,6,0) -> #N/A | L49: =VLOOKUP($B49,Sheet4!$B:$L,10,0) -> Kinh | M49: Kinh | N49: =VLOOKUP($B49,Sheet3!$B:$I,7,0) -> #N/A | O49: =VLOOKUP($B49,Sheet4!$B:$L,11,0) -> 390 | P49: Không | Q49: S24-63LG2 | R49: Logistics và quản lý chuỗi cung ứng | S49: K63 | T49: Chính quy | U49: 2.03 | V49: Quy trình kinh doanh dịch vụ logistics tại Công ty TNHH Thương Mại Dịch Vụ Tân Thông Hội- Thực trạng và Giải pháp | W49: ThS. Nguyễn Thị Hồng Hạnh | Y49: Bộ môn Kế toán và Quản trị kinh doanh
A50: 47 | B50: 2154077886 | C50: Nguyễn Thị Như Bình | D50: =VLOOKUP(B50,Sheet3!$B:$I,3,0) -> #N/A | E50: =VLOOKUP($B50,Sheet4!$B:$L,4,0) -> 20/04/2003 | F50: 20/04/2003 | G50: =VLOOKUP($B50,Sheet3!$B:$I,5,0) -> #N/A | H50: =VLOOKUP($B50,Sheet4!$B:$L,5,0) -> Bình Định | I50: =VLOOKUP(B50,[1]Sheet3!$D:$K,5,0) -> Xóm 2 Thuận Hiệp/xa Bình Thuận/Huyen Tây Sơn/Tinh Bình Định | J50: Gia Lai | K50: =VLOOKUP($B50,Sheet3!$B:$I,6,0) -> #N/A | L50: =VLOOKUP($B50,Sheet4!$B:$L,10,0) -> Kinh | M50: Kinh | N50: =VLOOKUP($B50,Sheet3!$B:$I,7,0) -> #N/A | O50: =VLOOKUP($B50,Sheet4!$B:$L,11,0) -> 387 | P50: Không | Q50: S24-63LG2 | R50: Logistics và quản lý chuỗi cung ứng | S50: K63 | T50: Chính quy | U50: 2.5 | V50: Quy trình xuất, nhập khẩu hàng hóa bằng đường hàng không tại Công ty TNHH SHIPOFFER | W50: ThS. Nguyễn Thị Hồng Hạnh | Y50: Bộ môn Kế toán và Quản trị kinh doanh
A51: 48 | B51: 2154077387 | C51: Nguyễn Thị Thanh Ngân | D51: =VLOOKUP(B51,Sheet3!$B:$I,3,0) -> 05/02/2003 | E51: =VLOOKUP($B51,Sheet4!$B:$L,4,0) -> 02/05/2003 | F51: 05/02/2003 | G51: =VLOOKUP($B51,Sheet3!$B:$I,5,0) -> 0 | H51: =VLOOKUP($B51,Sheet4!$B:$L,5,0) -> Kon Tum | I51: =VLOOKUP(B51,[1]Sheet3!$D:$K,5,0) -> KON TUM | J51: Quãng Ngãi | K51: =VLOOKUP($B51,Sheet3!$B:$I,6,0) -> 0 | L51: =VLOOKUP($B51,Sheet4!$B:$L,10,0) -> Kinh | M51: KINH | N51: =VLOOKUP($B51,Sheet3!$B:$I,7,0) -> 0 | O51: =VLOOKUP($B51,Sheet4!$B:$L,11,0) -> 49 | P51: Không | Q51: S24-63LG2 | R51: Logistics và quản lý chuỗi cung ứng | S51: K63 | T51: Chính quy | U51: 3.23 | V51: Hoàn thiện hoạt động giao nhận hàng hóa nhập khẩu nguyên container bằng đường biển tại Công ty TNHH TM VÀ DV VẠN HẢI | W51: TS. Trần Văn Biên | X51: ThS. Phạm Thị Duấn | Y51: Bộ môn Kế toán và Quản trị kinh doanh
A52: 49 | B52: 2154077893 | C52: Trần Thị Thu Thảo | D52: =VLOOKUP(B52,Sheet3!$B:$I,3,0) -> #N/A | E52: =VLOOKUP($B52,Sheet4!$B:$L,4,0) -> 03/01/2003 | F52: 03/01/2003 | G52: =VLOOKUP($B52,Sheet3!$B:$I,5,0) -> #N/A | H52: =VLOOKUP($B52,Sheet4!$B:$L,5,0) -> Bình Định | I52: =VLOOKUP(B52,[1]Sheet3!$D:$K,5,0) -> Bình Định | J52: Gia Lai | K52: =VLOOKUP($B52,Sheet3!$B:$I,6,0) -> #N/A | L52: =VLOOKUP($B52,Sheet4!$B:$L,10,0) -> Kinh | M52: Kinh | N52: =VLOOKUP($B52,Sheet3!$B:$I,7,0) -> #N/A | O52: =VLOOKUP($B52,Sheet4!$B:$L,11,0) -> 394 | P52: Không | Q52: S24-63LG2 | R52: Logistics và quản lý chuỗi cung ứng | S52: K63 | T52: Chính quy | U52: 1.91 | V52: Phân tích hoạt động quản lý kho vật liệu xây dựng tại Công ty TNHH đầu tư xây dựng Sơn Phát | W52: TS. Trần Văn Biên | X52: ThS. Phạm Thị Duấn | Y52: Bộ môn Kế toán và Quản trị kinh doanh
A53: 50 | B53: 2154077901 | C53: Lê Thị Sáu | D53: =VLOOKUP(B53,Sheet3!$B:$I,3,0) -> #N/A | E53: =VLOOKUP($B53,Sheet4!$B:$L,4,0) -> 10/01/2003 | G53: =VLOOKUP($B53,Sheet3!$B:$I,5,0) -> #N/A | H53: =VLOOKUP($B53,Sheet4!$B:$L,5,0) -> Quảng nam | I53: =VLOOKUP(B53,[1]Sheet3!$D:$K,5,0) -> #N/A | K53: =VLOOKUP($B53,Sheet3!$B:$I,6,0) -> #N/A | L53: =VLOOKUP($B53,Sheet4!$B:$L,10,0) -> Kinh | N53: =VLOOKUP($B53,Sheet3!$B:$I,7,0) -> #N/A | O53: =VLOOKUP($B53,Sheet4!$B:$L,11,0) -> 402 | Q53: S24-63LG2 | R53: Logistics và quản lý chuỗi cung ứng | S53: K63 | T53: Chính quy | U53: 2.02 | V53: Giải pháp đẩy mạnh xuất khẩu sản phẩm đồ chơi cho thú cưng từ gỗ và cà phê tại Công ty TNHH Xuất Nhập Khẩu EXPAD | W53: ThS. Trần Đức Thành | Y53: Bộ môn Kế toán và Quản trị kinh doanh
A54: 51 | B54: 2154077857 | C54: Nguyễn Thị Kim Yến | D54: =VLOOKUP(B54,Sheet3!$B:$I,3,0) -> #N/A | E54: =VLOOKUP($B54,Sheet4!$B:$L,4,0) -> 25/03/2002 | F54: 25/03/2002 | G54: =VLOOKUP($B54,Sheet3!$B:$I,5,0) -> #N/A | H54: =VLOOKUP($B54,Sheet4!$B:$L,5,0) -> Bình Phước | I54: =VLOOKUP(B54,[1]Sheet3!$D:$K,5,0) -> Bình Phước | J54: Đồng Nai | K54: =VLOOKUP($B54,Sheet3!$B:$I,6,0) -> #N/A | L54: =VLOOKUP($B54,Sheet4!$B:$L,10,0) -> Kinh | M54: kinh | N54: =VLOOKUP($B54,Sheet3!$B:$I,7,0) -> #N/A | O54: =VLOOKUP($B54,Sheet4!$B:$L,11,0) -> Công giáo | P54: Tin Lành | Q54: S24-63LG2 | R54: Logistics và quản lý chuỗi cung ứng | S54: K63 | T54: Chính quy | U54: 2.5 | V54: Giải pháp nâng cao hiệu quả quy trình xuất khẩu 1 lô hàng nguyên container bằng đường biển tại CÔNG TY CỔ PHẦN THƯƠNG MẠI DỊCH VỤ GIAO NHẬN VẬN TẢI - THỦY BỘ MINH TÂN | W54: ThS. Trần Đức Thành | Y54: Bộ môn Kế toán và Quản trị kinh doanh
A55: 52 | B55: 2154077386 | C55: Nguyễn Thị Phương Minh | D55: =VLOOKUP(B55,Sheet3!$B:$I,3,0) -> 22/12/2003 | E55: =VLOOKUP($B55,Sheet4!$B:$L,4,0) -> 22/12/2003 | F55: 22/12/2025 | G55: =VLOOKUP($B55,Sheet3!$B:$I,5,0) -> 0 | H55: =VLOOKUP($B55,Sheet4!$B:$L,5,0) -> Đăk Lăk | I55: =VLOOKUP(B55,[1]Sheet3!$D:$K,5,0) -> Đak Lak | J55: Đắk Lắk | K55: =VLOOKUP($B55,Sheet3!$B:$I,6,0) -> 0 | L55: =VLOOKUP($B55,Sheet4!$B:$L,10,0) -> Kinh | M55: Kinh | N55: =VLOOKUP($B55,Sheet3!$B:$I,7,0) -> 0 | O55: =VLOOKUP($B55,Sheet4!$B:$L,11,0) -> 48 | P55: Không | Q55: S24-63LG2 | R55: Logistics và quản lý chuỗi cung ứng | S55: K63 | T55: Chính quy | U55: 2.48 | V55: Ứng dụng công nghệ số trong việc nâng cao dịch vụ khách hàng tại J&T Express | W55: ThS. Trần Đức Thành | Y55: Bộ môn Kế toán và Quản trị kinh doanh
A56: 53 | B56: 2054037737 | C56: Nguyễn Thị Bích Ngân | D56: =VLOOKUP(B56,Sheet3!$B:$I,3,0) -> 28/04/2002 | E56: =VLOOKUP($B56,Sheet4!$B:$L,4,0) -> 28/04/2002 | F56: 28/04/2002 | G56: =VLOOKUP($B56,Sheet3!$B:$I,5,0) -> 0 | H56: =VLOOKUP($B56,Sheet4!$B:$L,5,0) -> Tỉnh Bình Định | I56: =VLOOKUP(B56,[1]Sheet3!$D:$K,5,0) -> Bình Định | J56: Gia lai | K56: =VLOOKUP($B56,Sheet3!$B:$I,6,0) -> 0 | L56: =VLOOKUP($B56,Sheet4!$B:$L,10,0) -> Kinh | M56: Kinh | N56: =VLOOKUP($B56,Sheet3!$B:$I,7,0) -> 0 | O56: =VLOOKUP($B56,Sheet4!$B:$L,11,0) -> Không | P56: Không | Q56: S23-62KT | R56: Kế toán | S56: K62 | T56: Chính quy | U56: 2.47 | V56: Kế toán tiền lương và các khoản trích theo lương tại Công ty TNHH MTV Kho Vận Sài Gòn Co.op | W56: ThS. Lữ Thị Thanh Thúy | Y56: Bộ môn Kế toán và Quản trị kinh doanh
A57: 54 | B57: 2154037380 | C57: Nguyễn Thị Oanh | D57: =VLOOKUP(B57,Sheet3!$B:$I,3,0) -> 05/12/2002 | E57: =VLOOKUP($B57,Sheet4!$B:$L,4,0) -> 12/05/2002 | F57: 12/05/2002 | G57: =VLOOKUP($B57,Sheet3!$B:$I,5,0) -> 0 | H57: =VLOOKUP($B57,Sheet4!$B:$L,5,0) -> Nghệ An | I57: =VLOOKUP(B57,[1]Sheet3!$D:$K,5,0) -> Nghệ An | J57: Nghệ An | K57: =VLOOKUP($B57,Sheet3!$B:$I,6,0) -> 0 | L57: =VLOOKUP($B57,Sheet4!$B:$L,10,0) -> Kinh | M57: Kinh | N57: =VLOOKUP($B57,Sheet3!$B:$I,7,0) -> 0 | O57: =VLOOKUP($B57,Sheet4!$B:$L,11,0) -> 42 | P57: Không | Q57: S24-63KT | R57: Kế toán | S57: K63 | T57: Chính quy | U57: 2.59 | V57: Kế toán thanh toán với người bán, người mua tại Công ty CP dịch vụ đầu tư SAIGON HEALTHCARE | W57: ThS. Đỗ Thị Thu Thủy | Y57: Bộ môn Kế toán và Quản trị kinh doanh
A58: 55 | B58: 2154027124 | C58: Nguyễn Thị Xuân Quỳnh | D58: =VLOOKUP(B58,Sheet3!$B:$I,3,0) -> #N/A | E58: =VLOOKUP($B58,Sheet4!$B:$L,4,0) -> 10/10/2003 | F58: 10/10/2003 | G58: =VLOOKUP($B58,Sheet3!$B:$I,5,0) -> #N/A | H58: =VLOOKUP($B58,Sheet4!$B:$L,5,0) -> Ninh Thuận | I58: =VLOOKUP(B58,[1]Sheet3!$D:$K,5,0) -> Ninh Thuận | J58: Khánh Hòa | K58: =VLOOKUP($B58,Sheet3!$B:$I,6,0) -> #N/A | L58: =VLOOKUP($B58,Sheet4!$B:$L,10,0) -> Kinh | M58: Kinh | N58: =VLOOKUP($B58,Sheet3!$B:$I,7,0) -> #N/A | O58: =VLOOKUP($B58,Sheet4!$B:$L,11,0) -> 1291 | P58: Không | Q58: S24-63KT | R58: Kế toán | S58: K63 | T58: Chính quy | U58: 2.21 | V58: Kế toán thanh toán với người mua, người bán tại Công Ty Cổ Phần Tập Đoàn UNIS | W58: ThS. Nguyễn Thị Diện | Y58: Bộ môn Kế toán và Quản trị kinh doanh
A59: 56 | B59: 2154037384 | C59: Trần Thị Hoài Thu | D59: =VLOOKUP(B59,Sheet3!$B:$I,3,0) -> 05/02/1997 | E59: =VLOOKUP($B59,Sheet4!$B:$L,4,0) -> 02/05/1997 | F59: 05/02/1997 | G59: =VLOOKUP($B59,Sheet3!$B:$I,5,0) -> 0 | H59: =VLOOKUP($B59,Sheet4!$B:$L,5,0) -> Hà Tĩnh | I59: =VLOOKUP(B59,[1]Sheet3!$D:$K,5,0) -> Hà Tĩnh | J59: Hà Tĩnh | K59: =VLOOKUP($B59,Sheet3!$B:$I,6,0) -> 0 | L59: =VLOOKUP($B59,Sheet4!$B:$L,10,0) -> Kinh | M59: Kinh | N59: =VLOOKUP($B59,Sheet3!$B:$I,7,0) -> 0 | O59: =VLOOKUP($B59,Sheet4!$B:$L,11,0) -> 46 | P59: Công giáo | Q59: S24-63KT | R59: Kế toán | S59: K63 | T59: Chính quy | U59: 3.7 | V59: Kế toán bán hàng và xác định KQKD tại công ty TNHH Barun Việt Nam | W59: ThS. Đỗ Thị Thu Thủy | Y59: Bộ môn Kế toán và Quản trị kinh doanh
A60: 57 | B60: 2154037153 | C60: Đinh Vũ Phương Hiếu | D60: =VLOOKUP(B60,Sheet3!$B:$I,3,0) -> #N/A | E60: =VLOOKUP($B60,Sheet4!$B:$L,4,0) -> 31/12/2003 | F60: 31/12/2003 | G60: =VLOOKUP($B60,Sheet3!$B:$I,5,0) -> #N/A | H60: =VLOOKUP($B60,Sheet4!$B:$L,5,0) -> Tây Ninh | I60: =VLOOKUP(B60,[1]Sheet3!$D:$K,5,0) -> Tây Ninh | J60: Tây Ninh | K60: =VLOOKUP($B60,Sheet3!$B:$I,6,0) -> #N/A | L60: =VLOOKUP($B60,Sheet4!$B:$L,10,0) -> Kinh | M60: Kinh | N60: =VLOOKUP($B60,Sheet3!$B:$I,7,0) -> #N/A | O60: =VLOOKUP($B60,Sheet4!$B:$L,11,0) -> 1320 | P60: Không | Q60: S24-63KT | R60: Kế toán | S60: K63 | T60: Chính quy | U60: 2.38 | V60: Kế toán thanh toán với người bán, người mua tại Công ty Cổ Phần Tư Vấn Đầu Tư Và Thẩm Định Giá Sao Việt | W60: ThS. Nguyễn Thị Diện | Y60: Bộ môn Kế toán và Quản trị kinh doanh
A61: 58 | B61: 2154037764 | C61: Hoàng Huyên Hân | D61: =VLOOKUP(B61,Sheet3!$B:$I,3,0) -> #N/A | E61: =VLOOKUP($B61,Sheet4!$B:$L,4,0) -> 24/11/2003 | F61: 24/11/2003 | G61: =VLOOKUP($B61,Sheet3!$B:$I,5,0) -> #N/A | H61: =VLOOKUP($B61,Sheet4!$B:$L,5,0) -> Tp.HCM | I61: =VLOOKUP(B61,[1]Sheet3!$D:$K,5,0) -> TP HCM | J61: Thành phố Hồ Chí Minh | K61: =VLOOKUP($B61,Sheet3!$B:$I,6,0) -> #N/A | L61: =VLOOKUP($B61,Sheet4!$B:$L,10,0) -> Kinh | M61: Kinh | N61: =VLOOKUP($B61,Sheet3!$B:$I,7,0) -> #N/A | O61: =VLOOKUP($B61,Sheet4!$B:$L,11,0) -> 265 | P61: Phật | Q61: S24-63KT | R61: Kế toán | S61: K63 | T61: Chính quy | U61: 1.94 | V61: Kế toán tiền lương và các khoản trích theo lương tại Công ty Cổ phần Hudeco | W61: ThS. Lữ Thị Thanh Thúy | Y61: Bộ môn Kế toán và Quản trị kinh doanh
A62: 59 | B62: 2154037161 | C62: Lê Thị Thảo | D62: =VLOOKUP(B62,Sheet3!$B:$I,3,0) -> #N/A | E62: =VLOOKUP($B62,Sheet4!$B:$L,4,0) -> 04/06/2003 | F62: 04/06/2003 | G62: =VLOOKUP($B62,Sheet3!$B:$I,5,0) -> #N/A | H62: =VLOOKUP($B62,Sheet4!$B:$L,5,0) -> Bình Phước | I62: =VLOOKUP(B62,[1]Sheet3!$D:$K,5,0) -> Xã Long Tân, Huyện Phú Riềng, Tỉnh Bình Phước | J62: Đồng Nai | K62: =VLOOKUP($B62,Sheet3!$B:$I,6,0) -> #N/A | L62: =VLOOKUP($B62,Sheet4!$B:$L,10,0) -> Kinh | M62: Kinh | N62: =VLOOKUP($B62,Sheet3!$B:$I,7,0) -> #N/A | O62: =VLOOKUP($B62,Sheet4!$B:$L,11,0) -> 1328 | P62: Không | Q62: S24-63KT | R62: Kế toán | S62: K63 | T62: Chính quy | U62: 2.32 | V62: Kế toán tài sản cố định tại Công ty TNHH SX TM May Túi Xách Ba Lô Hợp Phát | W62: ThS. Đỗ Thị Thu Thủy | Y62: Bộ môn Kế toán và Quản trị kinh doanh
A63: 60 | B63: 2154037766 | C63: Lâm Thị Xuân Hiệp | D63: =VLOOKUP(B63,Sheet3!$B:$I,3,0) -> #N/A | E63: =VLOOKUP($B63,Sheet4!$B:$L,4,0) -> 14/06/2003 | F63: 14/06/2003 | G63: =VLOOKUP($B63,Sheet3!$B:$I,5,0) -> #N/A | H63: =VLOOKUP($B63,Sheet4!$B:$L,5,0) -> Bình Thuận | I63: =VLOOKUP(B63,[1]Sheet3!$D:$K,5,0) -> Bình Thuận | J63: Lâm Đồng | K63: =VLOOKUP($B63,Sheet3!$B:$I,6,0) -> #N/A | L63: =VLOOKUP($B63,Sheet4!$B:$L,10,0) -> Kinh | M63: Kinh | N63: =VLOOKUP($B63,Sheet3!$B:$I,7,0) -> #N/A | O63: =VLOOKUP($B63,Sheet4!$B:$L,11,0) -> 267 | P63: Không | Q63: S24-63KT | R63: Kế toán | S63: K63 | T63: Chính quy | U63: 1.85 | V63: Kế toán tiền lương và các khoản trích theo lương tại Công ty TNHH Thương Mại Đầu tư New Generation | W63: ThS. Lữ Thị Thanh Thúy | Y63: Bộ môn Kế toán và Quản trị kinh doanh
A64: 61 | B64: 2154077195 | C64: Trần Thanh Thảo | D64: =VLOOKUP(B64,Sheet3!$B:$I,3,0) -> #N/A | E64: =VLOOKUP($B64,Sheet4!$B:$L,4,0) -> 25/03/2003 | F64: 25/03/2003 | G64: =VLOOKUP($B64,Sheet3!$B:$I,5,0) -> #N/A | H64: =VLOOKUP($B64,Sheet4!$B:$L,5,0) -> Tp.Vũng Tàu | I64: =VLOOKUP(B64,[1]Sheet3!$D:$K,5,0) -> Vũng Tàu | J64: Thành phố Hồ Chí Minh | K64: =VLOOKUP($B64,Sheet3!$B:$I,6,0) -> #N/A | L64: =VLOOKUP($B64,Sheet4!$B:$L,10,0) -> Kinh | M64: Kinh | N64: =VLOOKUP($B64,Sheet3!$B:$I,7,0) -> #N/A | O64: =VLOOKUP($B64,Sheet4!$B:$L,11,0) -> 1362 | P64: Không | Q64: S24-63KT | R64: Kế toán | S64: K63 | T64: Chính quy | U64: 3.65 | V64: Quy trình kiểm toán khoản mục tài sản cố định tại Công ty THNH Hãng Kiểm Toán AASC | W64: ThS. Đỗ Thị Thu Thủy | Y64: Bộ môn Kế toán và Quản trị kinh doanh
A65: 62 | B65: 2154037322 | C65: Nguyễn Thị Thuỳ Trang | D65: =VLOOKUP(B65,Sheet3!$B:$I,3,0) -> #N/A | E65: =VLOOKUP($B65,Sheet4!$B:$L,4,0) -> 29/04/2003 | F65: 29/04/2003 | G65: =VLOOKUP($B65,Sheet3!$B:$I,5,0) -> #N/A | H65: =VLOOKUP($B65,Sheet4!$B:$L,5,0) -> Tây Ninh | I65: =VLOOKUP(B65,[1]Sheet3!$D:$K,5,0) -> Ấp Bình Hoà, Xã Bình Thạnh, Huyện Trảng Bàng, Tỉnh Tây Ninh | J65: Tây Ninh | K65: =VLOOKUP($B65,Sheet3!$B:$I,6,0) -> #N/A | L65: =VLOOKUP($B65,Sheet4!$B:$L,10,0) -> Kinh | M65: Kinh | N65: =VLOOKUP($B65,Sheet3!$B:$I,7,0) -> #N/A | O65: =VLOOKUP($B65,Sheet4!$B:$L,11,0) -> 116 | P65: Không | Q65: S24-63KT | R65: Kế toán | S65: K63 | T65: Chính quy | U65: 2.26 | V65: Kế toán thanh toán với người bán, người mua tại Doanh nghiệp Tư Nhân Thương Mại Trường Thanh. | W65: ThS. Lữ Thị Thanh Thúy | Y65: Bộ môn Kế toán và Quản trị kinh doanh
... A89: 86 | B89: 2151067371 | C89: Ngô Tùng Nghĩa | D89: =VLOOKUP(B89,Sheet3!$B:$I,3,0) -> 11/11/2003 | E89: =VLOOKUP($B89,Sheet4!$B:$L,4,0) -> 11/11/2003 | F89: 11/11/2003 | G89: =VLOOKUP($B89,Sheet3!$B:$I,5,0) -> 0 | H89: =VLOOKUP($B89,Sheet4!$B:$L,5,0) -> Phú Yên | I89: =VLOOKUP(B89,[1]Sheet3!$D:$K,5,0) -> Phú Yên | J89: Đắk Lắk | K89: =VLOOKUP($B89,Sheet3!$B:$I,6,0) -> 0 | L89: =VLOOKUP($B89,Sheet4!$B:$L,10,0) -> Kinh | M89: Kinh | N89: =VLOOKUP($B89,Sheet3!$B:$I,7,0) -> 0 | O89: =VLOOKUP($B89,Sheet4!$B:$L,11,0) -> 33 | P89: Không | Q89: S24-63CNTT1 | R89: Công nghệ thông tin | S89: K63 | T89: Chính quy | U89: 2.78 | V89: Xây dựng website bán quần áo thời trang Eleven ứng dụng Chatbot hỗ trợ và tư vấn khách hàng. | W89: ThS. Trần Ngọc Dân | Y89: Bộ môn Công nghệ thông tin
A90: 87 | B90: 2151067646 | C90: Lê Minh Đức | D90: =VLOOKUP(B90,Sheet3!$B:$I,3,0) -> #N/A | E90: =VLOOKUP($B90,Sheet4!$B:$L,4,0) -> 11/12/2003 | F90: 37937 | G90: =VLOOKUP($B90,Sheet3!$B:$I,5,0) -> #N/A | H90: =VLOOKUP($B90,Sheet4!$B:$L,5,0) -> BVND Gia Định, Tp.HCM | I90: =VLOOKUP(B90,[1]Sheet3!$D:$K,5,0) -> TPHCM | J90: Thành phố Hồ Chí Minh | K90: =VLOOKUP($B90,Sheet3!$B:$I,6,0) -> #N/A | L90: =VLOOKUP($B90,Sheet4!$B:$L,10,0) -> Kinh | M90: Kinh | N90: =VLOOKUP($B90,Sheet3!$B:$I,7,0) -> #N/A | O90: =VLOOKUP($B90,Sheet4!$B:$L,11,0) -> 147 | P90: Thiên Chúa | Q90: S24-63CNTT1 | R90: Công nghệ thông tin | S90: K63 | T90: Chính quy | U90: 2.65 | V90: Triển khai hệ thống mạng doanh nghiệp nhỏ và tích hợp tường lửa thế hệ mới (Next-Generation Firewall) để tăng cường bảo mật | W90: ThS. Phan Thị Tài | Y90: Bộ môn Công nghệ thông tin
A91: 88 | B91: 2151067587 | C91: Nguyễn Hải Sơn | D91: =VLOOKUP(B91,Sheet3!$B:$I,3,0) -> #N/A | E91: =VLOOKUP($B91,Sheet4!$B:$L,4,0) -> 28/11/2003 | F91: 28/11/2003 | G91: =VLOOKUP($B91,Sheet3!$B:$I,5,0) -> #N/A | H91: =VLOOKUP($B91,Sheet4!$B:$L,5,0) -> Tp.HCM | I91: =VLOOKUP(B91,[1]Sheet3!$D:$K,5,0) -> Thành phố Hồ Chí Minh | J91: Thành phố Hồ Chí Minh | K91: =VLOOKUP($B91,Sheet3!$B:$I,6,0) -> #N/A | L91: =VLOOKUP($B91,Sheet4!$B:$L,10,0) -> Kinh | M91: Kinh | N91: =VLOOKUP($B91,Sheet3!$B:$I,7,0) -> #N/A | O91: =VLOOKUP($B91,Sheet4!$B:$L,11,0) -> 88 | P91: Không | Q91: S24-63CNTT2 | R91: Công nghệ thông tin | S91: K63 | T91: Chính quy | U91: 2.02 | V91: Ứng dụng IoT trong giám sát và dự báo chất lượng nước phục vụ nuôi trồng thuỷ sản tại xã An Quy, tỉnh Vĩnh Long. | W91: TS. Hoàng Thị Kiều Anh | Y91: Bộ môn Công nghệ thông tin
A92: 89 | B92: 2151067614 | C92: Nguyễn Trường Nghĩa | D92: =VLOOKUP(B92,Sheet3!$B:$I,3,0) -> #N/A | E92: =VLOOKUP($B92,Sheet4!$B:$L,4,0) -> 27/10/2003 | F92: 27/10/2003 | G92: =VLOOKUP($B92,Sheet3!$B:$I,5,0) -> #N/A | H92: =VLOOKUP($B92,Sheet4!$B:$L,5,0) -> Kiên Giang | I92: =VLOOKUP(B92,[1]Sheet3!$D:$K,5,0) -> Mỹ Đức, Thành phố Hà Tiên, Tỉnh Kiên Giang | J92: An Giang | K92: =VLOOKUP($B92,Sheet3!$B:$I,6,0) -> #N/A | L92: =VLOOKUP($B92,Sheet4!$B:$L,10,0) -> Kinh | M92: Kinh | N92: =VLOOKUP($B92,Sheet3!$B:$I,7,0) -> #N/A | O92: =VLOOKUP($B92,Sheet4!$B:$L,11,0) -> 115 | P92: không | Q92: S24-63CNTT2 | R92: Công nghệ thông tin | S92: K63 | T92: Chính quy | U92: 2.14 | V92: Phát triển ứng dụng E-commerce tích hợp Chatbot tư vấn tự động | W92: TS. Hoàng Thị Kiều Anh | Y92: Bộ môn Công nghệ thông tin
A93: 90 | B93: 2151067585 | C93: Phạm Quốc Thoại | D93: =VLOOKUP(B93,Sheet3!$B:$I,3,0) -> #N/A | E93: =VLOOKUP($B93,Sheet4!$B:$L,4,0) -> 11/05/2003 | F93: 11/05/2003 | G93: =VLOOKUP($B93,Sheet3!$B:$I,5,0) -> #N/A | H93: =VLOOKUP($B93,Sheet4!$B:$L,5,0) -> BÌnh Định | I93: =VLOOKUP(B93,[1]Sheet3!$D:$K,5,0) -> Bình Định | J93: Gia Lai | K93: =VLOOKUP($B93,Sheet3!$B:$I,6,0) -> #N/A | L93: =VLOOKUP($B93,Sheet4!$B:$L,10,0) -> Kinh | M93: Kinh | N93: =VLOOKUP($B93,Sheet3!$B:$I,7,0) -> #N/A | O93: =VLOOKUP($B93,Sheet4!$B:$L,11,0) -> 86 | P93: không | Q93: S24-63CNTT2 | R93: Công nghệ thông tin | S93: K63 | T93: Chính quy | U93: 2.88 | V93: Xây dựng hệ thống quản lý đặt phòng khách sạn QuiNhon Traveling | W93: ThS. Vũ Thị Hạnh | Y93: Bộ môn Công nghệ thông tin
A94: 91 | B94: 2151067077 | C94: Nguyễn Văn Tiên | D94: =VLOOKUP(B94,Sheet3!$B:$I,3,0) -> #N/A | E94: =VLOOKUP($B94,Sheet4!$B:$L,4,0) -> 11/09/2003 | F94: 11/09/2003 | G94: =VLOOKUP($B94,Sheet3!$B:$I,5,0) -> #N/A | H94: =VLOOKUP($B94,Sheet4!$B:$L,5,0) -> Đăk Lăk | I94: =VLOOKUP(B94,[1]Sheet3!$D:$K,5,0) -> Huyện Krông Buk tỉnh Đắk Lắk | J94: Đắk Lắk | K94: =VLOOKUP($B94,Sheet3!$B:$I,6,0) -> #N/A | L94: =VLOOKUP($B94,Sheet4!$B:$L,10,0) -> Kinh | M94: Kinh | N94: =VLOOKUP($B94,Sheet3!$B:$I,7,0) -> #N/A | O94: =VLOOKUP($B94,Sheet4!$B:$L,11,0) -> 1244 | P94: Không | Q94: S24-63CNTT2 | R94: Công nghệ thông tin | S94: K63 | T94: Chính quy | U94: 2.49 | V94: Thiết kế hệ thống giám sát và điều khiển động cơ AC ứng dụng ESP32 drong môi trường IoT | W94: ThS. Vũ Thị Hạnh | Y94: Bộ môn Công nghệ thông tin
A95: 92 | B95: 2151067635 | C95: Nguyễn Công Huy | D95: =VLOOKUP(B95,Sheet3!$B:$I,3,0) -> #N/A | E95: =VLOOKUP($B95,Sheet4!$B:$L,4,0) -> 27/02/2003 | F95: 27/02/2003 | G95: =VLOOKUP($B95,Sheet3!$B:$I,5,0) -> #N/A | H95: =VLOOKUP($B95,Sheet4!$B:$L,5,0) -> Đak Nông | I95: =VLOOKUP(B95,[1]Sheet3!$D:$K,5,0) -> Đăk Nông | J95: Lâm Đồng | K95: =VLOOKUP($B95,Sheet3!$B:$I,6,0) -> #N/A | L95: =VLOOKUP($B95,Sheet4!$B:$L,10,0) -> Kinh | M95: Kinh | N95: =VLOOKUP($B95,Sheet3!$B:$I,7,0) -> #N/A | O95: =VLOOKUP($B95,Sheet4!$B:$L,11,0) -> 136 | P95: Không | Q95: S24-63CNTT2 | R95: Công nghệ thông tin | S95: K63 | T95: Chính quy | U95: 2.26 | V95: Xây dựng trang thương mại điện tử SLIM chuyên dụng cho dụng cụ thể thao | W95: TS. Hoàng Thị Kiều Anh | Y95: Bộ môn Công nghệ thông tin
A96: 93 | B96: 2151067053 | C96: Hồ Minh Anh | D96: =VLOOKUP(B96,Sheet3!$B:$I,3,0) -> #N/A | E96: =VLOOKUP($B96,Sheet4!$B:$L,4,0) -> 20/09/2003 | F96: 20/09/2003 | G96: =VLOOKUP($B96,Sheet3!$B:$I,5,0) -> #N/A | H96: =VLOOKUP($B96,Sheet4!$B:$L,5,0) -> Đồng Tháp | I96: =VLOOKUP(B96,[1]Sheet3!$D:$K,5,0) -> xã Thường Thới Hậu A, huyện Hồng Ngự, tỉnh Đồng Tháp | J96: Đồng Tháp | K96: =VLOOKUP($B96,Sheet3!$B:$I,6,0) -> #N/A | L96: =VLOOKUP($B96,Sheet4!$B:$L,10,0) -> Kinh | M96: Kinh | N96: =VLOOKUP($B96,Sheet3!$B:$I,7,0) -> #N/A | O96: =VLOOKUP($B96,Sheet4!$B:$L,11,0) -> 1220 | P96: Không | Q96: S24-63CNTT2 | R96: Công nghệ thông tin | S96: K63 | T96: Chính quy | U96: 2.42 | V96: Ứng dụng Trí tuệ nhân tạo xây dựng hệ thống MC ảo | W96: ThS. Nguyễn Anh Tú | Y96: Bộ môn Công nghệ thông tin
A97: 94 | B97: 2151067628 | C97: Trương Thị Thanh Mai | D97: =VLOOKUP(B97,Sheet3!$B:$I,3,0) -> #N/A | E97: =VLOOKUP($B97,Sheet4!$B:$L,4,0) -> 07/12/2003 | F97: 07/12/2003 | G97: =VLOOKUP($B97,Sheet3!$B:$I,5,0) -> #N/A | H97: =VLOOKUP($B97,Sheet4!$B:$L,5,0) -> Tp.HCM | I97: =VLOOKUP(B97,[1]Sheet3!$D:$K,5,0) -> Thành phố Hồ Chí Minh | J97: Thành phố Hồ Chí Minh | K97: =VLOOKUP($B97,Sheet3!$B:$I,6,0) -> #N/A | L97: =VLOOKUP($B97,Sheet4!$B:$L,10,0) -> Kinh | M97: Kinh | N97: =VLOOKUP($B97,Sheet3!$B:$I,7,0) -> #N/A | O97: =VLOOKUP($B97,Sheet4!$B:$L,11,0) -> 129 | P97: Thiên Chúa | Q97: S24-63CNTT2 | R97: Công nghệ thông tin | S97: K63 | T97: Chính quy | U97: 2.5 | V97: Xây dựng cổng thông tin tuyển dụng trực tuyến dựa trên kiến trúc microservices | W97: ThS. Nguyễn Anh Tú | Y97: Bộ môn Công nghệ thông tin
A98: 95 | B98: 2151067612 | C98: Nguyễn Chấn Hưng | D98: =VLOOKUP(B98,Sheet3!$B:$I,3,0) -> #N/A | E98: =VLOOKUP($B98,Sheet4!$B:$L,4,0) -> 11/07/2003 | F98: 07/11/2003 | G98: =VLOOKUP($B98,Sheet3!$B:$I,5,0) -> #N/A | H98: =VLOOKUP($B98,Sheet4!$B:$L,5,0) -> Quảng Ngãi | I98: =VLOOKUP(B98,[1]Sheet3!$D:$K,5,0) -> Tổ 3 phường Lê Hồng Phong thành phố Quảng Ngãi tỉnh Quảng Ngãi | J98: Quảng Ngãi | K98: =VLOOKUP($B98,Sheet3!$B:$I,6,0) -> #N/A | L98: =VLOOKUP($B98,Sheet4!$B:$L,10,0) -> Kinh | M98: Kinh | N98: =VLOOKUP($B98,Sheet3!$B:$I,7,0) -> #N/A | O98: =VLOOKUP($B98,Sheet4!$B:$L,11,0) -> 113 | P98: Không | Q98: S24-63CNTT2 | R98: Công nghệ thông tin | S98: K63 | T98: Chính quy | U98: 2.55 | V98: Ứng dụng mạng học sâu trong phát hiện bọt khí cho các sản phẩm nhựa cao cấp. | W98: TS. Hoàng Văn Quý | Y98: Bộ môn Công nghệ thông tin
A99: 96 | B99: 2151067575 | C99: Nguyễn Thái Học | D99: =VLOOKUP(B99,Sheet3!$B:$I,3,0) -> #N/A | E99: =VLOOKUP($B99,Sheet4!$B:$L,4,0) -> 12/10/2003 | F99: 12/10/2003 | G99: =VLOOKUP($B99,Sheet3!$B:$I,5,0) -> #N/A | H99: =VLOOKUP($B99,Sheet4!$B:$L,5,0) -> Đổng Tháp | I99: =VLOOKUP(B99,[1]Sheet3!$D:$K,5,0) -> Đồng Tháp | J99: Đồng Tháp | K99: =VLOOKUP($B99,Sheet3!$B:$I,6,0) -> #N/A | L99: =VLOOKUP($B99,Sheet4!$B:$L,10,0) -> Kinh | M99: Kinh | N99: =VLOOKUP($B99,Sheet3!$B:$I,7,0) -> #N/A | O99: =VLOOKUP($B99,Sheet4!$B:$L,11,0) -> 76 | P99: Không | Q99: S24-63CNTT2 | R99: Công nghệ thông tin | S99: K63 | T99: Chính quy | U99: 3.22 | V99: Xây dựng website quản lý đặt phòng khách sạn Xanh sử dụng Spring Framework | W99: ThS. Trần Ngọc Dân | Y99: Bộ môn Công nghệ thông tin
A100: 97 | B100: 2051067522 | C100: Nguyễn Ngọc Bảo | D100: =VLOOKUP(B100,Sheet3!$B:$I,3,0) -> 22/12/2002 | E100: =VLOOKUP($B100,Sheet4!$B:$L,4,0) -> 22/12/2002 | F100: 22/12/2002 | G100: =VLOOKUP($B100,Sheet3!$B:$I,5,0) -> 0 | H100: =VLOOKUP($B100,Sheet4!$B:$L,5,0) -> phù cát-Bình định | I100: =VLOOKUP(B100,[1]Sheet3!$D:$K,5,0) -> Phù cát, bình định | J100: Gia Lai | K100: =VLOOKUP($B100,Sheet3!$B:$I,6,0) -> 0 | L100: =VLOOKUP($B100,Sheet4!$B:$L,10,0) -> 73 | M100: Kinh | N100: =VLOOKUP($B100,Sheet3!$B:$I,7,0) -> 0 | O100: =VLOOKUP($B100,Sheet4!$B:$L,11,0) -> không | P100: Không | Q100: S23-62TH | R100: Công nghệ thông tin | S100: K62 | T100: Chính quy | U100: 2.69 | V100: Xây dựng hệ thống hỗ trợ định giá bất động sản trực tuyến tại TP. HCM | W100: TS. Hoàng Thị Kiều Anh | Y100: Bộ môn Công nghệ thông tin
A101: 98 | B101: 2051067571 | C101: Trần Phạm Công Hậu | D101: =VLOOKUP(B101,Sheet3!$B:$I,3,0) -> 15/11/2002 | E101: =VLOOKUP($B101,Sheet4!$B:$L,4,0) -> 15/11/2002 | F101: 15/11/2002 | G101: =VLOOKUP($B101,Sheet3!$B:$I,5,0) -> 0 | H101: =VLOOKUP($B101,Sheet4!$B:$L,5,0) -> Phú Yên | I101: =VLOOKUP(B101,[1]Sheet3!$D:$K,5,0) -> Hòa Vinh, Thị xã Đông Hòa, Tỉnh Phú Yên | J101: Đắk Lắk | K101: =VLOOKUP($B101,Sheet3!$B:$I,6,0) -> 0 | L101: =VLOOKUP($B101,Sheet4!$B:$L,10,0) -> Kinh | M101: Kinh | N101: =VLOOKUP($B101,Sheet3!$B:$I,7,0) -> 0 | O101: =VLOOKUP($B101,Sheet4!$B:$L,11,0) -> 122 | P101: Không | Q101: S23-62TH | R101: Công nghệ thông tin | S101: K62 | T101: Chính quy | U101: 2.12 | V101: Phân tích dữ liệu thị trường bất động sản TP.HCM giai đoạn 2019-2025 bằng Power BI và Python | W101: ThS. Phan Thị Tài | Y101: Bộ môn Công nghệ thông tin
A102: 99 | B102: 2151017502 | C102: Nguyễn Diệp Quốc Giảng | D102: =VLOOKUP(B102,Sheet3!$B:$I,3,0) -> #N/A | E102: =VLOOKUP($B102,Sheet4!$B:$L,4,0) -> 15/04/2003 | F102: 15/04/2003 | G102: =VLOOKUP($B102,Sheet3!$B:$I,5,0) -> #N/A | H102: =VLOOKUP($B102,Sheet4!$B:$L,5,0) -> Quy Nhơn | I102: =VLOOKUP(B102,[1]Sheet3!$D:$K,5,0) -> Bình Định | J102: Gia Lai | K102: =VLOOKUP($B102,Sheet3!$B:$I,6,0) -> #N/A | L102: =VLOOKUP($B102,Sheet4!$B:$L,10,0) -> Kinh | M102: Kinh | N102: =VLOOKUP($B102,Sheet3!$B:$I,7,0) -> #N/A | O102: =VLOOKUP($B102,Sheet4!$B:$L,11,0) -> 3 | P102: Không | Q102: S24-63CTN | R102: Kỹ thuật cấp thoát nước | S102: K63 | T102: Chính quy | U102: 2.48 | V102: Thiết kế hệ thống cấp nước đô thị Tân Châu, tỉnh Đồng Tháp tới năm 2040 | W102: PGS.TS. Trần Đăng An | Y102: Bộ môn Kỹ thuật tài nguyên nước và Môi trường
... A105: 102 | B105: 2151017211 | C105: Nguyễn Văn Huyên | D105: =VLOOKUP(B105,Sheet3!$B:$I,3,0) -> #N/A | E105: =VLOOKUP($B105,Sheet4!$B:$L,4,0) -> 18/05/1999 | F105: 18/05/1999 | G105: =VLOOKUP($B105,Sheet3!$B:$I,5,0) -> #N/A | H105: =VLOOKUP($B105,Sheet4!$B:$L,5,0) -> Nghệ An | I105: =VLOOKUP(B105,[1]Sheet3!$D:$K,5,0) -> Nghệ An | J105: Nghệ An | K105: =VLOOKUP($B105,Sheet3!$B:$I,6,0) -> #N/A | L105: =VLOOKUP($B105,Sheet4!$B:$L,10,0) -> Kinh | M105: Kinh | N105: =VLOOKUP($B105,Sheet3!$B:$I,7,0) -> #N/A | O105: =VLOOKUP($B105,Sheet4!$B:$L,11,0) -> 1378 | P105: Không | Q105: S24-63CTN | R105: Kỹ thuật cấp thoát nước | S105: K63 | T105: Chính quy | U105: 3.01 | V105: Thiết kế hệ thống cấp nước Khu Đô Thị Phú quốc, tỉnh An Giang tới năm 2040 | W105: PGS.TS. Trần Đăng An | Y105: Bộ môn Kỹ thuật tài nguyên nước và Môi trường
A106: 103 | B106: 2154077856 | C106: Nguyễn Thị Kim Ngân | D106: =VLOOKUP(B106,Sheet3!$B:$I,3,0) -> #N/A | E106: =VLOOKUP($B106,Sheet4!$B:$L,4,0) -> 16/02/2003 | F106: 16/02/2003 | G106: =VLOOKUP($B106,Sheet3!$B:$I,5,0) -> #N/A | H106: =VLOOKUP($B106,Sheet4!$B:$L,5,0) -> Bến Tre | I106: =VLOOKUP(B106,[1]Sheet3!$D:$K,5,0) -> tỉnh Bến Tre | J106: Vĩnh Long | K106: =VLOOKUP($B106,Sheet3!$B:$I,6,0) -> #N/A | L106: =VLOOKUP($B106,Sheet4!$B:$L,10,0) -> Kinh | M106: Kinh | N106: =VLOOKUP($B106,Sheet3!$B:$I,7,0) -> #N/A | O106: =VLOOKUP($B106,Sheet4!$B:$L,11,0) -> 357 | P106: Không | Q106: S24-63CTN | R106: Kỹ thuật cấp thoát nước | S106: K63 | T106: Chính quy | U106: 2.96 | V106: Thiết kế hệ thống cấp nước phường Đồng Xoài, tỉnh Đồng Nai tới năm 2040 | W106: TS. Lê Công Chính | X106: ThS. Lê Văn Tiến Hưng | Y106: Bộ môn Kỹ thuật tài nguyên nước và Môi trường
A107: 104 | B107: 2151017347 | C107: Võ Hương Lâm | D107: =VLOOKUP(B107,Sheet3!$B:$I,3,0) -> 30/06/2003 | E107: =VLOOKUP($B107,Sheet4!$B:$L,4,0) -> 30/06/2003 | F107: 30/06/2003 | G107: =VLOOKUP($B107,Sheet3!$B:$I,5,0) -> 0 | H107: =VLOOKUP($B107,Sheet4!$B:$L,5,0) -> Khánh Hòa | I107: =VLOOKUP(B107,[1]Sheet3!$D:$K,5,0) -> Khánh Hoà | J107: Khánh Hoà | K107: =VLOOKUP($B107,Sheet3!$B:$I,6,0) -> 0 | L107: =VLOOKUP($B107,Sheet4!$B:$L,10,0) -> Kinh | M107: Kinh | N107: =VLOOKUP($B107,Sheet3!$B:$I,7,0) -> 0 | O107: =VLOOKUP($B107,Sheet4!$B:$L,11,0) -> 9 | P107: Phật | Q107: S24-63CTN | R107: Kỹ thuật cấp thoát nước | S107: K63 | T107: Chính quy | U107: 2.96 | V107: Thiết kế hệ thống cấp nước Khu Đô thị và Công nghiệp Bắc Hòn Hèo, tỉnh Khánh Hòa tới năm 2040 | W107: TS. Lê Công Chính | X107: ThS. Lê Văn Tiến Hưng | Y107: Bộ môn Kỹ thuật tài nguyên nước và Môi trường
A108: 105 | B108: 2151017522 | C108: Hồ Minh Trí | D108: =VLOOKUP(B108,Sheet3!$B:$I,3,0) -> #N/A | E108: =VLOOKUP($B108,Sheet4!$B:$L,4,0) -> 05/11/2003 | F108: 11/05/2003 | G108: =VLOOKUP($B108,Sheet3!$B:$I,5,0) -> #N/A | H108: =VLOOKUP($B108,Sheet4!$B:$L,5,0) -> Đăk Nông | I108: =VLOOKUP(B108,[1]Sheet3!$D:$K,5,0) -> Đắk Lắk | J108: Lâm Đồng | K108: =VLOOKUP($B108,Sheet3!$B:$I,6,0) -> #N/A | L108: =VLOOKUP($B108,Sheet4!$B:$L,10,0) -> Kinh | M108: Kinh | N108: =VLOOKUP($B108,Sheet3!$B:$I,7,0) -> #N/A | O108: =VLOOKUP($B108,Sheet4!$B:$L,11,0) -> 23 | P108: Không | Q108: S24-63CTN | R108: Kỹ thuật cấp thoát nước | S108: K63 | T108: Chính quy | U108: 2.59 | V108: Thiết kế hệ thống cấp nước xã Nhơn Trạch, tỉnh Đồng Nai tới năm 2040 | W108: TS. Lê Công Chính | X108: ThS. Lê Văn Tiến Hưng | Y108: Bộ môn Kỹ thuật tài nguyên nước và Môi trường
A109: 106 | B109: 2151017220 | C109: Nguyễn Văn Vũ | D109: =VLOOKUP(B109,Sheet3!$B:$I,3,0) -> #N/A | E109: =VLOOKUP($B109,Sheet4!$B:$L,4,0) -> 24/09/2003 | F109: 24/09/2003 | G109: =VLOOKUP($B109,Sheet3!$B:$I,5,0) -> #N/A | H109: =VLOOKUP($B109,Sheet4!$B:$L,5,0) -> 0 | I109: =VLOOKUP(B109,[1]Sheet3!$D:$K,5,0) -> Bình Dương | J109: Thành phố Hồ Chí Minh | K109: =VLOOKUP($B109,Sheet3!$B:$I,6,0) -> #N/A | L109: =VLOOKUP($B109,Sheet4!$B:$L,10,0) -> 1387 | M109: Kinh | N109: =VLOOKUP($B109,Sheet3!$B:$I,7,0) -> #N/A | O109: =VLOOKUP($B109,Sheet4!$B:$L,11,0) -> 1387 | P109: Không | Q109: S24-63CTN | R109: Kỹ thuật cấp thoát nước | S109: K63 | T109: Chính quy | U109: 2.25 | V109: Thiết kế hệ thống cấp nước Khu liên hợp công nghiệp -Dịch vụ - Đô thị Bình Dương tới năm 2040 | W109: TS. Lê Công Chính | X109: ThS. Lê Văn Tiến Hưng | Y109: Bộ môn Kỹ thuật tài nguyên nước và Môi trường
A110: 107 | B110: 2151017214 | C110: Trần Xuân Ly | D110: =VLOOKUP(B110,Sheet3!$B:$I,3,0) -> #N/A | E110: =VLOOKUP($B110,Sheet4!$B:$L,4,0) -> 20/05/2003 | F110: 20/05/2003 | G110: =VLOOKUP($B110,Sheet3!$B:$I,5,0) -> #N/A | H110: =VLOOKUP($B110,Sheet4!$B:$L,5,0) -> Đồng Nai | I110: =VLOOKUP(B110,[1]Sheet3!$D:$K,5,0) -> Đồng Nai | J110: Đồng Nai | K110: =VLOOKUP($B110,Sheet3!$B:$I,6,0) -> #N/A | L110: =VLOOKUP($B110,Sheet4!$B:$L,10,0) -> Kinh | M110: Kinh | N110: =VLOOKUP($B110,Sheet3!$B:$I,7,0) -> #N/A | O110: =VLOOKUP($B110,Sheet4!$B:$L,11,0) -> 1381 | P110: Thiên Chúa | Q110: S24-63CTN | R110: Kỹ thuật cấp thoát nước | S110: K63 | T110: Chính quy | U110: 2.55 | V110: Thiết kế hệ thống cấp nước Khu Đô thị Đồng Phú, tỉnh Đồng Nai tới năm 2040 | W110: ThS. Lê Văn Tiến Hưng | Y110: Bộ môn Kỹ thuật tài nguyên nước và Môi trường
A111: 108 | B111: 2151017520 | C111: Nguyễn Quốc Toàn | D111: =VLOOKUP(B111,Sheet3!$B:$I,3,0) -> #N/A | E111: =VLOOKUP($B111,Sheet4!$B:$L,4,0) -> 20/08/2003 | F111: 20/08/2003 | G111: =VLOOKUP($B111,Sheet3!$B:$I,5,0) -> #N/A | H111: =VLOOKUP($B111,Sheet4!$B:$L,5,0) -> Gia Lai | I111: =VLOOKUP(B111,[1]Sheet3!$D:$K,5,0) -> Gia Lai | J111: Gia Lai | K111: =VLOOKUP($B111,Sheet3!$B:$I,6,0) -> #N/A | L111: =VLOOKUP($B111,Sheet4!$B:$L,10,0) -> Kinh | M111: Kinh | N111: =VLOOKUP($B111,Sheet3!$B:$I,7,0) -> #N/A | O111: =VLOOKUP($B111,Sheet4!$B:$L,11,0) -> 21 | P111: Không | Q111: S24-63CTN | R111: Kỹ thuật cấp thoát nước | S111: K63 | T111: Chính quy | U111: 2.3 | V111: Thiết kế hệ thống cấp nước Khu Đô thị Rạch Gía, tỉnh An Giang tới năm 2040 | W111: ThS. Lê Văn Tiến Hưng | Y111: Bộ môn Kỹ thuật tài nguyên nước và Môi trường
A112: 109 | B112: 2151017525 | C112: Nguyễn Ngọc Trường | D112: =VLOOKUP(B112,Sheet3!$B:$I,3,0) -> #N/A | E112: =VLOOKUP($B112,Sheet4!$B:$L,4,0) -> 28/12/2003 | F112: 28/12/2003 | G112: =VLOOKUP($B112,Sheet3!$B:$I,5,0) -> #N/A | H112: =VLOOKUP($B112,Sheet4!$B:$L,5,0) -> Bình Thuận | I112: =VLOOKUP(B112,[1]Sheet3!$D:$K,5,0) -> Thôn phú hưng xã hàm mỹ huyện hàm thuận nam tỉnh bình thuận | J112: Lâm Đồng | K112: =VLOOKUP($B112,Sheet3!$B:$I,6,0) -> #N/A | L112: =VLOOKUP($B112,Sheet4!$B:$L,10,0) -> Kinh | M112: Kinh | N112: =VLOOKUP($B112,Sheet3!$B:$I,7,0) -> #N/A | O112: =VLOOKUP($B112,Sheet4!$B:$L,11,0) -> 26 | P112: Không | Q112: S24-63CTN | R112: Kỹ thuật cấp thoát nước | S112: K63 | T112: Chính quy | U112: 2.28 | V112: Thiết kế hệ thống cấp nước Khu đô thị thương mại dịch vụ ven sông phía Đông Sa Đéc, tỉnh Đồng Tháp tới năm 2040 | W112: PGS.TS. Trần Đăng An | X112: TS. Lê Công Chính | Y112: Bộ môn Kỹ thuật tài nguyên nước và Môi trường
A113: 110 | B113: 2051077592 | C113: Lương Nguyễn Đăng Khiêm | D113: =VLOOKUP(B113,Sheet3!$B:$I,3,0) -> 16/08/2002 | E113: =VLOOKUP($B113,Sheet4!$B:$L,4,0) -> 16/08/2002 | F113: 16/08/2002 | G113: =VLOOKUP($B113,Sheet3!$B:$I,5,0) -> 0 | H113: =VLOOKUP($B113,Sheet4!$B:$L,5,0) -> Tp.Hồ Chí Minh | I113: =VLOOKUP(B113,[1]Sheet3!$D:$K,5,0) -> TP. Hồ Chí Minh | J113: Thành phố Hồ Chí Minh | K113: =VLOOKUP($B113,Sheet3!$B:$I,6,0) -> 0 | L113: =VLOOKUP($B113,Sheet4!$B:$L,10,0) -> Kinh | M113: Kinh | N113: =VLOOKUP($B113,Sheet3!$B:$I,7,0) -> 0 | O113: =VLOOKUP($B113,Sheet4!$B:$L,11,0) -> 143 | P113: Không | Q113: S23-62CTN | R113: Kỹ thuật cấp thoát nước | S113: K62 | T113: Chính quy | U113: 2.13 | V113: Thiết kế hệ thống cấp nước Khu đô thị mới An Lạc 1, tỉnh Đồng Tháp tới năm 2040 | W113: PGS.TS. Trần Đăng An | X113: TS. Lê Công Chính | Y113: Bộ môn Kỹ thuật tài nguyên nước và Môi trường
A114: 111 | B114: 2031070253 | C114: Nguyễn Ngọc Sơn | D114: 01/07/1987 | E114: =VLOOKUP($B114,Sheet4!$B:$L,4,0) -> 00/01/1900 | F114: 01/07/1987 | G114: Bình Định | H114: =VLOOKUP($B114,Sheet4!$B:$L,5,0) -> 0 | I114: =VLOOKUP(B114,[1]Sheet3!$D:$K,5,0) -> Bình Định | J114: Gia Lai | K114: Kinh | L114: =VLOOKUP($B114,Sheet4!$B:$L,10,0) -> 0 | M114: Kinh | N114: Không | O114: =VLOOKUP($B114,Sheet4!$B:$L,11,0) -> 0 | P114: Không | Q114: SG24CTN | R114: Kỹ thuật cấp thoát nước | S114: K54TC | T114: VLVH | U114: 2.54 | V114: Thiết kế hệ thống cấp nước Khu dân cư Hòa Thành, tỉnh Đồng Tháp tới năm 2040 | W114: PGS.TS. Trần Đăng An | X114: TS. Lê Công Chính | Y114: Bộ môn Kỹ thuật tài nguyên nước và Môi trường
A115: 112 | B115: 2031070259 | C115: Nguyễn Lâm Toàn | D115: 13/03/1989 | E115: =VLOOKUP($B115,Sheet4!$B:$L,4,0) -> 00/01/1900 | F115: 13/03/1989 | G115: Tp. Hồ Chí Minh | H115: =VLOOKUP($B115,Sheet4!$B:$L,5,0) -> 0 | I115: =VLOOKUP(B115,[1]Sheet3!$D:$K,5,0) -> TP.HCM | J115: Thành phố Hồ Chí Minh | K115: Kinh | L115: =VLOOKUP($B115,Sheet4!$B:$L,10,0) -> 0 | M115: Kinh | N115: Không | O115: =VLOOKUP($B115,Sheet4!$B:$L,11,0) -> 0 | P115: Không | Q115: SG24CTN | R115: Kỹ thuật cấp thoát nước | S115: K54TC | T115: VLVH | U115: 2.52 | V115: Thiết kế hệ thống cấp nước Khu đô thị mới Tây Bắc, Phường Bảo An, tỉnh Khánh Hòa tới năm 2040 | W115: PGS.TS. Trần Đăng An | X115: TS. Lê Công Chính | Y115: Bộ môn Kỹ thuật tài nguyên nước và Môi trường
A116: 113 | B116: 2151017353 | C116: Hồ Trọng Hiếu | D116: =VLOOKUP(B116,Sheet3!$B:$I,3,0) -> 02/10/2003 | E116: =VLOOKUP($B116,Sheet4!$B:$L,4,0) -> 19/06/2002 | F116: 19/06/2002 | G116: =VLOOKUP($B116,Sheet3!$B:$I,5,0) -> 0 | H116: =VLOOKUP($B116,Sheet4!$B:$L,5,0) -> Bình Thuận | I116: =VLOOKUP(B116,[1]Sheet3!$D:$K,5,0) -> Lagi, Bình Thuận | J116: Lâm Đồng | K116: =VLOOKUP($B116,Sheet3!$B:$I,6,0) -> 0 | L116: =VLOOKUP($B116,Sheet4!$B:$L,10,0) -> Kinh | M116: Kinh | N116: =VLOOKUP($B116,Sheet3!$B:$I,7,0) -> 0 | O116: =VLOOKUP($B116,Sheet4!$B:$L,11,0) -> 15 | P116: Phật | Q116: S24-63N | R116: Kỹ thuật tài nguyên nước | S116: K63 | T116: Chính quy | U116: 3.08 | V116: Lập quy trình vận hành, điều tiết hồ chứa nước Cần Nôm | W116: TS. Đặng Đồng Nguyên | X116: TS. Lê Thị Hòa Bình | Y116: Bộ môn Kỹ thuật tài nguyên nước và Môi trường
A117: 114 | B117: 2151017342 | C117: Phùng Mỹ Ngọc | D117: =VLOOKUP(B117,Sheet3!$B:$I,3,0) -> 02/02/2003 | E117: =VLOOKUP($B117,Sheet4!$B:$L,4,0) -> 02/02/2003 | F117: 02/02/2003 | G117: =VLOOKUP($B117,Sheet3!$B:$I,5,0) -> 0 | H117: =VLOOKUP($B117,Sheet4!$B:$L,5,0) -> Tp.HCM | I117: =VLOOKUP(B117,[1]Sheet3!$D:$K,5,0) -> Thành phố Hồ Chí Minh | J117: Thành phố Hồ Chí Minh | K117: =VLOOKUP($B117,Sheet3!$B:$I,6,0) -> 0 | L117: =VLOOKUP($B117,Sheet4!$B:$L,10,0) -> Hoa | M117: Hoa | N117: =VLOOKUP($B117,Sheet3!$B:$I,7,0) -> 0 | O117: =VLOOKUP($B117,Sheet4!$B:$L,11,0) -> 4 | P117: Không | Q117: S24-63N | R117: Kỹ thuật tài nguyên nước | S117: K63 | T117: Chính quy | U117: 2.92 | V117: Quy hoạch hệ thống thuỷ lợi hồ chứa nước sông Cạn | W117: TS. Đặng Đồng Nguyên | X117: TS. Lê Thị Hòa Bình | Y117: Bộ môn Kỹ thuật tài nguyên nước và Môi trường
A118: 115 | B118: 2151017343 | C118: Chung Ngọc Hoài Dung | D118: =VLOOKUP(B118,Sheet3!$B:$I,3,0) -> 30/08/2003 | E118: =VLOOKUP($B118,Sheet4!$B:$L,4,0) -> 30/08/2003 | F118: 30/08/2003 | G118: =VLOOKUP($B118,Sheet3!$B:$I,5,0) -> 0 | H118: =VLOOKUP($B118,Sheet4!$B:$L,5,0) -> BV Từ Dũ, tp.HCM | I118: =VLOOKUP(B118,[1]Sheet3!$D:$K,5,0) -> TP Hồ Chí Minh | J118: Thành phố Hồ Chí Minh | K118: =VLOOKUP($B118,Sheet3!$B:$I,6,0) -> 0 | L118: =VLOOKUP($B118,Sheet4!$B:$L,10,0) -> Kinh | M118: Kinh | N118: =VLOOKUP($B118,Sheet3!$B:$I,7,0) -> 0 | O118: =VLOOKUP($B118,Sheet4!$B:$L,11,0) -> 5 | P118: Phật | Q118: S24-63N | R118: Kỹ thuật tài nguyên nước | S118: K63 | T118: Chính quy | U118: 2.8 | V118: Quy hoạch hệ thống thuỷ lợi hồ chứa nước Cam Ranh | W118: TS. Đặng Đồng Nguyên | X118: TS. Lê Thị Hòa Bình | Y118: Bộ môn Kỹ thuật tài nguyên nước và Môi trường
A119: 116 | B119: 1851022689 | C119: Dương Hải Duy | D119: =VLOOKUP(B119,Sheet3!$B:$I,3,0) -> #N/A | E119: =VLOOKUP($B119,Sheet4!$B:$L,4,0) -> 24/01/2000 | F119: 24/01/2000 | G119: =VLOOKUP($B119,Sheet3!$B:$I,5,0) -> #N/A | H119: =VLOOKUP($B119,Sheet4!$B:$L,5,0) -> 0 | I119: =VLOOKUP(B119,[1]Sheet3!$D:$K,5,0) -> Đồng kho tánh linh bình thuận | J119: Lâm Đồng | K119: =VLOOKUP($B119,Sheet3!$B:$I,6,0) -> #N/A | L119: =VLOOKUP($B119,Sheet4!$B:$L,10,0) -> 0 | M119: kinh | N119: =VLOOKUP($B119,Sheet3!$B:$I,7,0) -> #N/A | O119: =VLOOKUP($B119,Sheet4!$B:$L,11,0) -> 0 | P119: Không | Q119: S21-60N | R119: Kỹ thuật tài nguyên nước | S119: K60 | T119: Chính quy | U119: 1.99 | V119: Quy hoạch hệ thống thủy lợi hồ chứa nước Hố Khế | W119: TS. Lê Thị Hòa Bình | X119: TS. Đặng Đồng Nguyên | Y119: Bộ môn Kỹ thuật tài nguyên nước và Môi trường
A120: 117 | B120: 2051027046 | C120: Nguyễn Đại Thuý An | D120: =VLOOKUP(B120,Sheet3!$B:$I,3,0) -> 30/08/2002 | E120: =VLOOKUP($B120,Sheet4!$B:$L,4,0) -> 30/08/2002 | F120: 30/08/2002 | G120: =VLOOKUP($B120,Sheet3!$B:$I,5,0) -> 0 | H120: =VLOOKUP($B120,Sheet4!$B:$L,5,0) -> Tp.Hồ chí Minh | I120: =VLOOKUP(B120,[1]Sheet3!$D:$K,5,0) -> Tp. Hồ Chí Minh | J120: Thành phố Hồ Chí Minh | K120: =VLOOKUP($B120,Sheet3!$B:$I,6,0) -> 0 | L120: =VLOOKUP($B120,Sheet4!$B:$L,10,0) -> Kinh | M120: Kinh | N120: =VLOOKUP($B120,Sheet3!$B:$I,7,0) -> 0 | O120: =VLOOKUP($B120,Sheet4!$B:$L,11,0) -> Không | P120: Không | Q120: S23-62N | R120: Kỹ thuật tài nguyên nước | S120: K62 | T120: Chính quy | U120: 2.14 | V120: Quy hoạch hệ thống thuỷ lợi hồ chứa nước sông Ray | W120: TS. Lê Thị Hòa Bình | X120: TS. Đặng Đồng Nguyên | Y120: Bộ môn Kỹ thuật tài nguyên nước và Môi trường
A121: 118 | B121: 2051027473 | C121: Rmah Yen | D121: =VLOOKUP(B121,Sheet3!$B:$I,3,0) -> 24/02/2002 | E121: =VLOOKUP($B121,Sheet4!$B:$L,4,0) -> 24/02/2002 | F121: 24/02/2002 | G121: =VLOOKUP($B121,Sheet3!$B:$I,5,0) -> 0 | H121: =VLOOKUP($B121,Sheet4!$B:$L,5,0) -> Gia Lai | I121: =VLOOKUP(B121,[1]Sheet3!$D:$K,5,0) -> Thôn Marin 3, xã iamrơn, huyện iapa, Tỉnh Gia lai | J121: Gia Lai | K121: =VLOOKUP($B121,Sheet3!$B:$I,6,0) -> 0 | L121: =VLOOKUP($B121,Sheet4!$B:$L,10,0) -> Jrai | M121: Giarai | N121: =VLOOKUP($B121,Sheet3!$B:$I,7,0) -> 0 | O121: =VLOOKUP($B121,Sheet4!$B:$L,11,0) -> 24 | P121: Tin Lành | Q121: S23-62N | R121: Kỹ thuật tài nguyên nước | S121: K62 | T121: Chính quy | U121: 2.02 | V121: Quy hoạch hệ thống thuỷ lợi hồ chứa nước Cha Mai | W121: TS. Lê Thị Hòa Bình | X121: TS. Đặng Đồng Nguyên | Y121: Bộ môn Kỹ thuật tài nguyên nước và Môi trường
A122: 119 | B122: 2051027048 | C122: Nguyễn Đào Như Bình | D122: =VLOOKUP(B122,Sheet3!$B:$I,3,0) -> 01/10/2002 | E122: =VLOOKUP($B122,Sheet4!$B:$L,4,0) -> 01/10/2002 | F122: 01/10/2002 | G122: =VLOOKUP($B122,Sheet3!$B:$I,5,0) -> 0 | H122: =VLOOKUP($B122,Sheet4!$B:$L,5,0) -> Đồng Nai | I122: =VLOOKUP(B122,[1]Sheet3!$D:$K,5,0) -> Đồng Nai | J122: Đồng Nai | K122: =VLOOKUP($B122,Sheet3!$B:$I,6,0) -> 0 | L122: =VLOOKUP($B122,Sheet4!$B:$L,10,0) -> Kinh | M122: Kinh | N122: =VLOOKUP($B122,Sheet3!$B:$I,7,0) -> 0 | O122: =VLOOKUP($B122,Sheet4!$B:$L,11,0) -> không | P122: Không | Q122: S23-62N | R122: Kỹ thuật tài nguyên nước | S122: K62 | T122: Chính quy | U122: 2.01 | V122: Quy hoạch hệ thống thủy lợi hồ chứa nước Tà Rục | W122: TS. Lê Thị Hòa Bình | X122: TS. Đặng Đồng Nguyên | Y122: Bộ môn Kỹ thuật tài nguyên nước và Môi trường
A123: 120 | B123: 2151017006 | C123: Phạm Thị Thùy Duyên | D123: =VLOOKUP(B123,Sheet3!$B:$I,3,0) -> #N/A | E123: =VLOOKUP($B123,Sheet4!$B:$L,4,0) -> 01/06/2003 | F123: 01/06/2003 | G123: =VLOOKUP($B123,Sheet3!$B:$I,5,0) -> #N/A | H123: =VLOOKUP($B123,Sheet4!$B:$L,5,0) -> Đăk Lăk | I123: =VLOOKUP(B123,[1]Sheet3!$D:$K,5,0) -> Bệnh viện Đa Khoa, thành phố Buôn Ma Thuột, tỉnh Đăk Lăk | J123: Đắk Lắk | K123: =VLOOKUP($B123,Sheet3!$B:$I,6,0) -> #N/A | L123: =VLOOKUP($B123,Sheet4!$B:$L,10,0) -> Kinh | M123: Kinh | N123: =VLOOKUP($B123,Sheet3!$B:$I,7,0) -> #N/A | O123: =VLOOKUP($B123,Sheet4!$B:$L,11,0) -> 1173 | P123: Không | Q123: S24-63C | R123: Kỹ thuật xây dựng công trình thủy | S123: K63 | T123: Chính quy | U123: 3.11 | V123: Thiết kế cống kênh số 9 Bạc Liêu | W123: TS. Phạm Ngọc Thịnh | Y123: Bộ môn Kỹ thuật công trình
A124: 121 | B124: 2151017531 | C124: Phan Tường Vy | D124: =VLOOKUP(B124,Sheet3!$B:$I,3,0) -> #N/A | E124: =VLOOKUP($B124,Sheet4!$B:$L,4,0) -> 28/08/2003 | F124: 28/08/2003 | G124: =VLOOKUP($B124,Sheet3!$B:$I,5,0) -> #N/A | H124: =VLOOKUP($B124,Sheet4!$B:$L,5,0) -> Bình Định | I124: =VLOOKUP(B124,[1]Sheet3!$D:$K,5,0) -> Bình Định | J124: Gia Lai | K124: =VLOOKUP($B124,Sheet3!$B:$I,6,0) -> #N/A | L124: =VLOOKUP($B124,Sheet4!$B:$L,10,0) -> Kinh | M124: Kinh | N124: =VLOOKUP($B124,Sheet3!$B:$I,7,0) -> #N/A | O124: =VLOOKUP($B124,Sheet4!$B:$L,11,0) -> 32 | P124: Không | Q124: S24-63C | R124: Kỹ thuật xây dựng công trình thủy | S124: K63 | T124: Chính quy | U124: 2.19 | V124: Thiết kế hồ chứa Dakprong | W124: TS. Phạm Ngọc Thịnh | Y124: Bộ môn Kỹ thuật công trình
A125: 122 | B125: 2151017025 | C125: Nguyễn Nhật Trường | D125: =VLOOKUP(B125,Sheet3!$B:$I,3,0) -> #N/A | E125: =VLOOKUP($B125,Sheet4!$B:$L,4,0) -> 23/11/2003 | F125: 23/11/2003 | G125: =VLOOKUP($B125,Sheet3!$B:$I,5,0) -> #N/A | H125: =VLOOKUP($B125,Sheet4!$B:$L,5,0) -> Đăk Lăk | I125: =VLOOKUP(B125,[1]Sheet3!$D:$K,5,0) -> Phường Tân Lợi, thành phố Buôn Ma Thuột, tỉnh Đăk Lăk | J125: Đắk Lắk | K125: =VLOOKUP($B125,Sheet3!$B:$I,6,0) -> #N/A | L125: =VLOOKUP($B125,Sheet4!$B:$L,10,0) -> Kinh | M125: Kinh | N125: =VLOOKUP($B125,Sheet3!$B:$I,7,0) -> #N/A | O125: =VLOOKUP($B125,Sheet4!$B:$L,11,0) -> 1192 | P125: Không | Q125: S24-63C | R125: Kỹ thuật xây dựng công trình thủy | S125: K63 | T125: Chính quy | U125: 3.03 | V125: Thiết kế cống Cây Xanh | W125: TS. Phạm Ngọc Thịnh | Y125: Bộ môn Kỹ thuật công trình
...

Sheet Sheet7
A1: GV Hướng dẫn 1 | B1: Số SV HD | C1: Số SV có GVHD 2 | D1: GV Hướng dẫn 2 | E1: Số SV HD
A2: ThS. Dương Quốc Minh Triều | B2: =COUNTIF(TH!W:W,A2) -> 5 | C2: =COUNTIFS(TH!W4:W300,A2,TH!X4:X300,"<>") -> 0 | D2: ThS. Phạm Thị Duấn | E2: =COUNTIF(TH!X:X,D2) -> 8
A3: ThS. Nguyễn Thị Diễm Trang | B3: =COUNTIF(TH!W:W,A3) -> 5 | C3: =COUNTIFS(TH!W5:W301,A3,TH!X5:X301,"<>") -> 0 | D3: ThS. Lê Văn Tiến Hưng | E3: =COUNTIF(TH!X:X,D3) -> 4
A4: ThS. Đỗ Duy Khương | B4: =COUNTIF(TH!W:W,A4) -> 5 | C4: =COUNTIFS(TH!W6:W302,A4,TH!X6:X302,"<>") -> 0 | D4: TS. Lê Công Chính | E4: =COUNTIF(TH!X:X,D4) -> 4
A5: TS. Hà Kiên Tân | B5: =COUNTIF(TH!W:W,A5) -> 6 | C5: =COUNTIFS(TH!W7:W303,A5,TH!X7:X303,"<>") -> 0 | D5: TS. Lê Thị Hòa Bình | E5: =COUNTIF(TH!X:X,D5) -> 3
A6: TS. Trần Thị Thanh Huyền | B6: =COUNTIF(TH!W:W,A6) -> 7 | C6: =COUNTIFS(TH!W8:W304,A6,TH!X8:X304,"<>") -> 0 | D6: TS. Đặng Đồng Nguyên | E6: =COUNTIF(TH!X:X,D6) -> 4
A7: ThS. Tăng Thị Lưu | B7: =COUNTIF(TH!W:W,A7) -> 7 | C7: =COUNTIFS(TH!W9:W305,A7,TH!X9:X305,"<>") -> 0 | D7: ThS. Phạm Anh Tuấn | E7: =COUNTIF(TH!X:X,D7) -> 2
A8: TS. Trần Văn Biên | B8: =COUNTIF(TH!W:W,A8) -> 8 | C8: =COUNTIFS(TH!W10:W306,A8,TH!X10:X306,"<>") -> 8 | D8: TS. Đặng Văn Phú | E8: =COUNTIF(TH!X:X,D8) -> 14
A9: ThS. Trần Đức Thành | B9: =COUNTIF(TH!W:W,A9) -> 4 | C9: =COUNTIFS(TH!W11:W307,A9,TH!X11:X307,"<>") -> 0 | D9: TS. Phan Khanh Khánh | E9: =COUNTIF(TH!X:X,D9) -> 2
A10: ThS. Nguyễn Thị Hồng Hạnh | B10: =COUNTIF(TH!W:W,A10) -> 5 | C10: =COUNTIFS(TH!W12:W308,A10,TH!X12:X308,"<>") -> 0 | E10: =SUM(E2:E9) -> 41
A11: ThS. Lữ Thị Thanh Thúy | B11: =COUNTIF(TH!W:W,A11) -> 7 | C11: =COUNTIFS(TH!W13:W309,A11,TH!X13:X309,"<>") -> 0
A12: ThS. Đỗ Thị Thu Thủy | B12: =COUNTIF(TH!W:W,A12) -> 8 | C12: =COUNTIFS(TH!W14:W310,A12,TH!X14:X310,"<>") -> 0
A13: ThS. Nguyễn Thị Diện | B13: =COUNTIF(TH!W:W,A13) -> 6 | C13: =COUNTIFS(TH!W15:W311,A13,TH!X15:X311,"<>") -> 0
A14: ThS. Phan Thị Tài | B14: =COUNTIF(TH!W:W,A14) -> 3 | C14: =COUNTIFS(TH!W16:W312,A14,TH!X16:X312,"<>") -> 0
A15: ThS. Trần Ngọc Dân | B15: =COUNTIF(TH!W:W,A15) -> 3 | C15: =COUNTIFS(TH!W17:W313,A15,TH!X17:X313,"<>") -> 0
A16: TS. Hoàng Văn Quý | B16: =COUNTIF(TH!W:W,A16) -> 4 | C16: =COUNTIFS(TH!W18:W314,A16,TH!X18:X314,"<>") -> 0
A17: ThS. Nguyễn Thị Hồng Tú | B17: =COUNTIF(TH!W:W,A17) -> 3 | C17: =COUNTIFS(TH!W19:W315,A17,TH!X19:X315,"<>") -> 0
A18: ThS. Nguyễn Thị Kim Phụng | B18: =COUNTIF(TH!W:W,A18) -> 3 | C18: =COUNTIFS(TH!W20:W316,A18,TH!X20:X316,"<>") -> 0
A19: TS. Hoàng Thị Kiều Anh | B19: =COUNTIF(TH!W:W,A19) -> 5 | C19: =COUNTIFS(TH!W21:W317,A19,TH!X21:X317,"<>") -> 0
A20: ThS. Nguyễn Anh Tú | B20: =COUNTIF(TH!W:W,A20) -> 3 | C20: =COUNTIFS(TH!W22:W318,A20,TH!X22:X318,"<>") -> 0
A21: ThS. Vũ Thị Hạnh | B21: =COUNTIF(TH!W:W,A21) -> 2 | C21: =COUNTIFS(TH!W23:W319,A21,TH!X23:X319,"<>") -> 0
A22: PGS.TS. Trần Đăng An | B22: =COUNTIF(TH!W:W,A22) -> 8 | C22: =COUNTIFS(TH!W24:W320,A22,TH!X24:X320,"<>") -> 4
... A35: TS. Nguyễn Thị Phương Mai | B35: =COUNTIF(TH!W:W,A35) -> 10 | C35: =COUNTIFS(TH!W37:W333,A35,TH!X37:X333,"<>") -> 0
B36: =SUM(B2:B35) -> 198 | C36: =SUM(C2:C35) -> 41

Sheet Sheet1
A1: STT | B1: Họ và tên | C1: MSSV | D1: Lớp | E1: Số điểm tích lũy | F1: Ngành | G1: Điều kiện nhận HPTN | H1: Ghi Chú
A2: 1 | B2: Cáp Đức Hiệp | C2: 1851012851 | D2: S21-60C | E2: 2.03 | F2: Kỹ thuật xây dựng công trình thủy | G2: Đủ đk
A3: 2 | B3: Nguyễn Phước Việt | C3: 1851013270 | D3: S21-60C | E3: 1.96 | F3: Kỹ thuật xây dựng công trình thủy | G3: Đủ đk
A4: 3 | B4: Nguyễn Cao Lương | C4: 1851043176 | D4: S21-60CX2 | E4: 2.01 | F4: Kỹ thuật xây dựng | G4: Đủ đk
A5: 4 | B5: Phạm Hoàng Ngọc Long | C5: 1851042736 | D5: S21-60CX2 | E5: 1.96 | F5: Kỹ thuật xây dựng | G5: Đủ đk
A6: 5 | B6: Trần Kim Thiên | C6: 1851133239 | D6: S21-60GT | E6: 1.95 | F6: Kỹ thuật xây dựng công trình giao thông | G6: Đủ đk
A7: 6 | B7: Trần Văn Bảo | C7: 1851132863 | D7: S21-60GT | E7: 2 | F7: Kỹ thuật xây dựng công trình giao thông | G7: Đủ đk
A8: 7 | B8: Dương Hải Duy | C8: 1851022689 | D8: S21-60N | E8: 1.99 | F8: Kỹ thuật tài nguyên nước | G8: Đủ đk
A9: 8 | B9: Lưu Thị Linh Uyên | C9: 1951015717 | D9: S22-61C | E9: 1.97 | F9: Kỹ thuật xây dựng công trình thủy | G9: Đủ đk
A10: 9 | B10: Nguyễn Thị Tố Quyên | C10: 1951015150 | D10: S22-61C | E10: 2 | F10: Kỹ thuật xây dựng công trình thủy | G10: Đủ đk
A11: 10 | B11: Đặng Đình Tài | C11: 1951015231 | D11: S22-61C | E11: 2.01 | F11: Kỹ thuật xây dựng công trình thủy | G11: Đủ đk
A12: 11 | B12: Phạm Quốc Huy | C12: 1951015560 | D12: S22-61C | E12: 1.96 | F12: Kỹ thuật xây dựng công trình thủy | G12: Đủ Đk
A13: 12 | B13: Nguyễn Hoàng Hữu Tài | C13: 1951045651 | D13: S22-61CX | E13: 2.2 | F13: Kỹ thuật xây dựng | G13: Đủ đk
A14: 13 | B14: Phan Lê Anh Kiệt | C14: 1951045142 | D14: S22-61CX | E14: 1.98 | F14: Kỹ thuật xây dựng | G14: Đủ đk
A15: 14 | B15: Nguyễn Thế Anh | C15: 1951040205 | D15: S22-61CX | E15: 2.23 | F15: Kỹ thuật xây dựng | G15: Đủ đk
A16: 15 | B16: Bùi Ngọc Nhậm | C16: 1951045587 | D16: S22-61CX | E16: 2.01 | F16: Kỹ thuật xây dựng | G16: Đủ Đk
A17: 16 | B17: Phạm Đàm Mỹ Duyên | C17: 1954025556 | D17: S22-61QT-Mar | E17: 1.91 | F17: Quản trị Marketing | G17: Đủ đk
A18: 17 | B18: Nguyễn Thị Ngọc Huyền | C18: 1954025484 | D18: S22-61QT-TMĐT | E18: 2.11 | F18: Quản trị kinh doanh thương mại điện tử | G18: Đủ đk
A19: 18 | B19: Đỗ Ngọc Quỳnh Anh | C19: 1954025583 | D19: S22-61QT-TMĐT | E19: 1.93 | F19: Quản trị kinh doanh thương mại điện tử | G19: Đủ đk
A20: 19 | B20: Võ Huy Hoà | C20: 2051017011 | D20: S23-62C | E20: 2.02 | F20: Kỹ thuật xây dựng công trình thủy | G20: Đủ đk
... A23: 22 | B23: Nguyễn Khánh An | C23: 2051017000 | D23: S23-62C | E23: 2.1 | F23: Kỹ thuật xây dựng công trình thủy | G23: Đủ đk
A24: 23 | B24: Phạm Hải Đăng | C24: 2051117603 | D24: S23-62CT | E24: 2.08 | F24: Công nghệ kỹ thuật xây dựng | G24: Đủ đk
A25: 24 | B25: Lương Nguyễn Đăng Khiêm | C25: 2051077592 | D25: S23-62CTN | E25: 2.13 | F25: Kỹ thuật cấp thoát nước | G25: Đủ đk
A26: 25 | B26: Nguyễn Tùng Lâm | C26: 2051047095 | D26: S23-62CX | E26: 1.96 | F26: Kỹ thuật xây dựng | G26: Đủ đk
A27: 26 | B27: Trương Quốc Thịnh | C27: 2051047478 | D27: S23-62CX | E27: 1.96 | F27: Kỹ thuật xây dựng | G27: Đủ đk
A28: 27 | B28: Trần Văn Huy | C28: 2051047092 | D28: S23-62CX | E28: 2.06 | F28: Kỹ thuật xây dựng | G28: Đủ đk
A29: 28 | B29: Mai Phong Phú | C29: 2051047109 | D29: S23-62CX | E29: 1.99 | F29: Kỹ thuật xây dựng | G29: Đủ đk
A30: 29 | B30: Nguyễn Đăng Khoa | C30: 2051047481 | D30: S23-62CX | E30: 2.83 | F30: Kỹ thuật xây dựng | G30: Đủ đk
A31: 30 | B31: Nguyễn Thị Bích Ngân | C31: 2054037737 | D31: S23-62KT | E31: 2.47 | F31: Kế toán | G31: Đủ Đk
A32: 31 | B32: Nguyễn Đại Thuý An | C32: 2051027046 | D32: S23-62N | E32: 2.14 | F32: Kỹ thuật tài nguyên nước | G32: Đủ đk
A33: 32 | B33: Rmah Yen | C33: 2051027473 | D33: S23-62N | E33: 2.02 | F33: Kỹ thuật tài nguyên nước | G33: Đủ đk
A34: 33 | B34: Nguyễn Đào Như Bình | C34: 2051027048 | D34: S23-62N | E34: 2.01 | F34: Kỹ thuật tài nguyên nước | G34: Đủ đk
A35: 34 | B35: Trần Thị Hải Yến | C35: 2054027653 | D35: S23-62QT-MAR | E35: 2.11 | F35: Quản trị Marketing | G35: Đủ Đk
A36: 35 | B36: Đặng Cao Thiên Phước | C36: 2051067538 | D36: S23-62TH | E36: 2.18 | F36: Công nghệ thông tin | G36: Đủ đk
A37: 36 | B37: Trần Huy Hoàng | C37: 2051067521 | D37: S23-62TH | E37: 2.58 | F37: Công nghệ thông tin | G37: Đủ đk
A38: 37 | B38: Vũ Trí Minh | C38: 2051067806 | D38: S23-62TH | E38: 2.26 | F38: Công nghệ thông tin | G38: Đủ Đk
A39: 38 | B39: Nguyễn Anh Hào | C39: 2051067773 | D39: S23-62TH | E39: 1.94 | F39: Công nghệ thông tin | G39: Đủ Đk
A40: 39 | B40: Đỗ Quốc Thái | C40: 2051067231 | D40: S23-62TH | E40: 1.94 | F40: Công nghệ thông tin | G40: Đủ Đk
A41: 40 | B41: Trần Lê Thanh Vy | C41: 2054027441 | D41: S24-62QT-KDQT | E41: 1.79 | F41: Quản trị kinh doanh quốc tế | G41: Đủ đk
A42: 41 | B42: Nguyễn Ngọc Xuân Trang | C42: 2054027428 | D42: S24-62QT-Mar | E42: 2.24 | F42: Quản trị Marketing | G42: Đủ đk
A43: 42 | B43: Phạm Thị Thùy Duyên | C43: 2151017006 | D43: S24-63C | E43: 3.11 | F43: Kỹ thuật xây dựng công trình thủy | G43: Đủ Đk
A44: 43 | B44: Nguyễn Trung Kiện | C44: 2151017212 | D44: S24-63C | E44: 3.42 | F44: Kỹ thuật xây dựng công trình thủy | G44: Đủ Đk
A45: 44 | B45: Cao Thị Thảo Sương | C45: 2151017022 | D45: S24-63C | E45: 2.26 | F45: Kỹ thuật xây dựng công trình thủy | G45: Đủ Đk
A46: 45 | B46: Phan Tường Vy | C46: 2151017531 | D46: S24-63C | E46: 2.19 | F46: Kỹ thuật xây dựng công trình thủy | G46: Đủ Đk
A47: 46 | B47: Cù Minh Đức | C47: 2151017003 | D47: S24-63C | E47: 1.96 | F47: Kỹ thuật xây dựng công trình thủy | G47: Đủ Đk
A48: 47 | B48: Nguyễn Thị Yến Nhi | C48: 2151017513 | D48: S24-63C | E48: 2.16 | F48: Kỹ thuật xây dựng công trình thủy | G48: Đủ Đk
A49: 48 | B49: Đồng Văn Huynh | C49: 2154077881 | D49: S24-63C | E49: 2.66 | F49: Kỹ thuật xây dựng công trình thủy | G49: Đủ Đk
A50: 49 | B50: Nguyễn Nhật Trường | C50: 2151017025 | D50: S24-63C | E50: 3.03 | F50: Kỹ thuật xây dựng công trình thủy | G50: Đủ Đk
A51: 50 | B51: Nguyễn Hữu Minh Quang | C51: 2151017021 | D51: S24-63C | E51: 2.96 | F51: Kỹ thuật xây dựng công trình thủy | G51: Đủ Đk
A52: 51 | B52: Võ Thị Tố Như | C52: 2151017019 | D52: S24-63C | E52: 2.3 | F52: Kỹ thuật xây dựng công trình thủy | G52: Đủ Đk
A53: 52 | B53: Trần Minh Hiếu | C53: 2151017008 | D53: S24-63C | E53: 2.33 | F53: Kỹ thuật xây dựng công trình thủy | G53: Đủ Đk
A54: 53 | B54: Kiều Công Luận | C54: 2151017508 | D54: S24-63C | E54: 2.13 | F54: Kỹ thuật xây dựng công trình thủy | G54: Đủ Đk
... A124: 123 | B124: Nguyễn thị Xuân Quỳnh | C124: 2154027124 | D124: S24-63KT | E124: 2.21 | F124: Kế toán | G124: Đủ đk
A125: 124 | B125: Trần Thị Hoài Thu | C125: 2154037384 | D125: S24-63KT | E125: 3.7 | F125: Kế toán | G125: Đủ đk
A126: 125 | B126: Đinh Vũ Phương Hiếu | C126: 2154037153 | D126: S24-63KT | E126: 2.38 | F126: Kế toán | G126: Đủ đk
A127: 126 | B127: Hoàng Huyên Hân | C127: 2154037764 | D127: S24-63KT | E127: 1.94 | F127: Kế toán | G127: Đủ đk
A128: 127 | B128: Lê Thị Thảo | C128: 2154037161 | D128: S24-63KT | E128: 2.32 | F128: Kế toán | G128: Đủ đk
A129: 128 | B129: Lâm Thị Xuân Hiệp | C129: 2154037766 | D129: S24-63KT | E129: 1.85 | F129: Kế toán | G129: Đủ đk
A130: 129 | B130: Trần Thanh Thảo | C130: 2154077195 | D130: S24-63KT | E130: 3.65 | F130: Kế toán | G130: Đủ đk
A131: 130 | B131: Nguyễn Thị Thuỳ Trang | C131: 2154037322 | D131: S24-63KT | E131: 2.26 | F131: Kế toán | G131: Đủ đk
A132: 131 | B132: Phạm Thị Thu Thuỷ | C132: 2154037792 | D132: S24-63KT | E132: 2.37 | F132: Kế toán | G132: Đủ đk
A133: 132 | B133: Bùi Lê Xuân Bình | C133: 2154037150 | D133: S24-63KT | E133: 2.1 | F133: Kế toán | G133: Đủ đk
A134: 133 | B134: Nguyễn Hoàng Anh Thư | C134: 2154037794 | D134: S24-63KT | E134: 2.35 | F134: Kế toán | G134: Đủ Đk
A135: 134 | B135: Nguyễn Thị Thu Hằng | C135: 2154037762 | D135: S24-63KT | E135: 1.89 | F135: Kế toán | G135: Đủ Đk
A136: 135 | B136: Hồ Thị Kim Ngân | C136: 2154037773 | D136: S24-63KT | E136: 2.29 | F136: Kế toán | G136: Đủ Đk
A137: 136 | B137: Lê Vân Huyền Như | C137: 2154037157 | D137: S24-63KT | E137: 2.52 | F137: Kế toán | G137: Đủ Đk
... A190: 189 | B190: Kiều Thị Kim Anh | C190: 2154027904 | D190: S24-63QT-MAR | E190: 1.89 | F190: Quản trị Marketing | G190: Đủ Đk
A191: 190 | B191: Nguyễn Ngọc Sơn | C191: 2031070253 | D191: SG24CTN | E191: 2.54 | F191: Kỹ thuật cấp thoát nước | G191: Đủ đk
A192: 191 | B192: Nguyễn Lâm Toàn | C192: 2031070259 | D192: SG24CTN | E192: 2.52 | F192: Kỹ thuật cấp thoát nước | G192: Đủ đk
A193: 192 | B193: Nguyễn Quốc Toàn | C193: 2151017520 | D193: S24-63CTN | E193: 2.3 | F193: Kỹ thuật cấp thoát nước | G193: Đủ Đk
A194: 193 | B194: Nguyễn Ngọc Trường | C194: 2151017525 | D194: S24-63CTN | E194: 2.28 | F194: Kỹ thuật cấp thoát nước | G194: Đủ Đk
A195: 194 | B195: Nguyễn Văn Linh | C195: 2051137294 | D195: S23-62GT | E195: 2.38 | F195: Kỹ thuật xây dựng công trình giao thông | G195: Đủ đk
A196: 195 | B196: Ngô Đức Thịnh | C196: 2051047120 | D196: S23-62CX | E196: 2.19 | F196: Kỹ thuật xây dựng | G196: Đủ Đk
A197: 196 | B197: Nguyễn Ngọc Bảo | C197: 2051067522 | D197: S23-62TH | E197: 2.69 | F197: Công nghệ thông tin | G197: Đủ Đk
A198: 197 | B198: Trần Phạm Công Hậu | C198: 2051067571 | D198: S23-62TH | E198: 2.12 | F198: Công nghệ thông tin | G198: Đủ Đk

Sheet Sheet2
A1: STT | B1: Mã sinh viên | C1: Họ tên | D1: Lớp | E1: Tên đề tài | F1: Tên đề tài hiệu chỉnh | G1: Giảng viên hướng dẫn 1 | H1: Hiệu chỉnh giảng viên hướng dẫn | I1: Giảng viên hướng dẫn 2 | J1: Bộ môn
A2: 1 | B2: 1954025484 | C2: Nguyễn Thị Ngọc Huyền | D2: S22-61QT-TMĐT | E2: Hoàn thiện hoạt động bán hàng tại Công ty Cổ phần Dịch vụ Xây dựng Địa ốc An Trường Thịnh | F2: Hoàn thiện hoạt động bán hàng tại Công ty Cổ phần Đầu tư và Phát triển Bất động sản Richard Land | G2: ThS. Dương Quốc Minh Triều | J2: Bộ môn Kế toàn và Quản trị kinh doanh
A3: 2 | B3: 1954025583 | C3: Đỗ Ngọc Quỳnh Anh | D3: S22-61QT-TMĐT | E3: Hoàn thiện công tác đào tạo nguồn nhân lực tại Công ty Cổ Phần Trải Nghiệm Toàn Cầu | F3: Hoàn thiện công tác đào tạo nguồn nhân lực tại Công ty Trách Nhiệm Hữu Hạn Merimen Technologies (VIỆT NAM) | G3: ThS. Dương Quốc Minh Triều | J3: Bộ môn Kế toàn và Quản trị kinh doanh
A4: 3 | B4: 2054027428 | C4: Nguyễn Ngọc Xuân Trang | D4: S24-62QT-Mar | E4: Thực trạng hoạt động marketing và marketing mix cho sản phẩm “TOEIC 4 kỹ năng” của Công ty TNHH Tư vấn và Giáo dục Thiên Bảo | F4: Thực trạng hoạt động marketing mix tại Công ty TNHH Tư vấn và Giáo dục Thiên Bảo | G4: TS. Trần Thị Thanh Huyền | J4: Bộ môn Kế toàn và Quản trị kinh doanh
A5: 4 | B5: 2154037772 | C5: Bùi Thị Thu Nga | D5: S24-63KT | E5: Kế toán thanh toán với người bán, người mua tại Ngân Hàng Thương Mại Cổ Phần Quốc Tế Việt Nam | F5: Kế toán thanh toán với người mua người bán tại Công ty cổ phần Homedoor Vina. | G5: ThS. Nguyễn Thị Diện | J5: Bộ môn Kế toàn và Quản trị kinh doanh
A6: 5 | B6: 2154027124 | C6: Nguyễn Thị Xuân Quỳnh | D6: S24-63KT | E6: Kế toán tài sản cố định tại Công ty Đấu Giá Hợp Danh Đông Nam | F6: Kế toán thanh toán với người mua, người bán tại Công Ty Cổ Phần Tập Đoàn UNIS | G6: ThS. Nguyễn Thị Diện | J6: Bộ môn Kế toàn và Quản trị kinh doanh
A7: 6 | B7: 2154077387 | C7: Nguyễn Thị Thanh Ngân | D7: S24-63LG2 | E7: Hoàn thiện hoạt động giao nhận hàng hóa nhập khẩu nguyên container bằng đường biển tại Công ty TNHH TMDV Vạn Hải | F7: Hoàn thiện hoạt động giao nhận hàng hóa nhập khẩu nguyên container bằng đường biển tại Công ty TNHH TM VÀ DV VẠN HẢI | G7: TS. Trần Văn Biên | I7: ThS. Phạm Thị Duấn | J7: Bộ môn Kế toàn và Quản trị kinh doanh
A8: 7 | B8: 2154027661 | C8: Bùi Thị Phương Dung | D8: S24-63QT-KDQT | E8: Hoạt động tuyển dụng tại Công ty TNHH Đầu tư Vận tải Bảo Anh: Thực trạng và giải pháp | F8: Hoạt động tuyển dụng tại Công ty TNHH Một Thành Viên TMDV Quốc Dũng: Thực trạng và giải pháp | G8: TS. Trần Thị Thanh Huyền | J8: Bộ môn Kế toàn và Quản trị kinh doanh
A9: 8 | B9: 2154025165 | C9: Nguyễn Khánh Vân | D9: S24-63QT-KDQT | E9: Hoạt động tuyển dụng tại công ty TNHH Thương Mại Và Đầu Tư SRT Miền Nam: Thực trạng và giải pháp | F9: Hoàn thiện công tác chăm sóc khách hàng tại Radisson Blu Resort Phú Quốc | G9: TS. Trần Thị Thanh Huyền | J9: Bộ môn Kế toàn và Quản trị kinh doanh
A10: 9 | B10: 2154027096 | C10: Phạm Thị Thuý Hiền | D10: S24-63QT-Mar | E10: Hoàn thiện công tác chăm sóc khách hàng tại Công ty TNHH Vận Tải Dương Nguyên ạ | F10: Hoàn thiện công tác chăm sóc khách hàng tại Công ty TNHH Vận Tải Dương Nguyên | G10: ThS. Dương Quốc Minh Triều | J10: Bộ môn Kế toàn và Quản trị kinh doanh
A11: 10 | B11: 2154027689 | C11: Đỗ Ngọc Linh | D11: S24-63QT-Mar | E11: Hoàn thiện khung năng lực và chương trình đào tạo cho đội ngũ hoạt náo viên tại Công ty cổ phần Central Retail (Việt Nam) | F11: Hoàn thiện công tác đào tạo nguồn nhân lực tại Công ty Cổ phần Central Retail Corporation (Việt Nam) | G11: TS. Hà Kiên Tân | H11: TS. Trần Thị Thanh Huyền | J11: Bộ môn Kế toàn và Quản trị kinh doanh
A12: 11 | B12: 1851013270 | C12: Nguyễn Phước Việt | D12: S21-60C | E12: Thiết kế hồ chứa Hồ Móng | F12: Thiết kế hồ chứa Hồ Mòng | G12: TS. Phạm Ngọc Thịnh | J12: Bộ môn Kỹ thuật công trình
A13: 12 | B13: 2051117603 | C13: Phạm Hải Đăng | D13: S23-62CT | E13: Thiết kế tổ chức thi công công trình cống Cái Bè Sáu - Bến Tre | F13: Thiết kế tổ chức thi công công trình cống Cái Bè Sâu - Bến Tre | G13: PGS.TS. Lê Trung Thành | I13: TS. Phan Khanh Khánh | J13: Bộ môn Kỹ thuật công trình
A14: 13 | B14: 2051077592 | C14: Lương Nguyễn Đăng Khiêm | D14: S23-62CTN | E14: Thiết kế hệ thống cấp nước Khu đô thị mới An Lạc 1, tỉnh Tiền Giang tới năm 2040 | F14: Thiết kế hệ thống cấp nước Khu đô thị mới An Lạc 1, tỉnh Đồng Tháp tới năm 2040 | G14: PGS.TS. Trần Đăng An | I14: TS. Lê Công Chính | J14: Bộ môn Kỹ thuật tài nguyên nước và môi trường
A15: 14 | B15: 2151017502 | C15: Nguyễn Diệp Quốc Giảng | D15: S24-63CTN | E15: Thiết kế hệ thống cấp nước đô thị Tân Châu, tỉnh Tiền Giang tới năm 2040 | F15: Thiết kế hệ thống cấp nước đô thị Tân Châu, tỉnh Đồng Tháp tới năm 2040 | G15: PGS.TS. Trần Đăng An | J15: Bộ môn Kỹ thuật tài nguyên nước và môi trường
A16: 15 | B16: 2151017525 | C16: Nguyễn Ngọc Trường | D16: S24-63CTN | E16: Thiết kế hệ thống cấp nước Khu đô thị thương mại dịch vụ ven sông phía Đông Sa Đéc, tỉnh Tiền Giang tới năm 2040 | F16: Thiết kế hệ thống cấp nước Khu đô thị thương mại dịch vụ ven sông phía Đông Sa Đéc, tỉnh Đồng Tháp tới năm 2040 | G16: PGS.TS. Trần Đăng An | I16: TS. Lê Công Chính | J16: Bộ môn Kỹ thuật tài nguyên nước và môi trường
A17: 16 | B17: 2151017500 | C17: Nguyễn Chí Công | D17: S24-63CTN | E17: Thiết kế Hệ thống cấp nước phường Phú Lợi và phường Sóc Trăng, Thành phố Cần Thơ tới năm 2040 | F17: Thiết kế hệ thống cấp nước Khu đô thị Long Hòa, Dầu Tiếng, TP. Hồ Chí Minh tới 2040 | G17: PGS.TS. Trần Đăng An | J17: Bộ môn Kỹ thuật tài nguyên nước và môi trường
A18: 17 | B18: 2151017343 | C18: Chung Ngọc Hoài Dung | D18: S24-63N | E18: Quy hoạch hệ thống thuỷ lợi hồ chứa Cam Ranh | F18: Quy hoạch hệ thống thuỷ lợi hồ chứa nước Cam Ranh | G18: TS. Đặng Đồng Nguyên | I18: TS. Lê Thị Hòa Bình | J18: Bộ môn Kỹ thuật tài nguyên nước và môi trường
A19: 18 | B19: 2031070253 | C19: Nguyễn Ngọc Sơn | D19: SG24CTN | E19: Thiết kế hệ thống cấp nước Khu đô dân cư Hòa Thành, tỉnh Tiền Giang tới năm 2040 | F19: Thiết kế hệ thống cấp nước Khu dân cư Hòa Thành, tỉnh Đồng Tháp tới năm 2040 | G19: PGS.TS. Trần Đăng An | I19: TS. Lê Công Chính | J19: Bộ môn Kỹ thuật tài nguyên nước và môi trường

Sheet Sheet3
A1: 261544163 | B1: 2051117885 | C1: Phan Hoàng Vũ | D1: 14/11/1998 | E1: Nam | F1: Bình Thuận | I1: K62
A2: 261660192 | B2: 2054037750 | C2: Trần Lan Anh | D2: 01/03/2002 | E2: Nữ | F2: Bình Thuận | I2: K62
A3: 241903281 | B3: 2051077751 | C3: Cao Minh Hoàng | D3: 24/12/2002 | E3: Nam | F3: Đắk Lắk | I3: K62
A4: 301687967 | B4: 2054037752 | C4: Trần Thị Yến Huỳnh | D4: 23/02/2000 | E4: Nữ | F4: Long An | I4: K62
A5: 321793552 | B5: 2054027753 | C5: Phạm Thanh Triều | D5: 13/10/2002 | E5: Nam | F5: Bến Tre | I5: K62
A6: 281294313 | B6: 2051067754 | C6: Nguyễn Nhật Minh | D6: 23/06/2002 | E6: Nam | F6: Bình Dương | I6: K62
A7: 079202005751 | B7: 2051027755 | C7: Phạm Công Danh | D7: 09/10/2002 | E7: Nam | F7: Hồ Chí Minh | I7: K62
A8: 080202000334 | B8: 2054037756 | C8: Hồ Quang Thịnh | D8: 13/10/2002 | E8: Nam | F8: Hồ Chí Minh | I8: K62
A9: 342069050 | B9: 2051077757 | C9: Nguyễn Thị Kim Tỏa | D9: 18/05/2002 | E9: Nữ | F9: Đồng Tháp | I9: K62
A10: 079202036660 | B10: 2051067758 | C10: Võ Vũ Trường Giang | D10: 20/04/2002 | E10: Nam | F10: Hồ Chí Minh | I10: K62
A11: 241997506 | B11: 2051067759 | C11: Trần Văn Phúc | D11: 20/09/2002 | E11: Nam | F11: Đắk Lắk | I11: K62
A12: 077302001384 | B12: 2054027760 | C12: Bùi Thị Tuyết Nhi | D12: 10/10/2002 | E12: Nữ | F12: Bà Rịa - Vũng Tàu | I12: K62
A13: 000215569483 | B13: 2051047761 | C13: Nguyễn Tiến Nam | D13: 13/11/2002 | E13: Nam | F13: Bình Định | I13: K62
A14: 241759985 | B14: 2051067762 | C14: Nguyễn Đình Phúc | D14: 12/09/2001 | E14: Nam | F14: Đắk Lắk | I14: K62
A15: 036302009733 | B15: 2054037763 | C15: Trần Thu Phương | D15: 09/03/2002 | E15: Nữ | F15: Quảng Bình | I15: K62
... A134: 215558856 | B134: 2054037883 | C134: Nguyễn Thị Kiêm | D134: 10/09/2002 | E134: Nữ | F134: Bình Định | I134: K62
A135: 001202008785 | B135: 2051017463 | C135: Nguyễn Khánh An | D135: 29/09/2002 | E135: Nam | I135: K62
A136: 034202000402 | B136: 2051017003 | C136: Trương Việt Anh | D136: 15/05/2002 | E136: Nam | I136: K62
A137: 312468513 | B137: 2051017006 | C137: Lê Tấn Đạt | D137: 30/11/2001 | E137: Nam | I137: K62
A138: 261568058 | B138: 2051017007 | C138: Đặng Nguyễn Hồ Điệp | D138: 08/01/2002 | E138: Nam | I138: K62
A139: 231369966 | B139: 2051017462 | C139: Lê Công Đức | D139: 17/09/2002 | E139: Nam | I139: K62
A140: 184454699 | B140: 2051017011 | C140: Võ Huy Hòa | D140: 19/02/2002 | E140: Nam | I140: K62
A141: 276064702 | B141: 2051017460 | C141: Nguyễn Phú Hùng | D141: 08/11/2002 | E141: Nam | I141: K62
A142: 382003324 | B142: 2051017015 | C142: Đặng Thanh Khiết | D142: 07/11/2002 | E142: Nam | I142: K62
A143: 261617865 | B143: 2051017019 | C143: Trần Khánh Ly | D143: 25/02/2002 | E143: Nữ | I143: K62
A144: 241779452 | B144: 2051017021 | C144: Bùi Thị Bích Ngọc | D144: 18/12/2001 | E144: Nữ | I144: K62
A145: 312490737 | B145: 2051017023 | C145: Nguyễn Quốc Trọng Nhân | D145: 25/07/2002 | E145: Nam | I145: K62
A146: 381972288 | B146: 2051017024 | C146: Biện Minh Nhựt | D146: 11/02/2002 | E146: Nam | I146: K62
... A424: 082302000094 | B424: 2054037743 | C424: Ngô Võ Hoàng Thơ | D424: 14/02/2002 | E424: Nữ | I424: K62
A425: 042203002587 | B425: 2251018004 | C425: Trần Đức Công | D425: 14/08/2003 | E425: Nam | G425: Kinh | H425: Công giáo | I425: K64
A426: 044204000428 | B426: 2251018005 | C426: Trần Mạnh Cường | D426: 03/02/2004 | E426: Nam | G426: Kinh | H426: Không | I426: K64
A427: 034204005995 | B427: 2251018011 | C427: Lê Anh Đức | D427: 12/12/2004 | E427: Nam | G427: Kinh | H427: Không | I427: K64
A428: 072204000735 | B428: 2251018008 | C428: Võ Khánh Duy | D428: 19/03/2004 | E428: Nam | G428: Kinh | H428: Phật giáo | I428: K64
A429: 082304002960 | B429: 2251018013 | C429: Nguyễn Thị Ngọc Hân | D429: 13/09/2004 | E429: Nữ | G429: Kinh | H429: Không | I429: K64
A430: 077204003082 | B430: 2251018018 | C430: Lương Bảo Huy | D430: 08/10/2004 | E430: Nam | G430: Kinh | H430: Không | I430: K64
A431: 060204006975 | B431: 2251018021 | C431: Võ Đan Huy | D431: 11/01/2004 | E431: Nam | G431: Kinh | H431: Không | I431: K64
A432: 060204002876 | B432: 2251018026 | C432: Đỗ Phạm Duy Khang | D432: 07/08/2004 | E432: Nam | G432: Kinh | H432: Không | I432: K64
A433: 083304007378 | B433: 2251018028 | C433: Lê Trần Kim Khánh | D433: 12/08/2004 | E433: Nữ | G433: Kinh | H433: Không | I433: K64
A434: 096204008943 | B434: 2251018029 | C434: Trần Quốc Khánh | D434: 17/12/2004 | E434: Nam | G434: Kinh | H434: Không | I434: K64
A435: 301891763 | B435: 2251018030 | C435: Huỳnh Hữu Khoa | D435: 16/11/2004 | E435: Nam | G435: Kinh | H435: Không | I435: K64
A436: 058204001598 | B436: 2251018031 | C436: Nguyễn Anh Khoa | D436: 08/03/2004 | E436: Nam | G436: Kinh | H436: Không | I436: K64
... A446: 089204004274 | B446: 2251018050 | C446: Trương Hữu Nhân | D446: 29/06/2004 | E446: Nam | G446: Kinh | H446: Phật giáo | I446: K64
A447: 086203010176 | B447: 2251018053 | C447: Nguyễn Thành Phát | D447: 12/08/2003 | E447: Nam | H447: Không | I447: K64
A448: 052204010516 | B448: 2251018054 | C448: Mai Tấn Phong | D448: 30/01/2004 | E448: Nam | G448: Kinh | H448: Không | I448: K64
A449: 027204006338 | B449: 2251018058 | C449: Nguyễn Quang San | D449: 03/03/2004 | E449: Nam | G449: Kinh | H449: Không | I449: K64
A450: 312579703 | B450: 2251018062 | C450: Lê Văn Quốc Thái | D450: 02/10/2004 | E450: Nam | G450: Kinh | H450: Không | I450: K64
A451: 060204002167 | B451: 2251018063 | C451: Trần Quốc Thanh | D451: 15/04/2004 | E451: Nam | G451: Kinh | H451: Không | I451: K64
A452: 083204010885 | B452: 2251018064 | C452: Nguyễn Hữu Thành | D452: 19/10/2004 | E452: Nam | G452: Kinh | H452: Không | I452: K64
A453: 038204004326 | B453: 2251018065 | C453: Vũ Nguyễn Tất Thành | D453: 15/08/2004 | E453: Nam | G453: Kinh | H453: Không | I453: K64
A454: 087204016363 | B454: 2251018066 | C454: Võ Hữu Thoại | D454: 21/11/2004 | E454: Nam | G454: Kinh | H454: Không | I454: K64
A455: 038204018859 | B455: 2251018067 | C455: Chu Đình Thưởng | D455: 13/09/2004 | E455: Nam | G455: Kinh | H455: Không | I455: K64
A456: 301715457 | B456: 2251018069 | C456: Nguyễn Khắc Tiệp | D456: 26/05/2002 | E456: Nam | I456: K64
A457: 079304032446 | B457: 2251018071 | C457: Lê Bích Trâm | D457: 02/08/2004 | E457: Nữ | G457: Kinh | H457: Phật giáo | I457: K64
A458: 079204034042 | B458: 2251018074 | C458: Đinh Hồng Trung | D458: 22/08/2004 | E458: Nam | G458: Kinh | H458: Phật giáo | I458: K64
A459: 001201031330 | B459: 2251018075 | C459: Nguyễn Mạnh Trường | D459: 21/10/2001 | E459: Nam | G459: Kinh | H459: Không | I459: K64
A460: 052204001986 | B460: 2251018078 | C460: Nguyễn Hoàng Việt | D460: 27/10/2004 | E460: Nam | G460: Kinh | H460: Không | I460: K64
A461: 083204014365 | B461: 2251018079 | C461: Huỳnh Phúc Vinh | D461: 18/10/2004 | E461: Nam | G461: Kinh | H461: Không | I461: K64
A462: 001204025873 | B462: 2251018080 | C462: Nguyễn Quang Vinh | D462: 04/01/2004 | E462: Nam | G462: Kinh | H462: Không | I462: K64
A463: 080304009384 | B463: 2251018082 | C463: Nguyễn Thị Xuân Yến | D463: 01/04/2004 | E463: Nữ | G463: Kinh | H463: Không | I463: K64
A464: 089204021891 | B464: 2251068170 | C464: Võ Nguyễn Tấn An | D464: 17/03/2004 | E464: Nam | G464: Kinh | H464: Không | I464: K64
A465: 068204008173 | B465: 2251068174 | C465: Võ Xuân Ân | D465: 06/06/2004 | E465: Nam | G465: Kinh | H465: Phật giáo | I465: K64
A466: 052204011387 | B466: 2251068172 | C466: Lê Hồng Anh | D466: 12/11/2004 | E466: Nam | G466: Kinh | H466: Không | I466: K64
A467: 066204002534 | B467: 2251068173 | C467: Nguyễn Hoàng Anh | D467: 28/02/2004 | E467: Nam | G467: Kinh | H467: Không | I467: K64
A468: 056204013151 | B468: 2251068175 | C468: Đào Nguyễn Duy Bảo | D468: 09/12/2004 | E468: Nam | G468: Kinh | H468: Phật giáo | I468: K64
... A479: 091204003079 | B479: 2251068188 | C479: Lê Hoàng Giang | D479: 25/02/2004 | E479: Nam | G479: Kinh | H479: Không | I479: K64
A480: 077204000653 | B480: 2251068189 | C480: Đỗ Nguyên Giáp | D480: 26/04/2004 | E480: Nam | I480: K64
A481: 0C9007935 | B481: 2251068190 | C481: Nguyễn Nguyên Giáp | D481: 29/11/2000 | E481: Nam | I481: K64
A482: 054204008792 | B482: 2251068192 | C482: Lê Vĩnh Hân | D482: 07/12/2004 | E482: Nam | G482: Kinh | H482: Không | I482: K64
A483: 052304006004 | B483: 2251068191 | C483: Nguyễn Thị Thu Hằng | D483: 08/12/2004 | E483: Nữ | G483: Kinh | H483: Không | I483: K64
A484: 056204000216 | B484: 2251068193 | C484: Phạm Xuân Hậu | D484: 13/04/2004 | E484: Nam | G484: Kinh | H484: Không | I484: K64
A485: 052204004710 | B485: 2251068194 | C485: Huỳnh Văn Huy | D485: 28/09/2004 | E485: Nam | G485: Kinh | H485: Không | I485: K64
A486: 321796114 | B486: 2251068197 | C486: Trần Đình Khải | D486: 10/04/2004 | E486: Nam | G486: Kinh | H486: Không | I486: K64
A487: 079204010143 | B487: 2251068198 | C487: Nguyễn Hữu Khang | D487: 17/10/2004 | E487: Nam | G487: Kinh | H487: Không | I487: K64
A488: 095203000307 | B488: 2251068199 | C488: Dương Trọng Khanh | D488: 26/09/2003 | E488: Nam | H488: Không | I488: K64
A489: 054204001472 | B489: 2251068200 | C489: Nguyễn Duy Khánh | D489: 15/01/2004 | E489: Nam | G489: Kinh | H489: Không | I489: K64
A490: 036204016854 | B490: 2251068201 | C490: Phạm Trần Gia Khánh | D490: 13/07/2004 | E490: Nam | G490: Kinh | H490: Không | I490: K64
A491: 068204008250 | B491: 2251068202 | C491: Nguyễn Anh Khoa | D491: 24/11/2004 | E491: Nam | G491: Kinh | H491: Không | I491: K64
A492: 079204032518 | B492: 2251068203 | C492: Lê Thừa Lạc | D492: 06/04/2004 | E492: Nam | G492: Kinh | H492: Không | I492: K64
A493: 087304016076 | B493: 2251068204 | C493: Trần Ngọc Liên | D493: 14/08/2004 | E493: Nữ | G493: Kinh | H493: Không | I493: K64
A494: 058204000148 | B494: 2251068205 | C494: Nguyễn Thành Lợi | D494: 09/10/2004 | E494: Nam | H494: Không | I494: K64
A495: 036204005587 | B495: 2251068206 | C495: Trần Lê Lợi | D495: 06/09/2004 | E495: Nam | G495: Kinh | H495: Công giáo | I495: K64
A496: 058204000650 | B496: 2251068207 | C496: Nguyễn Lâm Mạnh | D496: 14/06/2004 | E496: Nam | G496: Kinh | H496: Không | I496: K64
A497: 054204007955 | B497: 2251068208 | C497: Lý Thế Minh | D497: 24/01/2004 | E497: Nam | G497: Kinh | H497: Không | I497: K64
A498: 079204004888 | B498: 2251068209 | C498: Ngô Nhật Minh | D498: 14/05/2004 | E498: Nam | G498: Kinh | H498: Không | I498: K64
A499: 231490649 | B499: 2251068210 | C499: Nguyễn Thái Anh Minh | D499: 04/10/2004 | E499: Nam | G499: Kinh | H499: Không | I499: K64
A500: 225633642 | B500: 2251068211 | C500: Phạm Công Minh | D500: 19/05/2003 | E500: Nam | G500: Kinh | H500: Không | I500: K64
A501: 075204022937 | B501: 2251068212 | C501: Thái Quang Minh | D501: 12/06/2004 | E501: Nam | G501: Kinh | H501: Công giáo | I501: K64
A502: 075204023190 | B502: 2251068213 | C502: Chử Trần Phương Nam | D502: 06/02/2004 | E502: Nam | G502: Kinh | H502: Công giáo | I502: K64
A503: 089203019030 | B503: 2251068214 | C503: Nguyễn Trung Nam | D503: 25/12/2003 | E503: Nam | G503: Kinh | H503: Không | I503: K64
A504: 038304001859 | B504: 2251068215 | C504: Vũ Thị Nga | D504: 21/01/2004 | E504: Nữ | G504: Kinh | H504: Không | I504: K64
A505: 094204001288 | B505: 2251068216 | C505: Huỳnh Minh Nghĩa | D505: 28/06/2004 | E505: Nam | G505: Hoa | H505: Không | I505: K64
A506: 066304001911 | B506: 2251068217 | C506: Ngô Thị Bích Ngọc | D506: 01/01/2004 | E506: Nữ | G506: Kinh | H506: Không | I506: K64
... A515: 087204013180 | B515: 2251068227 | C515: Bùi Thiện Phát | D515: 07/05/2004 | E515: Nam | G515: Kinh | H515: Không | I515: K64
A516: 215638643 | B516: 2251068228 | C516: Lê Hữu Phát | D516: 24/11/2004 | E516: Nam | I516: K64
A517: 049204000098 | B517: 2251068229 | C517: Nguyễn Đức Phát | D517: 01/01/2004 | E517: Nam | G517: Kinh | H517: Không | I517: K64
A518: 001204025949 | B518: 2251068230 | C518: Nguyễn Văn Phong | D518: 18/08/2004 | E518: Nam | G518: Kinh | H518: Phật giáo | I518: K64
A519: 079204016861 | B519: 2251068231 | C519: Đỗ Hoàng Phú | D519: 22/11/2004 | E519: Nam | G519: Kinh | H519: Không | I519: K64
A520: 087204013903 | B520: 2251068232 | C520: Dương Văn Phúc | D520: 29/01/2004 | E520: Nam | G520: Kinh | H520: Không | I520: K64
A521: 052204004843 | B521: 2251068233 | C521: Hồ Thanh Phúc | D521: 26/10/2004 | E521: Nam | G521: Kinh | H521: Không | I521: K64
A522: 082203014455 | B522: 2251068234 | C522: Nguyễn Văn Phúc | D522: 03/04/2003 | E522: Nam | H522: Không | I522: K64
...

Sheet Sheet4
A1: DANH SÁCH SINH VIÊN - Phân hiệu Miền Nam - K63
A2: STT | B2: Mã sinh viên | C2: Tên sinh viên | D2: Giới tính | E2: Ngày sinh | F2: Nơi sinh | G2: CMND | H2: Ngày cấp | I2: Nơi cấp | J2: Số điện thoại | K2: Dân tộc | L2: Tôn giáo | M2: Địa chỉ liên hệ | N2: Họ tên bố | O2: Số điện thoại bố | P2: Họ tên mẹ | Q2: Số điện thoại mẹ | R2: Lớp | S2: Ngành | T2: Khoa | U2: Khóa | V2: Quyết định | W2: Trạng thái
A3: 1 | B3: 2151017000 | C3: Nguyễn Duy Anh | D3: Nam | E3: 04/09/2003 | F3: Tỉnh Hòa Bình | G3: 113818325 | J3: 0915915398 | K3: Kinh | L3: 1167 | M3: Số nhà 2, Ngõ 97, Đường Phan Huy Chú, Tổ 4, Phường Đồng Tiến, Thành phố Hòa Bình, Tỉnh Hòa Bình | R3: S24-63C | S3: Kỹ thuật xây dựng công trình thủy | T3: Khoa Công trình | U3: K63
A4: 2 | B4: 2151067373 | C4: Lê Duy Anh | D4: Nam | E4: 13/09/2003 | F4: Bến Tre | G4: 083203001623 | J4: 0372497405 | K4: Kinh | L4: 35 | M4: Xã An Định , Huyện Mỏ Cày Nam , Tỉnh Bến Tre | N4: Lê Văn Trung | P4: Nguyễn Thị Ngọc Tuyết | R4: S24-63C | S4: Kỹ thuật xây dựng công trình thủy | T4: Khoa Công trình | U4: K63
A5: 3 | B5: 2151017351 | C5: Phan Thanh Bình | D5: Nam | E5: 27/12/2003 | F5: Cà Mau | G5: 096203009313 | J5: 0836885707 | K5: Kinh | L5: 13 | M5: Lý văn lâm khóm 1- phường 1 TP Cà Mau | R5: S24-63C | S5: Kỹ thuật xây dựng công trình thủy | T5: Khoa Công trình | U5: K63
A6: 4 | B6: 2151017001 | C6: Nguyễn Minh Đăng | D6: Nam | E6: 19/10/2003 | F6: Tp.HCM | G6: 079203013902 | J6: 0339314471 | K6: Kinh | L6: Công giáo | M6: 86/7 Trịnh Đình Trọng, Phường Phú Trung, Quận Tân Phú, Thành phố Hồ Chí Minh | R6: S24-63C | S6: Kỹ thuật xây dựng công trình thủy | T6: Khoa Công trình | U6: K63 | V6: Quyết định tam ngừng học - Ngày 04/10/2023; Quyết định quay trở lại trường - Ngày 27/08/2024; | W6: Quay trở lại
A7: 5 | B7: 2151017208 | C7: Lê Phát Đạt | D7: Nam | E7: 28/12/2003 | F7: Kiên Giang | G7: 372040647 | J7: 0347376878 | K7: Kinh | L7: 1375 | M7: tổ 5, khu phố Sư Nam, thị trấn Hòn Đất, huyện Hòn Đất, tỉnh Kiên Giang | N7: Lê Ngọc Tuyên | P7: Nguyễn Thùy Trang | R7: S24-63C | S7: Kỹ thuật xây dựng công trình thủy | T7: Khoa Công trình | U7: K63
A8: 6 | B8: 2151017209 | C8: Phạm Anh Đức | D8: Nam | E8: 11/05/2003 | F8: Đồng Nai | G8: 272945950 | J8: 0932142518 | K8: Kinh | L8: 1376 | M8: Viện thủy lợi môi trường, Số 2 Trường Sa, Phường 17, Quận Bình Thạnh, Thành phố Hồ Chí Minh | N8: Phạm Anh Tuấn | P8: Trịnh Bích Thuận | R8: S24-63C | S8: Kỹ thuật xây dựng công trình thủy | T8: Khoa Công trình | U8: K63
A9: 7 | B9: 2151017003 | C9: Cù Minh Đức | D9: Nam | E9: 08/02/2003 | F9: Bình Định | G9: 215569635 | J9: 0397998028 | K9: Kinh | L9: 1170 | M9: Thôn Lai Nghi, xã Bình Nghi, huyện Tây Sơn, tỉnh Bình Định | N9: Cù Trọng Nhặn | P9: Trần Thị Điểu | R9: S24-63C | S9: Kỹ thuật xây dựng công trình thủy | T9: Khoa Công trình | U9: K63
A10: 8 | B10: 2151017004 | C10: Nguyễn Duy | D10: Nam | E10: 30/11/2003 | F10: Bình Thuận | G10: 261657847 | J10: 0913931240 | K10: Kinh | L10: 1171 | M10: 23 Huỳnh Thị Khá, Phú Thủy, Phan Thiết, Bình Thuận | N10: Nguyễn Văn Dũng | P10: Trần Thị Xuân Lan | R10: S24-63C | S10: Kỹ thuật xây dựng công trình thủy | T10: Khoa Công trình | U10: K63
A11: 9 | B11: 2151017005 | C11: Võ Kế Duy | D11: Nam | E11: 30/05/2003 | F11: Bình Định | G11: 215589333 | J11: 0333861711 | K11: Kinh | L11: 1172 | M11: Xóm 1, Phú An, Tây Xuân, Tây Sơn, Bình Định | N11: Võ Kế Vinh | P11: Đặng Thị Dung | R11: S24-63C | S11: Kỹ thuật xây dựng công trình thủy | T11: Khoa Công trình | U11: K63
A12: 10 | B12: 2151017006 | C12: Phạm Thị Thùy Duyên | D12: Nữ | E12: 01/06/2003 | F12: Đăk Lăk | G12: 241978899 | J12: 0944526775 | K12: Kinh | L12: 1173 | M12: 109B/25 Mai Hắc Đế, tổ 6, khối 2, phường Tân Thành, thành phố Buôn Ma Thuột, tỉnh Đăk Lăk | N12: Phạm Đức Triển | P12: Trần Thị Ngoan | R12: S24-63C | S12: Kỹ thuật xây dựng công trình thủy | T12: Khoa Công trình | U12: K63
A13: 11 | B13: 2151017007 | C13: Nguyễn Trung Hiếu | D13: Nam | E13: 04/06/2003 | F13: Bến Tre | G13: 321797749 | J13: 0365319901 | K13: Kinh | L13: 1174 | M13: Ấp Quí Đức A, xã Qưới Điền, huyện Thạnh Phú, Tỉnh Bến Tre | N13: Nguyễn văn Út | P13: Nguyễn Thị Trang | R13: S24-63C | S13: Kỹ thuật xây dựng công trình thủy | T13: Khoa Công trình | U13: K63
A14: 12 | B14: 2151017008 | C14: Trần Minh Hiếu | D14: Nam | E14: 30/07/2003 | F14: TP.Huế | G14: 215575879 | J14: 0962361761 | K14: Kinh | L14: 1175 | M14: 11 Nguyễn Trung Trực , Phường Nguyễn Văn Cừ , Thành phố Quy Nhơn , Tỉnh Bình Định | N14: Trần Văn Thủy | P14: Lê Thị Dương | R14: S24-63C | S14: Kỹ thuật xây dựng công trình thủy | T14: Khoa Công trình | U14: K63
A15: 13 | B15: 2151017009 | C15: Phan Châu Hoàng | D15: Nam | E15: 10/03/2003 | F15: Bình Định | G15: 052203002533 | H15: 44317 | J15: 0964760729 | K15: Kinh | L15: 1176 | M15: 44 Lê Hồng Phong, Thị trấn Tăng Bạt Hổ, Huyện Hoài Ân, Tỉnh Bình Định | N15: Phan Đình Dũng | P15: Trần Thị Sương | R15: S24-63C | S15: Kỹ thuật xây dựng công trình thủy | T15: Khoa Công trình | U15: K63 | V15: Quyết định quay trở lại trường - Ngày 29/08/2024; Quyết định tam ngừng học - Ngày 23/10/2024; Quyết định tam ngừng học - Ngày 27/12/2023; Quyết định quay trở lại trường - Ngày 20/01/2025; | W15: Quay trở lại
A16: 14 | B16: 2151017010 | C16: Nguyễn Bùi Viết Hưng | D16: Nam | E16: 18/09/2003 | F16: Tây Ninh | G16: 072203003524 | J16: 0383478443 | K16: Kinh | L16: 1177 | M16: Tổ 2, Ấp Bảo, Xã Long Giang, Huyện Bến Cầu, Tỉnh Tây Ninh | N16: Nguyễn Minh Phụng | P16: Bùi Ngọc Châu | R16: S24-63C | S16: Kỹ thuật xây dựng công trình thủy | T16: Khoa Công trình | U16: K63
A17: 15 | B17: 2151017011 | C17: Nguyễn Đào Tuấn Hưng | D17: Nam | E17: 16/03/2003 | F17: Lâm Đồng | G17: 068203001079 | J17: 0971048051 | K17: Kinh | L17: 1178 | M17: Tổ Dân Phố 12, Thị Trấn Cát Tiên, Tỉnh Lâm Đồng | N17: Nguyễn Thanh Sơn | P17: Đào Thị Vân Anh | R17: S24-63C | S17: Kỹ thuật xây dựng công trình thủy | T17: Khoa Công trình | U17: K63 | V17: Quyết định quay trở lại trường - Ngày 30/08/2024; Quyết định tam ngừng học - Ngày 27/12/2023; | W17: Quay trở lại
A18: 16 | B18: 2151017012 | C18: Uông Phạm Nhật Hưng | D18: Nam | E18: 25/08/2003 | F18: Đăk Lăk | G18: 066203015598 | H18: 44445 | J18: 0961812979 | K18: Kinh | L18: 1179 | M18: 17 Thôn Xí Nghiệp Xã Đăk Liêng Huyện Lăk Tỉnh Đăk Lăk | N18: Uông Sỹ Đức | P18: Phạm Thị Hòa | R18: S24-63C | S18: Kỹ thuật xây dựng công trình thủy | T18: Khoa Công trình | U18: K63
A19: 17 | B19: 2151017340 | C19: Phan Nhật Huy | D19: Nam | E19: 16/03/1999 | F19: Phú Yên | G19: 221482022 | J19: 0797929072 | K19: Kinh | L19: 2 | M19: Hòa Mỹ Đông huyện Tây Hòa tỉnh Phú Yên | N19: Phan Văn Hòa | P19: Võ Thị Thanh Thúy | R19: S24-63C | S19: Kỹ thuật xây dựng công trình thủy | T19: Khoa Công trình | U19: K63
A20: 18 | B20: 2151017505 | C20: Lâm Hoàng Huy | D20: Nam | E20: 11/04/2003 | F20: Bạc Liêu | G20: 095203002948 | J20: 0911138820 | K20: Kinh | L20: 6 | M20: TRƯỜNG THPT LÊ VĂN ĐẨU | N20: Lâm Quan Hổ | P20: Từ Thị Hồng | R20: S24-63C | S20: Kỹ thuật xây dựng công trình thủy | T20: Khoa Công trình | U20: K63
A21: 19 | B21: 2154077881 | C21: Đồng Văn Huynh | D21: Nam | E21: 20/01/2003 | F21: Nam Định | G21: 245421130 | J21: 0918997697 | K21: Kinh | L21: 382 | M21: Thôn Đắk Xuân, Xã Nam Xuân, Huyện Krông Nô, Đắk Nông | N21: Đồng Văn Kiền | P21: Nguyễn Thị Hường | R21: S24-63C | S21: Kỹ thuật xây dựng công trình thủy | T21: Khoa Công trình | U21: K63
A22: 20 | B22: 2151017507 | C22: Nguyễn Đình Khôi | D22: Nam | E22: 11/06/2003 | F22: Phan Thiết | G22: 261554829 | J22: 0987744681 | K22: Kinh | L22: 8 | M22: Trường THPT Phan Chu Trinh, 163 Tuyên Quang - Phú Thủy - Phan Thiết - Bình Thuận | N22: Nguyễn Văn Đố | P22: Nguyễn Thị Thùy Linh | R22: S24-63C | S22: Kỹ thuật xây dựng công trình thủy | T22: Khoa Công trình | U22: K63
A23: 21 | B23: 2151017014 | C23: Phạm Trung Kiên | D23: Nam | E23: 25/07/2003 | F23: Ninh Thuận | G23: 264584856 | J23: 0912462261 | K23: Kinh | L23: 1181 | M23: Mỹ Nhơn,Bắc Phong,Thuận Bắc,Ninh Thuận | N23: Phạm Văn An | P23: Hồ Thị Tý | R23: S24-63C | S23: Kỹ thuật xây dựng công trình thủy | T23: Khoa Công trình | U23: K63
A24: 22 | B24: 2151017212 | C24: Nguyễn Trung Kiện | D24: Nam | E24: 06/03/2003 | F24: Cà Mau | G24: 096203001399 | J24: 0981665010 | K24: 1379 | L24: 1379 | M24: Tổ 16, Khóm Thượng 2, thị trấn Thường Thới Tiền, huyện Hồng Ngự, tỉnh Đồng Tháp | N24: Nguyễn Văn MỘng | P24: Đoàn Thị Nhung | R24: S24-63C | S24: Kỹ thuật xây dựng công trình thủy | T24: Khoa Công trình | U24: K63
A25: 23 | B25: 2151017213 | C25: Vũ Nguyễn Ngọc Lâm | D25: Nam | E25: 19/03/2003 | F25: Đồng Nai | G25: 075203022449 | J25: 0785493928 | K25: Kinh | L25: 1380 | M25: 30 đường 10, khu phố 1, phường Bình Trưng Đông, TP. Thủ Đức. | N25: Vũ Ngọc Cường | P25: Nguyễn Thị Huyền Trâm | R25: S24-63C | S25: Kỹ thuật xây dựng công trình thủy | T25: Khoa Công trình | U25: K63
A26: 24 | B26: 2151017508 | C26: Kiều Công Luận | D26: Nam | E26: 18/07/2003 | F26: NInh Thuận | G26: 264582808 | J26: 0369045046 | K26: Chăm | L26: 9 | M26: KIỀU CÔNG LUẬN, Lớp 12A6, Trường THPT An Phước, Phước Dân, Ninh Phước, Ninh Thuận. | N26: Kiều Ngọc | P26: Lưu Thị Khánh Hòa | R26: S24-63C | S26: Kỹ thuật xây dựng công trình thủy | T26: Khoa Công trình | U26: K63
A27: 25 | B27: 2151017509 | C27: Nguyễn Quang Minh | D27: Nam | E27: 14/10/2003 | F27: Tp.HCM | G27: 079203017636 | J27: 0909792431 | K27: Kinh | L27: 10 | M27: 331/45 Tôn Đản, Phường 15, Quận 4 | N27: Nguyễn Tấn Tiếp | P27: Nguyễn Thị Thanh Loan | R27: S24-63C | S27: Kỹ thuật xây dựng công trình thủy | T27: Khoa Công trình | U27: K63
A28: 26 | B28: 2151017018 | C28: Cù Trọng Nghĩa | D28: Nam | E28: 27/04/2003 | F28: Bình Định | G28: 052203000862 | J28: 0377623052 | K28: Kinh | L28: 1185 | M28: Thôn Lai Nghi, xã Bình Nghi, huyện Tây Sơn, tỉnh Bình Định | N28: Cù Trọng Mai | P28: Nguyễn Thị Lệ Thủy | R28: S24-63C | S28: Kỹ thuật xây dựng công trình thủy | T28: Khoa Công trình | U28: K63
A29: 27 | B29: 2151017513 | C29: Nguyễn Thị Yến Nhi | D29: Nữ | E29: 30/05/2003 | F29: Bình Thuận | G29: 261642121 | J29: 0868083416 | K29: Kinh | L29: 14 | M29: Trường THPT Hàm Thuận Bắc, số 437, đường Tám Tháng Tư (8/4), thị trấn Ma Lâm, Hàm Thuận Bắc, Bình Thuận | N29: Nguyễn văn Năm | P29: Lê Thị Hồng | R29: S24-63C | S29: Kỹ thuật xây dựng công trình thủy | T29: Khoa Công trình | U29: K63
A30: 28 | B30: 2151017019 | C30: Võ Thị Tố Như | D30: Nữ | E30: 24/06/2003 | F30: Bà rịa vũng tàu | G30: 077303005355 | J30: 0565730647 | K30: Kinh | L30: 1186 | M30: ấp Tân Hoà, xã Long Tân, Huyện Đất Đỏ, Tỉnh Bà Rịa Vũng Tàu | N30: Võ Hoài Tâm | P30: Nguyễn Thị Ngọc Thúy | R30: S24-63C | S30: Kỹ thuật xây dựng công trình thủy | T30: Khoa Công trình | U30: K63
A31: 29 | B31: 2154077186 | C31: Phạm Việt Phát | D31: Nam | E31: 03/11/2003 | F31: BV Sa Đéc, Đồng Tháp | G31: 342121174 | J31: 0768812913 | K31: Kinh | L31: 1353 | M31: 229/Dd7/ktdc,Ấp Tân Lộc,Xã Tân Thành,Huyện Lai Vung,Tỉnh Đồng Tháp | N31: Phạm Anh Tuấn Huy | P31: Lý Lan Phương | R31: S24-63C | S31: Kỹ thuật xây dựng công trình thủy | T31: Khoa Công trình | U31: K63 | V31: Quyết định quay trở lại trường - Ngày 16/01/2025; Quyết định tam ngừng học - Ngày 16/10/2024; | W31: Quay trở lại
A32: 30 | B32: 2151017514 | C32: Phạm Minh Quân | D32: Nam | E32: 27/10/2003 | F32: Tỉnh Bà Rịa-Vũng Tàu | G32: 077203001451 | H32: 43196 | I32: CỤC TRƯỞNG CỤC CẢNH SÁT ĐKQL CƯ TRÚ VÀ DLQG VỀ DÂN CƯ | J32: 0981696571 | K32: Kinh | L32: Không | M32: 1334/25/3 đường 30/4 phường 12 | N32: Phạm Văn Quản | O32: 0989950026 | P32: Nguyễn Thị Nụ | Q32: 0966309565 | R32: S24-63C | S32: Kỹ thuật xây dựng công trình thủy | T32: Khoa Công trình | U32: K63
A33: 31 | B33: 2151017021 | C33: Nguyễn Hữu Minh Quang | D33: Nam | E33: 18/09/2003 | F33: TT Y tế Củ Chi | G33: 079203021851 | J33: 0346506856 | K33: Kinh | L33: 1188 | M33: 481, đường tỉnh lộ 7, ấp bình thượng 2, xã thái mỹ, huyện củ chi, thành phố hồ chí minh | N33: Nguyễn Hữu Lượng | P33: Trần Thị Thảo | R33: S24-63C | S33: Kỹ thuật xây dựng công trình thủy | T33: Khoa Công trình | U33: K63
A34: 32 | B34: 2151017022 | C34: Cao Thị Thảo Sương | D34: Nữ | E34: 15/12/2003 | F34: Bình Định | G34: 215565360 | J34: 0366052612 | K34: Kinh | L34: 1189 | M34: Đội 4, thôn Gia Đức, Xã Ân Đức, Huyện Hoài Ân, Tỉnh Bình Định | N34: Cao Ngọc Thạch | P34: Nguyễn Thị Gái | R34: S24-63C | S34: Kỹ thuật xây dựng công trình thủy | T34: Khoa Công trình | U34: K63
A35: 33 | B35: 2151017023 | C35: Đặng Đức Thế Tài | D35: Nam | E35: 13/10/2003 | F35: Cà Mau | G35: 382039333 | J35: 0947297061 | K35: Kinh | L35: 1190 | M35: Ấp 1, Xã Hàng Vịnh, Huyện Năm Căn, Cà Mau | N35: Đặng Văn Lợi | P35: Trần Thị Thúy | R35: S24-63C | S35: Kỹ thuật xây dựng công trình thủy | T35: Khoa Công trình | U35: K63
A36: 34 | B36: 2151017515 | C36: Trần Bá Thái | D36: Nam | E36: 09/10/2003 | F36: Nghệ An | G36: 187667551 | J36: 0363073650 | K36: Kinh | L36: 16 | M36: 65 Đường D11, Khu dân Cư An Thiên Lý, Phường Phước Long B, Quận 9, Thành phố Hồ Chí Minh | N36: Trần Bá BÌnh | P36: Nguyễn Thị Mai | R36: S24-63C | S36: Kỹ thuật xây dựng công trình thủy | T36: Khoa Công trình | U36: K63
A37: 35 | B37: 2151017518 | C37: Đặng Phúc Thịnh | D37: Nam | E37: 17/08/2003 | F37: Tiền Giang | G37: 312602671 | J37: 0967816044 | K37: Kinh | L37: 19 | M37: Nguyễn Thành Lệ Uyên, 0979188377, Số 93 Phùng Há, Ấp Bình Tạo, Xã Trung An, Thành phố Mỹ Tho - Tiền Giang | N37: Đặng Hữu Hùng | P37: Nguyễn Thành Lệ Uyên | R37: S24-63C | S37: Kỹ thuật xây dựng công trình thủy | T37: Khoa Công trình | U37: K63
A38: 36 | B38: 2151017025 | C38: Nguyễn Nhật Trường | D38: Nam | E38: 23/11/2003 | F38: Đăk Lăk | G38: 066203016300 | J38: 0949344749 | K38: Kinh | L38: 1192 | M38: 62 Chế Lan Viên, Phường Tân Lợi, Thành Phố Buôn Ma Thuột, Tỉnh Đắk Lắk | N38: Nguyễn Trung Hưng | P38: Bùi Thị Vân | R38: S24-63C | S38: Kỹ thuật xây dựng công trình thủy | T38: Khoa Công trình | U38: K63
A39: 37 | B39: 2151017027 | C39: Nguyễn Linh Đăng Vương | D39: Nam | E39: 05/03/2003 | F39: Khánh Hòa | G39: 225631865 | J39: 0357667266 | K39: Kinh | L39: 1194 | M39: Xã Vạn Lương huyện Vạn Ninh tỉnh Khánh Hòa | N39: Nguyễn Linh Vũ | P39: Nguyễn Thị Sa | R39: S24-63C | S39: Kỹ thuật xây dựng công trình thủy | T39: Khoa Công trình | U39: K63
A40: 38 | B40: 2151017529 | C40: Lê Tấn Vương | D40: Nam | E40: 16/01/2003 | F40: Bình Thuận | G40: 261423204 | J40: 0843892354 | K40: Kinh | L40: 30 | M40: Trường THPT Hòa Đa | N40: Lê Ngọc Tiết | P40: Nguyễn Thị Hường | R40: S24-63C | S40: Kỹ thuật xây dựng công trình thủy | T40: Khoa Công trình | U40: K63
A41: 39 | B41: 2151017531 | C41: Phan Tường Vy | D41: Nữ | E41: 28/08/2003 | F41: Bình Định | G41: 215578929 | J41: 0587098366 | K41: Kinh | L41: 32 | M41: Nam Tượng 2 - Xã Nhơn Tân - Thị xã An Nhơn - Bình Định | N41: Phan Hòa Thuận | P41: Nguyễn Lý Thiên Trang | R41: S24-63C | S41: Kỹ thuật xây dựng công trình thủy | T41: Khoa Công trình | U41: K63
A42: 40 | B42: 2151067051 | C42: Nguyễn Minh Khánh An | D42: Nam | E42: 11/12/2002 | F42: Đồng Tháp | G42: 087202014713 | H42: 45416 | J42: 0924224119 | K42: Kinh | L42: 1218 | M42: Khóm 2, Thị trấn Tràm Chim, Tam Nông, Đồng Tháp | N42: Nguyễn Trường Giang | P42: Lê Hồng Thu | R42: S24-63CNTT1 | S42: Công nghệ thông tin | T42: Khoa Công nghệ thông tin | U42: K63
A43: 41 | B43: 2151067597 | C43: Đinh Tuấn Anh | D43: Nam | E43: 22/01/2003 | F43: BV đa khoa Thủ đức | G43: 040203025231 | H43: 44467 | I43: Cục cảnh sát về QLHC và TTXH | J43: 0375130751 | K43: Kinh | L43: 98 | M43: Đinh Tuấn Anh, 39/10 Phường Đông Hòa, Tp Dĩ An, Tỉnh Bình Dương | N43: Đinh Hữu Dũng | P43: Nguyễn Thị Thu Hiền | R43: S24-63CNTT1 | S43: Công nghệ thông tin | T43: Khoa Công nghệ thông tin | U43: K63
A44: 42 | B44: 2151017341 | C44: Phạm Nguyễn Minh Anh | D44: Nam | E44: 16/09/2021 | F44: TTYtế Thanh Bình, Đồng Tháp | G44: 087203001451 | J44: 0706573922 | K44: Kinh | L44: 3 | M44: Ấp Tân Hoà B xã Tân Phú huyện Thanh Bình tỉnh Đồng Tháp | N44: Phạm Minh Chuyễn | P44: Nguyễn Kiều Phương | R44: S24-63CNTT1 | S44: Công nghệ thông tin | T44: Khoa Công nghệ thông tin | U44: K63
A45: 43 | B45: 2151067580 | C45: Vũ Việt Bách | D45: Nam | E45: 21/12/2003 | F45: Thanh Hóa | G45: 038203017579 | J45: 0336776023 | K45: Kinh | L45: 81 | M45: Đông Phú, Hoa Lộc, Huyện Hậu Lộc, Thanh Hoá | N45: Vũ Tiến Thành | P45: Nguễn Thị Thủy | R45: S24-63CNTT1 | S45: Công nghệ thông tin | T45: Khoa Công nghệ thông tin | U45: K63
A46: 44 | B46: 2151067055 | C46: Chung Gia Bảo | D46: Nam | E46: 24/09/2003 | F46: TT Ytế Cam Ranh | G46: 056203000071 | J46: 0793419121 | K46: Kinh | L46: 1222 | M46: 143 Chung cư 2, Bàu Cát, Phường 14, Quận Tân Bình, Thành phố Hồ Chí Minh | N46: Chung Quang Thành | P46: Lê Thị Thu HIền | R46: S24-63CNTT1 | S46: Công nghệ thông tin | T46: Khoa Công nghệ thông tin | U46: K63
A47: 45 | B47: 2154027084 | C47: Nguyễn Ngọc Bình | D47: Nam | E47: 13/10/2003 | F47: Bình Định | G47: 215611694 | J47: 0346705761 | K47: Kinh | L47: 1251 | M47: An Kiều-Thị trấn Ngô Mây-Phù Cát-Bình Định | N47: Nguyễn Ngọc Thành | P47: Nguyễn Thị Bạch Tuyết | R47: S24-63CNTT1 | S47: Công nghệ thông tin | T47: Khoa Công nghệ thông tin | U47: K63
A48: 46 | B48: 2151067582 | C48: Võ Văn Cần | D48: Nam | E48: 04/05/2003 | F48: Bình Định | G48: 215598801 | J48: 0866769149 | K48: Kinh | L48: 83 | M48: Lớp 12AB3- Trường THPT Nguyễn Trân- Hoài Nhơn- Bình Định | N48: Võ Đình Phúc | P48: Trương Thị Thu | R48: S24-63CNTT1 | S48: Công nghệ thông tin | T48: Khoa Công nghệ thông tin | U48: K63 | V48: Quyết định quay trở lại trường - Ngày 26/08/2024; Quyết định tam ngừng học - Ngày 01/11/2022; Quyết định quay trở lại trường - Ngày 22/04/2023; Quyết định tam ngừng học - Ngày 17/10/2023; | W48: Quay trở lại
A49: 47 | B49: 2151067576 | C49: Nguyễn Minh Chánh | D49: Nam | E49: 07/01/2003 | F49: Đồng Tháp | G49: 342166449 | J49: 0354230728 | K49: Kinh | L49: 77 | M49: ấp Bình Chánh, Bình Thành, Huyện Thanh Bình - Đồng Tháp | N49: Lê Đức Tài | P49: Nguyễn Thị Ngọc Yến | R49: S24-63CNTT1 | S49: Công nghệ thông tin | T49: Khoa Công nghệ thông tin | U49: K63 | V49: Quyết định tam ngừng học - Ngày 18/10/2023; Quyết định quay trở lại trường - Ngày 05/08/2024; | W49: Quay trở lại
A50: 48 | B50: 2151067646 | C50: Lê Minh Đức | D50: Nam | E50: 11/12/2003 | F50: BVND Gia Định, Tp.HCM | G50: 079203008498 | J50: 0347465122 | K50: Kinh | L50: 147 | M50: TT.GDNN-GDTX Q9, Đường Đình Phong Phú, P.Tăng Nhơn Phú B, TP.Thủ Đức | N50: Lê Văn Đệ | P50: Nguyễn Thị Hồng Vân | R50: S24-63CNTT1 | S50: Công nghệ thông tin | T50: Khoa Công nghệ thông tin | U50: K63
A51: 49 | B51: 2154037756 | C51: Đặng Trần Mỹ Duyên | D51: Nữ | E51: 27/04/2003 | F51: Tp.HCM | G51: 079303010539 | J51: 0938371994 | K51: Kinh | L51: 257 | M51: 69/4/55-Đường Trục p13, Quận Bình Thạnh - Tp. Hồ Chí Minh | N51: Đặng Thành Công | P51: Trần Thị Kim Hồng | R51: S24-63CNTT1 | S51: Công nghệ thông tin | T51: Khoa Công nghệ thông tin | U51: K63
A52: 50 | B52: 2151067238 | C52: Võ Lê Hậu | D52: Nam | E52: 16/02/2003 | F52: Bình Định | G52: 05220301108 | H52: 44347 | J52: 0329925667 | K52: Kinh | L52: 1405 | M52: Bồng Sơn, Hoài Nhơn, Bình Định | N52: Võ Duy Anh | P52: Lê Thị Hồng Phượng | R52: S24-63CNTT1 | S52: Công nghệ thông tin | T52: Khoa Công nghệ thông tin | U52: K63
A53: 51 | B53: 2151067637 | C53: Nguyễn Lê Hoài Hiếu | D53: Nam | E53: 15/10/2003 | F53: Phú Yên | G53: 054203002272 | J53: 0348134940 | K53: Kinh | L53: 138 | M53: Thôn Hảo Danh, Xã Xuân Thọ 2, Thị xã Sông Cầu, Tỉnh Phú Yên | N53: Nguyễn Hoài Trung | P53: Lê Thị Hồng Phượng | R53: S24-63CNTT1 | S53: Công nghệ thông tin | T53: Khoa Công nghệ thông tin | U53: K63
A54: 52 | B54: 2154027099 | C54: Đỗ Thế Hưng | D54: Nam | E54: 08/06/2003 | F54: BV Cà Mau | G54: 096203000926 | J54: 0949831519 | K54: Kinh | L54: 1266 | M54: 36 Lý Thường Kiệt, khóm 5, phường 6, thành phố Cà Mau, tỉnh Cà Mau | N54: Đỗ Công Khanh | P54: Võ Thị Thanh Thủy | R54: S24-63CNTT1 | S54: Công nghệ thông tin | T54: Khoa Công nghệ thông tin | U54: K63
A55: 53 | B55: 2151067588 | C55: Nguyễn Đức Quốc Huy | D55: Nam | E55: 01/11/2003 | F55: TpHCM | G55: 079203010999 | H55: 44551.625 | I55: cục trưởng cục cảnh sát quản lí hành chánh về trật tự xã hội | J55: 0923512252 | K55: 89 | L55: 89 | M55: 241/6 Đường số 1, Phường 11, Gò Vấp | R55: S24-63CNTT1 | S55: Công nghệ thông tin | T55: Khoa Công nghệ thông tin | U55: K63 | V55: Quyết định quay trở lại trường - Ngày 17/04/2023; Quyết định tam ngừng học - Ngày 01/11/2022; | W55: Quay trở lại
A56: 54 | B56: 2151067627 | C56: Võ Đại Huy | D56: Nam | E56: 26/01/2003 | F56: Khánh Hòa | G56: 225772099 | J56: 0348636958 | K56: Kinh | L56: 128 | M56: Cam Phước Tây- Cam Lâm - Khánh Hoà | N56: Võ Đại Hoàng | P56: Đỗ Thị Thoa | R56: S24-63CNTT1 | S56: Công nghệ thông tin | T56: Khoa Công nghệ thông tin | U56: K63 | V56: Quyết định quay trở lại trường - Ngày 30/08/2025; Quyết định nghỉ học tạm thời - Ngày 26/07/2024; | W56: Quay trở lại
A57: 55 | B57: 2151067623 | C57: Nguyễn Ngọc Huỳnh | D57: Nam | E57: 25/08/2003 | F57: Bình Thuận | G57: 060203000542 | J57: 0868913631 | K57: Kinh | L57: 124 | M57: 427, Trần Hưng Đạo, P. Bình Hưng, TP. Phan Thiết, Tỉnh Bình Thuận | N57: Nguyễn Văn Bảo | P57: Huỳnh Thị Út | R57: S24-63CNTT1 | S57: Công nghệ thông tin | T57: Khoa Công nghệ thông tin | U57: K63
A58: 56 | B58: 2154027260 | C58: Châu Phúc Kháng | D58: Nam | E58: 21/11/2003 | F58: Sóc Trăng | G58: 366364156 | J58: 0976223736 | K58: Kinh | L58: 1427 | M58: Ấp Phước Lợi B, Xã Mỹ Phước, Huyện Mỹ Tú, Tỉnh Sóc Trăng | N58: Châu Văn Nghĩa | P58: Bùi Thị Đẹp | R58: S24-63CNTT1 | S58: Công nghệ thông tin | T58: Khoa Công nghệ thông tin | U58: K63
A59: 57 | B59: 2151067242 | C59: Cao Nguyễn Đăng Khoa | D59: Nam | E59: 25/02/2003 | F59: Long An | G59: 301827327 | J59: 0767478321 | K59: Kinh | L59: 1409 | M59: Ấp Phước Thới, xã Phước Lại, huyện Cần Giuộc, tỉnh Long An | N59: Cao Văn Mười | P59: Nguyễn Thị Chính | R59: S24-63CNTT1 | S59: Công nghệ thông tin | T59: Khoa Công nghệ thông tin | U59: K63
A60: 58 | B60: 2151067060 | C60: Võ Hoàn Lạc | D60: Nam | E60: 03/11/2003 | F60: Gia Lai | G60: 231455074 | J60: 0817107335 | K60: Kinh | L60: 1227 | M60: Lô 26 Võ Thị Sáu, Tổ 6, Phường Đoàn Kết, Thị xã AyunPa, Gia Lai | N60: Võ Văn Quy | P60: Hồ Thị Ngọc Tuyết | R60: S24-63CNTT1 | S60: Công nghệ thông tin | T60: Khoa Công nghệ thông tin | U60: K63
A61: 59 | B61: 2151067598 | C61: Đinh Văn Nghĩa | D61: Nam | E61: 24/01/2003 | F61: Đồng Nai | G61: 075203002489 | J61: 0329082052 | K61: Kinh | L61: 99 | M61: 281/58 khu phố 8A, phường Long Bình, thành phố Biên Hoà, tỉnh Đồng Nai | N61: Đinh văn Kế | P61: Bùi Thị Thoa | R61: S24-63CNTT1 | S61: Công nghệ thông tin | T61: Khoa Công nghệ thông tin | U61: K63 | V61: Quyết định tam ngừng học - Ngày 31/10/2024; Quyết định quay trở lại trường - Ngày 25/02/2025; | W61: Quay trở lại
A62: 60 | B62: 2151067371 | C62: Ngô Tùng Nghĩa | D62: Nam | E62: 11/11/2003 | F62: Phú Yên | G62: 054203001891 | J62: 0392395457 | K62: Kinh | L62: 33 | M62: Thôn cảnh phước, xã hoà tân đông, huyện đông hoà , tỉnh phú yên | N62: Ngô Tùng Phấn | P62: Lê Thị Thì | R62: S24-63CNTT1 | S62: Công nghệ thông tin | T62: Khoa Công nghệ thông tin | U62: K63
A63: 61 | B63: 2151067631 | C63: Võ Thành Nhân | D63: Nam | E63: 29/04/2003 | F63: Bình Định | G63: 215578173 | J63: 0899934075 | K63: Kinh | L63: 132 | M63: Võ Thành Nhân, lớp 12A6 trường THPT Nguyễn Đình Chiểu, Bình Định | N63: Võ Văn Quý | P63: Trần Thị Bích Vân | R63: S24-63CNTT1 | S63: Công nghệ thông tin | T63: Khoa Công nghệ thông tin | U63: K63
A64: 62 | B64: 2151067607 | C64: Võ Tấn Phát | D64: Nam | E64: 02/06/2003 | F64: Đồng Nai | G64: 075203016605 | J64: 0394299925 | K64: Kinh | L64: 108 | M64: Võ Tấn Phát, lớp 12A4, trường THPT Xuân Hưng, huyện Xuân Lộc, tỉnh Đồng Nai | N64: Võ Tấn Phước | P64: Phạm Thị Bình | R64: S24-63CNTT1 | S64: Công nghệ thông tin | T64: Khoa Công nghệ thông tin | U64: K63
A65: 63 | B65: 2151067069 | C65: Nguyễn Hoàng Phú | D65: Nam | E65: 10/08/2003 | F65: Phan Thiết | G65: 060203003301 | J65: 0339232578 | K65: Kinh | L65: 1236 | M65: Khu phố 13, hẻm 487, 45/36 phường phú Thủy, Thành phố Phan Thiết, tỉnh Bình Thuận | N65: Nguyễn Văn Đoàn | P65: Huỳnh Thị Tám | R65: S24-63CNTT1 | S65: Công nghệ thông tin | T65: Khoa Công nghệ thông tin | U65: K63
A66: 64 | B66: 2151067645 | C66: Hàng Đức Phú | D66: Nam | E66: 07/08/2003 | F66: Tp.HCM | G66: 079203026968 | J66: 0859635832 | K66: Kinh | L66: 146 | M66: 14-09 lo j khoi d chung cu 17,3, Phường An Phú, Tp.Thủ Đức (Q2), Thành phố TP. Hồ Chí Minh | N66: Hàng Thanh Tùng | P66: Đặng Thị Hoàng Oanh | R66: S24-63CNTT1 | S66: Công nghệ thông tin | T66: Khoa Công nghệ thông tin | U66: K63
A67: 65 | B67: 2151067639 | C67: Giang Nguyễn Hoàng Phúc | D67: Nam | E67: 12/05/2003 | F67: Bến Tre | G67: 083203003229 | J67: 0947385944 | K67: Kinh | L67: 140 | M67: 52/1 ấp Thạnh Mỹ, Xã Mỹ Hưng, Huyện Thạnh Phú - Bến Tre | N67: Giang Văn Thu | P67: Nguyễn Thị Huệ | R67: S24-63CNTT1 | S67: Công nghệ thông tin | T67: Khoa Công nghệ thông tin | U67: K63
A68: 66 | B68: 2151067632 | C68: Trương Đức Thịnh | D68: Nam | E68: 19/04/2003 | F68: Bình Định | G68: 052203009673 | H68: 45500 | J68: 0338070629 | K68: Kinh | L68: 133 | M68: 89 Lê Hồng Phong, P.Bình Định, TX An Nhơn, Tỉnh Bình Định | N68: Trương Hùng Cường | P68: Ung Thị Minh Tâm | R68: S24-63CNTT1 | S68: Công nghệ thông tin | T68: Khoa Công nghệ thông tin | U68: K63
A69: 67 | B69: 2151067075 | C69: Nguyễn Bảo Thịnh | D69: Nam | E69: 26/07/2003 | F69: Tp.HCM | G69: 079203010481 | H69: 44697 | J69: 0903844683 | K69: Kinh | L69: 1242 | M69: 50/39 Lê Văn Duyệt, Phường 1, Quận Bình Thạnh, Thành phố Hồ Chí Minh | N69: Nguyễn Bảo Hưng | P69: Trương Thị Kiều Thơ | R69: S24-63CNTT1 | S69: Công nghệ thông tin | T69: Khoa Công nghệ thông tin | U69: K63
A70: 68 | B70: 2151067600 | C70: Nguyễn Thái Tuấn | D70: Nam | E70: 24/08/2003 | F70: Tp.HCM | G70: 035203001026 | J70: 0707189816 | K70: Kinh | L70: 101 | M70: 35A Đặng Thúc Vịnh, Huyện Hóc Môn TP.HCM | N70: Nguyễn Văn Giáp | P70: Nguyễn Thị Thúy | R70: S24-63CNTT1 | S70: Công nghệ thông tin | T70: Khoa Công nghệ thông tin | U70: K63
A71: 69 | B71: 2151067602 | C71: Nguyễn Văn An | D71: Nam | E71: 27/05/2002 | F71: Kom Tum | G71: 233325057 | J71: 0962913209 | K71: Kinh | L71: 103 | M71: Nguyễn Văn An, Tổ 3, Phường Ngô Mây, TP Kon Tum, tỉnh Kon Tum | N71: Nguyễn Văn Ninh | P71: Trần Thị HIền | R71: S24-63CNTT2 | S71: Công nghệ thông tin | T71: Khoa Công nghệ thông tin | U71: K63
A72: 70 | B72: 2151067053 | C72: Hồ Minh Anh | D72: Nữ | E72: 20/09/2003 | F72: Đồng Tháp | G72: 342113999 | J72: 0762121239 | K72: Kinh | L72: 1220 | M72: tổ 12, ấp Bình Hòa Thượng, xã Thường Thới Hậu A, huyện Hồng Ngự, tỉnh Đồng Tháp | N72: Hồ Minh Sang | P72: Trần Tuyết Hạnh | R72: S24-63CNTT2 | S72: Công nghệ thông tin | T72: Khoa Công nghệ thông tin | U72: K63
A73: 71 | B73: 2151067581 | C73: Nguyễn Xuân Bách | D73: Nam | E73: 23/07/2003 | F73: Quảng Bình | G73: 044203006339 | J73: 0849024612 | K73: Kinh | L73: 82 | M73: TDP Cầu, Phường Quảng Thuận, Thị xã Ba Đồn - Quảng Bình | N73: Nguyễn Đức Tùng | P73: Đoàn Thị Thái | R73: S24-63CNTT2 | S73: Công nghệ thông tin | T73: Khoa Công nghệ thông tin | U73: K63
A74: 72 | B74: 2151067630 | C74: Lê Văn Bảo | D74: Nam | E74: 18/08/2003 | F74: Lâm Đồng | G74: 251317612 | J74: 0363859458 | K74: Kinh | L74: 131 | M74: 62/28 Tố Hữu , Phường Lộc Sơn, Thành phố Bảo Lộc, Lâm Đồng | N74: Lê Văn Bồng | P74: Nguyễn Thị Xuân | R74: S24-63CNTT2 | S74: Công nghệ thông tin | T74: Khoa Công nghệ thông tin | U74: K63
A75: 73 | B75: 2151067583 | C75: Đặng Khánh Duy | D75: Nam | E75: 30/09/2003 | F75: Tp.HCM | G75: 074203006573 | H75: 44376 | J75: 0908566842 | K75: Kinh | L75: 84 | M75: Đặng Khánh Duy - SĐT: 0568018898 - 10/6 kp Đông A, Phường Đông Hoà, Tp Dĩ An, tỉnh Bình Dương | N75: ĐẶng Quang Vinh | P75: Lý Ngọc HƯơng | R75: S24-63CNTT2 | S75: Công nghệ thông tin | T75: Khoa Công nghệ thông tin | U75: K63
A76: 74 | B76: 2151067601 | C76: Thái Văn Hiếu | D76: Nam | E76: 04/01/2003 | F76: Đăk Lăk | G76: 066203008444 | H76: 44455 | J76: 0358379635 | K76: Kinh | L76: 102 | M76: Trường THPT Buôn Đôn - Buôn Đôn - Đắk Lắk | N76: Thái Văn Đức | P76: Vũ Thị Tám | R76: S24-63CNTT2 | S76: Công nghệ thông tin | T76: Khoa Công nghệ thông tin | U76: K63
A77: 75 | B77: 2151067617 | C77: Phan Công Hiếu | D77: Nam | E77: 14/10/2003 | F77: Hà Tĩnh | G77: 042203005726 | J77: 0352472966 | K77: Kinh | L77: 118 | M77: Nguyễn Thị Hồng Thắm, Thôn Đông Dũng, xã An Dũng, huyện Đức Thọ, tỉnh Hà Tĩnh | N77: Phan Viết Trung | P77: Nguyễn Thị Hồng Thắm | R77: S24-63CNTT2 | S77: Công nghệ thông tin | T77: Khoa Công nghệ thông tin | U77: K63
A78: 76 | B78: 2151067239 | C78: Đặng Nguyễn Minh Hoàng | D78: Nam | E78: 31/03/2003 | F78: Tp.HCM | G78: 022203000021 | H78: 44776.583 | I78: Cục trưởng cục cảnh sát quản lý về trật tự xã hội | J78: 0389687167 | K78: Kinh | L78: 1406 | M78: 70/5 đường 339, tổ 4, khu phố 5, phường Phước Long B, thành phố Thủ Đức, thành phố Hồ Chí Minh | N78: Đặng Minh Thuyên | P78: Nguyễn Thu HIền | R78: S24-63CNTT2 | S78: Công nghệ thông tin | T78: Khoa Công nghệ thông tin | U78: K63
A79: 77 | B79: 2151067575 | C79: Nguyễn Thái Học | D79: Nam | E79: 12/10/2003 | F79: Đổng Tháp | G79: 087203001477 | J79: 0765944488 | K79: Kinh | L79: 76 | M79: ấp Bình Chánh, Bình Thành, Huyện Thanh Bình - Đồng Tháp | N79: Nguyễn Thanh Tùng | P79: Phạm Thị Bích Ngọc | R79: S24-63CNTT2 | S79: Công nghệ thông tin | T79: Khoa Công nghệ thông tin | U79: K63
A80: 78 | B80: 2151067612 | C80: Nguyễn Chấn Hưng | D80: Nam | E80: 11/07/2003 | F80: Quảng Ngãi | G80: 051203001683 | J80: 0913713531 | K80: Kinh | L80: 113 | M80: Nguyễn Chấn Hưng, 0913713531, Hẻm 06/02 Quang Trung, TP Quảng Ngãi, Tỉnh Quảng Ngãi | N80: Nguyễn Duy Nhất | P80: Phạm Thị Kim Thức | R80: S24-63CNTT2 | S80: Công nghệ thông tin | T80: Khoa Công nghệ thông tin | U80: K63
A81: 79 | B81: 2154077899 | C81: Lê Tấn Hưng | D81: Nam | E81: 07/10/2003 | F81: Tp.HCM | G81: 079203022691 | J81: 0338700741 | K81: Kinh | L81: 400 | M81: 31a/16 ĐƯỜNG SỐ 3A Phường Bình Hưng Hoà A quận bình tân tphcm | N81: Lê Tấn Thuận | P81: Nguyễn Thị Thu Trinh | R81: S24-63CNTT2 | S81: Công nghệ thông tin | T81: Khoa Công nghệ thông tin | U81: K63 | V81: Quyết định quay trở lại trường - Ngày 09/04/2024; Quyết định tam ngừng học - Ngày 15/05/2024; Quyết định quay trở lại trường - Ngày 14/01/2025; Quyết định tam ngừng học - Ngày 19/09/2023; | W81: Quay trở lại
A82: 80 | B82: 2151067635 | C82: Nguyễn Công Huy | D82: Nam | E82: 27/02/2003 | F82: Đak Nông | G82: 245467124 | J82: 0944220767 | K82: Kinh | L82: 136 | M82: Nguyễn Công Huy, Tổ 4, Nghĩa Đức, Gia Nghĩa, Đăk Nông | N82: Nguyễn Công Lương | P82: Nguyễn Thị Hiếu | R82: S24-63CNTT2 | S82: Công nghệ thông tin | T82: Khoa Công nghệ thông tin | U82: K63
A83: 81 | B83: 2151067610 | C83: Võ Trần Luân | D83: Nam | E83: 03/05/2003 | F83: Tp.HCM | G83: 072203002752 | J83: 0373672045 | K83: Kinh | L83: 111 | M83: Võ Trần Luân, SĐT 0373627045, ĐC 237/94 Phạm Văn Chiêu, Phường 14,, Quận Gò Vấp - Tp. Hồ Chí Minh | N83: Võ Văn Phước | P83: Trần Thị Uyên | R83: S24-63CNTT2 | S83: Công nghệ thông tin | T83: Khoa Công nghệ thông tin | U83: K63
A84: 82 | B84: 2151067628 | C84: Trương Thị Thanh Mai | D84: Nữ | E84: 07/12/2003 | F84: Tp.HCM | G84: 079303013104 | J84: 0789758065 | K84: Kinh | L84: 129 | M84: 998/32 Quang Trung, P8, Gò Vấp | N84: Trương Công Tùng | P84: Nguyễn Thị Ngọc Hạnh | R84: S24-63CNTT2 | S84: Công nghệ thông tin | T84: Khoa Công nghệ thông tin | U84: K63
A85: 83 | B85: 2151067063 | C85: Huỳnh Hữu Mừng | D85: Nam | E85: 15/07/2003 | F85: Cà Mau | G85: 382005083 | J85: 0916660683 | K85: Kinh | L85: 1230 | M85: huyện Năm Căn, tỉnh Cà Mau | N85: Huỳnh Hữu Sum | P85: Trần Thùy Trang | R85: S24-63CNTT2 | S85: Công nghệ thông tin | T85: Khoa Công nghệ thông tin | U85: K63
A86: 84 | B86: 2151067614 | C86: Nguyễn Trường Nghĩa | D86: Nam | E86: 27/10/2003 | F86: Kiên Giang | G86: 091203002300 | J86: 0338053890 | K86: Kinh | L86: 115 | M86: Nguyễn Trường Nghĩa - 0338053890 - Số 2/8, tổ 10, Khu phố Thạch Động, P. Mỹ Đức, Tp. Hà Tiên, Kiên Giang | N86: Nguyễn Văn HIệp | P86: Nguyễn Thu Mỹ | R86: S24-63CNTT2 | S86: Công nghệ thông tin | T86: Khoa Công nghệ thông tin | U86: K63
A87: 85 | B87: 2151067065 | C87: Nguyễn Kiều Duy Ngọc | D87: Nam | E87: 05/08/2003 | F87: Tp.HCM | G87: 034203010715 | J87: 0965186079 | K87: Kinh | L87: 1232 | M87: 632 Phạm Văn Bạch, Phường 12, Q Gò Vấp, TP HCM | N87: Nguyễn Duy Ngọ | P87: Kiều Hồng Nhung | R87: S24-63CNTT2 | S87: Công nghệ thông tin | T87: Khoa Công nghệ thông tin | U87: K63
A88: 86 | B88: 2151067620 | C88: Nguyễn Nam Nhân | D88: Nam | E88: 23/02/2003 | F88: Tp.HCM | G88: 221537100 | J88: 0937587762 | K88: Kinh | L88: 121 | M88: Nguyễn Nam Nhân, 0937587762, 242/2 Nguyễn Thiện Thuật, Phường 3, Quận 3, Tp.Hồ Chí Minh | N88: Nguyễn Hữu Ngân | P88: Nguyễn Thị Thanh Huyền | R88: S24-63CNTT2 | S88: Công nghệ thông tin | T88: Khoa Công nghệ thông tin | U88: K63
A89: 87 | B89: 2151067245 | C89: Phạm Lê Minh Phúc | D89: Nam | E89: 24/08/2002 | F89: An Giang | G89: 089202011697 | H89: 44329 | I89: An Giang | J89: 0944266429 | K89: Kinh | L89: Phật giáo Hoà Hảo | M89: 458 tổ 9 ấp long thạnh 2 xã Long hoà huyện phú tân tỉnh an giang | N89: Phạm Văn Quới | O89: 094 574 77 64 | P89: Lê Thị Diệu Thúy | Q89: 0944266429 | R89: S24-63CNTT2 | S89: Công nghệ thông tin | T89: Khoa Công nghệ thông tin | U89: K63
A90: 88 | B90: 2151067593 | C90: Phan Minh Quân | D90: Nam | E90: 08/10/2003 | F90: Tp.Vũng Tàu | G90: 077203007573 | J90: 0372214268 | K90: Kinh | L90: 94 | M90: 855/F6 Bình Giã - Phường 10, Thành phố Vũng Tàu - Bà Rịa-Vũng Tàu | N90: Phan Văn Hùng | P90: Nguyễn Thị Thu Hà | R90: S24-63CNTT2 | S90: Công nghệ thông tin | T90: Khoa Công nghệ thông tin | U90: K63
A91: 89 | B91: 2151067072 | C91: Tăng Phước Sang | D91: Nam | E91: 23/01/2003 | F91: Bình Phước | G91: 070203003401 | H91: 44305 | I91: Cục cảnh sát | J91: 0963734484 | K91: Hoa | L91: 1239 | M91: Khu Phố Bình Giang 1 Phường Sơn Giang Thị Xã Phước Long Tỉnh Bình Phước | N91: Tăng Phước Giàu | P91: Huỳnh Thị Diệp | R91: S24-63CNTT2 | S91: Công nghệ thông tin | T91: Khoa Công nghệ thông tin | U91: K63
A92: 90 | B92: 2151067587 | C92: Nguyễn Hải Sơn | D92: Nam | E92: 28/11/2003 | F92: Tp.HCM | G92: 079203012598 | J92: 0967045703 | K92: Kinh | L92: 88 | M92: NGUYỄN HẢI SƠN - địa chỉ: 101 Ấp Bàu Tre 1- Xã Tân An Hội, Ấp Bàu Tre 1, Xã Tân An Hội, H.Củ Chi, TP.HCM | N92: Ngueyẽn Hải Bình | P92: Bùi Thị Lư | R92: S24-63CNTT2 | S92: Công nghệ thông tin | T92: Khoa Công nghệ thông tin | U92: K63
A93: 91 | B93: 2151067622 | C93: Nguyễn Hồng Sơn | D93: Nam | E93: 02/09/2003 | F93: Cà Mau | G93: 096203000014 | J93: 0937190568 | K93: Kinh | L93: 123 | M93: Bình Tân | N93: Nguyễn Văn Quyên | P93: Dương Thị Hương | R93: S24-63CNTT2 | S93: Công nghệ thông tin | T93: Khoa Công nghệ thông tin | U93: K63
A94: 92 | B94: 2151067074 | C94: Vũ Đức Thiện | D94: Nam | E94: 11/11/2002 | F94: Thái Bình | G94: 034202007751 | J94: 0399062400 | K94: Kinh | L94: 1241 | M94: 37/32/9/11 Lâm Thị Hố,Phường Tân Chánh Hiệp, Quận 12, Thành phố Hồ Chí Minh | N94: Vũ Văn Long | P94: Phạm Thị Mão | R94: S24-63CNTT2 | S94: Công nghệ thông tin | T94: Khoa Công nghệ thông tin | U94: K63
A95: 93 | B95: 2151067618 | C95: Lưu Anh Thơ | D95: Nam | E95: 12/02/2003 | F95: Phú Yên | G95: 221524094 | J95: 0865777208 | K95: Kinh | L95: 119 | M95: Khu phố 5, Phường Phú Lâm, TP Tuy Hòa, Phú Yên | N95: Lưu Anh Hào | P95: NguyễnThị Thu Thi | R95: S24-63CNTT2 | S95: Công nghệ thông tin | T95: Khoa Công nghệ thông tin | U95: K63
A96: 94 | B96: 2151067585 | C96: Phạm Quốc Thoại | D96: Nam | E96: 11/05/2003 | F96: BÌnh Định | G96: 215578179 | J96: 0975259312 | K96: Kinh | L96: 86 | M96: 89 Lê Hồng Phong, P.Bình Định, TX An Nhơn, Tỉnh Bình Định | N96: Phạm Văn Trọng | P96: Trà Thị Hiếu | R96: S24-63CNTT2 | S96: Công nghệ thông tin | T96: Khoa Công nghệ thông tin | U96: K63
A97: 95 | B97: 2151067076 | C97: Lê Huy Thông | D97: Nam | E97: 08/08/2003 | F97: Hà Tĩnh | G97: 042203001902 | J97: 0896512445 | K97: Kinh | L97: 1243 | M97: ngõ 108,đường liên xã trung hạ -xóm đông đoài -xã thạch hạ -thành phố hà tĩnh - tỉnh hà tĩnh | N97: Lê Ngọc | P97: Võ Thị Thủy | R97: S24-63CNTT2 | S97: Công nghệ thông tin | T97: Khoa Công nghệ thông tin | U97: K63
A98: 96 | B98: 2151067077 | C98: Nguyễn Văn Tiên | D98: Nam | E98: 11/09/2003 | F98: Đăk Lăk | G98: 066203008536 | H98: 44320 | J98: 0968166276 | K98: Kinh | L98: 1244 | M98: Buôn trang Eablang buôn hồ đắk lắk | N98: Nguyễn Văn Thiên | P98: Lê Thị Thu | R98: S24-63CNTT2 | S98: Công nghệ thông tin | T98: Khoa Công nghệ thông tin | U98: K63
A99: 97 | B99: 2151067251 | C99: Đặng Cao Trí | D99: Nam | E99: 12/11/2002 | F99: Tp.HCM | G99: 079202005033 | J99: 0896458675 | K99: Kinh | L99: 1418 | M99: 1013B,Nguyễn Duy Trinh,Tổ 1,Khu Phố 1,Phường Phú Hữu,Quận 9 | N99: Đặng Văn Tâm | P99: Võ Thị Thúy Hằng | R99: S24-63CNTT2 | S99: Công nghệ thông tin | T99: Khoa Công nghệ thông tin | U99: K63
A100: 98 | B100: 2151067605 | C100: Nguyễn Viết Xuân | D100: Nam | E100: 22/08/2003 | F100: Đăk Lăk | G100: 066203003193 | H100: 44299 | J100: 0941222916 | K100: Kinh | L100: 106 | M100: Thôn 7 - Xã Hòa Lễ - Huyện Krông Bông - Đắk Lắk | N100: Nguyễn Viết Minh | P100: Nguyễn Thị Thúy Dung | R100: S24-63CNTT2 | S100: Công nghệ thông tin | T100: Khoa Công nghệ thông tin | U100: K63
...

Sheet Sheet5
A1: Bộ môn | C1: Số HĐ | D1: Số SV theo QĐ
A2: Bộ môn Kế toán và Quản trị kinh doanh
A3: Bộ môn Công nghệ thông tin
A4: Bộ môn Kỹ thuật tài nguyên nước và Môi trường
A5: Bộ môn Kỹ thuật công trình

Sheet Sheet6
A1: Bộ môn | B1: Ngành | C1: Số HĐ | D1: Số SV theo QĐ
D2: Theo ngành | E2: Theo BM
A3: Bộ môn Kế toán và Quản trị kinh doanh | B3: Quản trị kinh doanh thương mại điện tử | C3: 2 | D3: =COUNTIF(TH!$R$4:$R$201,B3) -> 2 | E3: =COUNTIF(TH!$Y$4:$Y$201,A3) -> 73
B4: Quản trị Marketing | D4: =COUNTIF(TH!$R$4:$R$201,B4) -> 25
B5: Quản trị kinh doanh quốc tế | D5: =COUNTIF(TH!$R$4:$R$201,B5) -> 8
B6: Logistics và quản lý chuỗi cung ứng | C6: 1 | D6: =COUNTIF(TH!$R$4:$R$201,B6) -> 17
B7: Kế toán | C7: 1 | D7: =COUNTIF(TH!$R$4:$R$201,B7) -> 21
A8: Bộ môn Công nghệ thông tin | B8: Công nghệ thông tin | C8: 2 | D8: =COUNTIF(TH!$R$4:$R$201,B8) -> 26 | E8: =COUNTIF(TH!$Y$4:$Y$201,A8) -> 26
A9: Bộ môn Kỹ thuật tài nguyên nước và Môi trường | B9: Kỹ thuật cấp thoát nước | C9: 2 | D9: =COUNTIF(TH!$R$4:$R$201,B9) -> 14 | E9: =COUNTIF(TH!$Y$4:$Y$201,A9) -> 21
B10: Kỹ thuật tài nguyên nước | C10: 1 | D10: =COUNTIF(TH!$R$4:$R$201,B10) -> 7
A11: Bộ môn Kỹ thuật công trình | B11: Kỹ thuật xây dựng công trình thủy | C11: 2 | D11: =COUNTIF(TH!$R$4:$R$201,B11) -> 31 | E11: =COUNTIF(TH!$Y$4:$Y$201,A11) -> 78
B12: Kỹ thuật xây dựng | C12: 1 | D12: =COUNTIF(TH!$R$4:$R$201,B12) -> 41
B13: Kỹ thuật xây dựng công trình giao thông | C13: 1 | D13: =COUNTIF(TH!$R$4:$R$201,B13) -> 3
B14: Công nghệ kỹ thuật xây dựng | C14: 1 | D14: =COUNTIF(TH!$R$4:$R$201,B14) -> 3
A15: Tổng | C15: =SUM(C3:C14) -> 14 | D15: =SUM(D3:D14) -> 198 | E15: =SUM(E3:E14) -> 198
