Workbook

Sheet DS nhan HPTN
A1: DANH SÁCH SINH VIÊN THỰC HIỆN HỌC PHẦN TỐT NGHIỆP - HỌC KỲ 2 NĂM HỌC 2025-2026
A2: (Kèm theo Quyết định số /QĐ-ĐHTL-PH ngày tháng năm 2026)
A4: STT | B4: MSSV | C4: Họ và Tên | D4: Lớp | E4: Số điểm tích lũy | F4: Tên Đề Tài | I4: GV Hướng Dẫn 1 | J4: GV Hướng Dẫn 2 | K4: Ngành | L4: Bộ Môn
A5: 1 | B5: 1951065174 | C5: Hà Lê Duy | D5: S22-61TH1 | E5: 2.46 | F5: Xây dựng hệ thống quản lý bán hàng đa nền tảng dựa trên Flutter và Firebase | H5: =IF(G5=0,F5,G5) -> Xây dựng hệ thống quản lý bán hàng đa nền tảng dựa trên Flutter và Firebase | I5: TS. Hoàng Thị Kiều Anh | K5: Công nghệ thông tin | L5: Công nghệ thông tin | M5: =VLOOKUP(B5,Sheet4!D:O,11,0) -> https://drive.google.com/open?id=1NukpykEHyFBscM6XTv794v7AM3Y8TmCt
A6: 2 | B6: 2051067522 | C6: Nguyễn Ngọc Bảo | D6: S23-62TH | E6: 2.78 | F6: Xây dựng website định giá Bất động sản tại Thành phố Hồ Chí Minh thông qua kỹ thuật học máy | H6: =IF(G6=0,F6,G6) -> Xây dựng website định giá Bất động sản tại Thành phố Hồ Chí Minh thông qua kỹ thuật học máy | I6: ThS. Trần Ngọc Dân | K6: Công nghệ thông tin | L6: Công nghệ thông tin | M6: =VLOOKUP(B6,Sheet4!D:O,11,0) -> https://drive.google.com/open?id=1RxKckfufymMb2S5w6arS_vAwn-PGITZ-
A7: 3 | B7: 2151067055 | C7: Chung Gia Bảo | D7: S24-63CNTT1 | E7: 2.15 | F7: Xây dựng hệ thống website Gia Bao kinh doanh thiết bị di động trực tuyến tích hợp quản lý kho và đơn hàng | H7: =IF(G7=0,F7,G7) -> Xây dựng hệ thống website Gia Bao kinh doanh thiết bị di động trực tuyến tích hợp quản lý kho và đơn hàng | I7: TS. Hoàng Thị Kiều Anh | K7: Công nghệ thông tin | L7: Công nghệ thông tin | M7: =VLOOKUP(B7,Sheet4!D:O,11,0) -> https://drive.google.com/open?id=1hMC0Mvs7iLgTIM_aYVuUNderRfNFF9ER
A8: 4 | B8: 2151067060 | C8: Võ Hoàn Lạc | D8: S24-63CNTT1 | E8: 2.21 | F8: Xây dựng website thời trang LaHo tích hợp chatbot hỗ trợ và tư vấn khách hàng | H8: =IF(G8=0,F8,G8) -> Xây dựng website thời trang LaHo tích hợp chatbot hỗ trợ và tư vấn khách hàng | I8: TS. Hoàng Thị Kiều Anh | K8: Công nghệ thông tin | L8: Công nghệ thông tin | M8: =VLOOKUP(B8,Sheet4!D:O,11,0) -> https://drive.google.com/open?id=1jDc3GRI1k-EoZYHVhvVaZz3e8nRmIitx
A9: 5 | B9: 2151067238 | C9: Võ Lê Hậu | D9: S24-63CNTT1 | E9: 2.18 | F9: Xây dựng ứng dụng quản lý học tại trung tâm giáo dục Thành Công | H9: =IF(G9=0,F9,G9) -> Xây dựng ứng dụng quản lý học tại trung tâm giáo dục Thành Công | I9: ThS. Tống Thị Nhung | K9: Công nghệ thông tin | L9: Công nghệ thông tin | M9: =VLOOKUP(B9,Sheet4!D:O,11,0) -> https://drive.google.com/open?id=1Fv3gvQMTM0OJvwadGlvs4qKBwSjibCrZ
A10: 6 | B10: 2151067630 | C10: Lê Văn Bảo | D10: S24-63CNTT2 | E10: 2.07 | F10: Thiết kế xây dựng sensor đo và theo dõi độ mặn trong quản lý chất lượng nước | H10: =IF(G10=0,F10,G10) -> Thiết kế xây dựng sensor đo và theo dõi độ mặn trong quản lý chất lượng nước | I10: TS. Hoàng Văn Quý | K10: Công nghệ thông tin | L10: Công nghệ thông tin | M10: =VLOOKUP(B10,Sheet4!D:O,11,0) -> https://drive.google.com/open?id=1oTCNKQunSM2GxaM9ow73QHcn2NEdcmjt
A11: 7 | B11: 2151067620 | C11: Nguyễn Nam Nhân | D11: S24-63CNTT2 | E11: 2.5 | F11: Xây dựng website quản lý kho hàng ứng dụng công nghệ AI | H11: =IF(G11=0,F11,G11) -> Xây dựng website quản lý kho hàng ứng dụng công nghệ AI | I11: ThS. Trần Ngọc Dân | K11: Công nghệ thông tin | L11: Công nghệ thông tin | M11: =VLOOKUP(B11,Sheet4!D:O,11,0) -> https://drive.google.com/open?id=1USTn0hnyhpWUAjz86eQ3qAtFnwMBTgdP
A12: 8 | B12: 2151067610 | C12: Võ Trần Luân | D12: S24-63CNTT2 | E12: 2.42 | F12: Thiết kế và xây dựng hệ thống điều khiển nhà thông minh trên nền tảng ESP32S | H12: =IF(G12=0,F12,G12) -> Thiết kế và xây dựng hệ thống điều khiển nhà thông minh trên nền tảng ESP32S | I12: ThS. Nguyễn Thị Hồng Tú | K12: Công nghệ thông tin | L12: Công nghệ thông tin | M12: =VLOOKUP(B12,Sheet4!D:O,11,0) -> https://drive.google.com/open?id=1VVm3CwhbW6263zGXBZlA4La7PDVPiOMl
A13: 9 | B13: 2151067072 | C13: Tăng Phước Sang | D13: S24-63CNTT2 | E13: 2.05 | F13: Thiết kế và phát triển website du lịch trực tuyến VietExplore | H13: =IF(G13=0,F13,G13) -> Thiết kế và phát triển website du lịch trực tuyến VietExplore | I13: ThS. Vũ Thị Hạnh | K13: Công nghệ thông tin | L13: Công nghệ thông tin | M13: =VLOOKUP(B13,Sheet4!D:O,11,0) -> https://drive.google.com/open?id=1gi4vAwZjUEa0-f2MksxmiHLcGaevDjZB
A14: 10 | B14: 2151067053 | C14: Hồ Minh Anh | D14: S24-63CNTT2 | E14: 2.42 | F14: Phát triển ứng dụng di động quản lý sự kiện sử dụng Flutter | H14: =IF(G14=0,F14,G14) -> Phát triển ứng dụng di động quản lý sự kiện sử dụng Flutter | I14: ThS. Nguyễn Thị Hồng Tú | K14: Công nghệ thông tin | L14: Công nghệ thông tin | M14: =VLOOKUP(B14,Sheet4!D:O,11,0) -> https://drive.google.com/open?id=1abTZwxvI4026_-6zf0KFF980uSoPKWGq
A15: 11 | B15: 2151067239 | C15: Đặng Nguyễn Minh Hoàng | D15: S24-63CNTT2 | E15: 2.42 | F15: Xây dựng website quản lý dự án cho Công ty Vision | H15: =IF(G15=0,F15,G15) -> Xây dựng website quản lý dự án cho Công ty Vision | I15: ThS. Nguyễn Thị Hồng Tú | K15: Công nghệ thông tin | L15: Công nghệ thông tin | M15: =VLOOKUP(B15,Sheet4!D:O,11,0) -> https://drive.google.com/open?id=1qlMKQR0sHCZ06bhq3nV_Dji1znjvchv0
A16: 12 | B16: 2251068218 | C16: Lê Võ Nhựt Nguyên | D16: S25-64CNTT | E16: 2.91 | F16: Thiết kế và xây dựng hệ thống IoT giám sát, chống trộm và cảnh báo tai nạn cho xe máy | H16: =IF(G16=0,F16,G16) -> Thiết kế và xây dựng hệ thống IoT giám sát, chống trộm và cảnh báo tai nạn cho xe máy | I16: ThS. Vũ Thị Hạnh | K16: Công nghệ thông tin | L16: Công nghệ thông tin | M16: =VLOOKUP(B16,Sheet4!D:O,11,0) -> https://drive.google.com/open?id=1jSoOOKoQQKFeTo7CsFbI2CooyxnI8GLI
... A62: 58 | B62: 2154027107 | C62: Hồ Phạm Khánh Linh | D62: S24-63QT-MAR | E62: 1.91 | F62: Nâng cao hiệu quả tuyển dụng nhân sự tại Công ty TNHH EX ADMEDIA ASIA | H62: =IF(G62=0,F62,G62) -> Nâng cao hiệu quả tuyển dụng nhân sự tại Công ty TNHH EX ADMEDIA ASIA | I62: ThS. Tăng Thị Lưu | K62: Quản trị Marketing | L62: Kế toán & Quản trị kinh doanh | M62: =VLOOKUP(B62,Sheet4!D:O,11,0) -> https://drive.google.com/open?id=13ul2Zoi1KuSVnYE8laXl50MgYTT0hYt4
A63: 59 | B63: 2154027093 | C63: Võ Thị Hồng Hạnh | D63: S24-63QT-MAR | E63: 1.86 | F63: Giải pháp thúc đẩy hiệu quả hoạt động bán hàng cá nhân của đội ngũ môi giới tại Công ty CP Đầu Tư Và Dịch Vụ Đất Xanh Miền Nam | G63: Giải pháp thúc đẩy hiệu quả hoạt động bán hàng cá nhân của đội ngũ môi giới tại Công Ty TNHH Tập Đoàn Nam Việt Group | H63: =IF(G63=0,F63,G63) -> Giải pháp thúc đẩy hiệu quả hoạt động bán hàng cá nhân của đội ngũ môi giới tại Công Ty TNHH Tập Đoàn Nam Việt Group | I63: ThS. Tăng Thị Lưu | K63: Quản trị Marketing | L63: Kế toán & Quản trị kinh doanh | M63: =VLOOKUP(B63,Sheet4!D:O,11,0) -> https://drive.google.com/open?id=1UcYBdXxdGVb4qcRw2wUrSUOGJRrLGMk7
A64: 60 | B64: 2154027657 | C64: Đỗ Ngọc Yến Trân | D64: S24-63QT-MAR | E64: 2.2 | F64: Giải pháp nâng cao hiệu quả hoạt động digital marketing tại Công ty Cổ phần Công nghệ Y tế Minh Anh | H64: =IF(G64=0,F64,G64) -> Giải pháp nâng cao hiệu quả hoạt động digital marketing tại Công ty Cổ phần Công nghệ Y tế Minh Anh | I64: ThS. Tăng Thị Lưu | K64: Quản trị Marketing | L64: Kế toán & Quản trị kinh doanh | M64: =VLOOKUP(B64,Sheet4!D:O,11,0) -> https://drive.google.com/open?id=186pPY33DDb64kZ-XQqFsXsEkg_6J7gNO
A65: 61 | B65: 2154027138 | C65: Trần Mạnh Trung | D65: S24-63QT-MAR | E65: 2.01 | F65: Nâng cao hiệu quả hoạt động truyền thông marketing trên nền tảng Tiktok tại Công ty TNHH Meishang Viet Nam | H65: =IF(G65=0,F65,G65) -> Nâng cao hiệu quả hoạt động truyền thông marketing trên nền tảng Tiktok tại Công ty TNHH Meishang Viet Nam | I65: ThS. Tăng Thị Lưu | K65: Quản trị Marketing | L65: Kế toán & Quản trị kinh doanh | M65: =VLOOKUP(B65,Sheet4!D:O,11,0) -> https://drive.google.com/open?id=1XwWyaI01Q6RIxtkRJNpXQFv_CIQh7ngd
A66: 62 | B66: 2254028424 | C66: Huỳnh Thị Ngọc Hiên | D66: S25-64QT-MAR | E66: 2.13 | F66: Nâng cao hiệu quả hoạt động chăm sóc khách hàng tại Công ty TNHH MTV chuyển phát nhanh Thuận Phong | H66: =IF(G66=0,F66,G66) -> Nâng cao hiệu quả hoạt động chăm sóc khách hàng tại Công ty TNHH MTV chuyển phát nhanh Thuận Phong | I66: ThS. Tăng Thị Lưu | K66: Quản trị Marketing | L66: Kế toán & Quản trị kinh doanh | M66: =VLOOKUP(B66,Sheet4!D:O,11,0) -> https://drive.google.com/open?id=1h_yMqLE2oWAb8cYOoaP8XN3wAOMJjVos
A67: 63 | B67: 2254028423 | C67: Cao Thị Thanh Hảo | D67: S25-64QT-MAR | E67: 2.26 | F67: Nâng cao hiệu quả hoạt động cho vay đối với khách hàng cá nhân tại Ngân hàng Thương mại Cổ phần Quân đội - Chi nhánh Tân Cảng | H67: =IF(G67=0,F67,G67) -> Nâng cao hiệu quả hoạt động cho vay đối với khách hàng cá nhân tại Ngân hàng Thương mại Cổ phần Quân đội - Chi nhánh Tân Cảng | I67: ThS. Tăng Thị Lưu | K67: Quản trị Marketing | L67: Kế toán & Quản trị kinh doanh | M67: =VLOOKUP(B67,Sheet4!D:O,11,0) -> https://drive.google.com/open?id=15pwtBHj0ToRISUmtw3ZNG7AeZeAmGBNt
A68: 64 | B68: 2254028437 | C68: Nguyễn Huỳnh Ngọc Lam | D68: S25-64QT-MAR | E68: 2.6 | F68: Nâng cao hiệu quả hoạt động truyền thông marketing trên nền tảng Tiktok tại Công ty TNHH Esuhai | H68: =IF(G68=0,F68,G68) -> Nâng cao hiệu quả hoạt động truyền thông marketing trên nền tảng Tiktok tại Công ty TNHH Esuhai | I68: ThS. Tăng Thị Lưu | K68: Quản trị Marketing | L68: Kế toán & Quản trị kinh doanh | M68: =VLOOKUP(B68,Sheet4!D:O,11,0) -> https://drive.google.com/open?id=1-mWgSHPSVqD86z2P0N2ygTTKTHb6lHQM
A69: 65 | B69: 2254028466 | C69: Võ Thị Thúy Quy | D69: S25-64QT-MAR | E69: 3.11 | F69: Nâng cao hiệu quả hoạt động truyền thông marketing trên nền tảng TikTok tại Công ty TNHH MTV Vật Liệu Cách Nhiệt Việt Nhật | H69: =IF(G69=0,F69,G69) -> Nâng cao hiệu quả hoạt động truyền thông marketing trên nền tảng TikTok tại Công ty TNHH MTV Vật Liệu Cách Nhiệt Việt Nhật | I69: ThS. Tăng Thị Lưu | K69: Quản trị Marketing | L69: Kế toán & Quản trị kinh doanh | M69: =VLOOKUP(B69,Sheet4!D:O,11,0) -> https://drive.google.com/open?id=1sbebNb_twPY7qL5H6riAX1VvF0IJWEUN
A70: 66 | B70: 2254028455 | C70: Lê Thị Hồng Nhi | D70: S25-64QT-MAR | E70: 2.89 | F70: Nâng cao hiệu quả hoạt động truyền thông marketing trên nền tảng Facebook tại Công ty Cổ phần Đầu tư WorldLine | H70: =IF(G70=0,F70,G70) -> Nâng cao hiệu quả hoạt động truyền thông marketing trên nền tảng Facebook tại Công ty Cổ phần Đầu tư WorldLine | I70: ThS. Tăng Thị Lưu | K70: Quản trị Marketing | L70: Kế toán & Quản trị kinh doanh | M70: =VLOOKUP(B70,Sheet4!D:O,11,0) -> https://drive.google.com/open?id=1YwVUCIzSfa9kT2JJlRotqBfJyI4zn63T
A71: 67 | B71: 2254028412 | C71: Võ Ngọc Tú Chi | D71: S25-64QT-MAR | E71: 2.1 | F71: Nâng cao hiệu quả hoạt động truyền thông marketing trên nền tảng Facebook tại Công ty TNHH Thế Giới Nha Khoa AB | H71: =IF(G71=0,F71,G71) -> Nâng cao hiệu quả hoạt động truyền thông marketing trên nền tảng Facebook tại Công ty TNHH Thế Giới Nha Khoa AB | I71: ThS. Tăng Thị Lưu | K71: Quản trị Marketing | L71: Kế toán & Quản trị kinh doanh | M71: =VLOOKUP(B71,Sheet4!D:O,11,0) -> https://drive.google.com/open?id=1NgHLwjOeaeU17f-Dnt08lUb3vVGsml5D
A72: 68 | B72: 2254028454 | C72: Nguyễn Thành Nhân | D72: S25-64QT-MAR | E72: 2.2 | F72: Giải pháp nâng cao hiệu quả hoạt động chăm sóc khách hàng tại Công ty TNHH Thương Mại Và Kỹ Thuật Sanwa | H72: =IF(G72=0,F72,G72) -> Giải pháp nâng cao hiệu quả hoạt động chăm sóc khách hàng tại Công ty TNHH Thương Mại Và Kỹ Thuật Sanwa | I72: ThS. Tăng Thị Lưu | K72: Quản trị Marketing | L72: Kế toán & Quản trị kinh doanh | M72: =VLOOKUP(B72,Sheet4!D:O,11,0) -> https://drive.google.com/open?id=1OXgnrVbAsSKzxKswapf8G-V9fqD7aH9G
A73: 69 | B73: 2254028422 | C73: Nguyễn Lê Thu Hà | D73: S25-64QT-MAR | E73: 2.15 | F73: Giải pháp nâng cao hiệu quả hoạt động chăm sóc khách hàng tại Công ty TNHH Thiết bị Quảng cáo Nam Mỹ | H73: =IF(G73=0,F73,G73) -> Giải pháp nâng cao hiệu quả hoạt động chăm sóc khách hàng tại Công ty TNHH Thiết bị Quảng cáo Nam Mỹ | I73: ThS. Tăng Thị Lưu | K73: Quản trị Marketing | L73: Kế toán & Quản trị kinh doanh | M73: =VLOOKUP(B73,Sheet4!D:O,11,0) -> https://drive.google.com/open?id=1npVHdgeVs3bqgiVUlm1qViBdx-dH2XF5
A74: 70 | B74: 2254028479 | C74: Võ Thị Kim Thoa | D74: S25-64QT-MAR | E74: 2.29 | F74: Hoàn thiện công tác chăm sóc khách hàng cá nhân trong hoạt động tín dụng tại Ngân hàng Thương mại Cổ phần Quân đội - Chi nhánh Tân Cảng | H74: =IF(G74=0,F74,G74) -> Hoàn thiện công tác chăm sóc khách hàng cá nhân trong hoạt động tín dụng tại Ngân hàng Thương mại Cổ phần Quân đội - Chi nhánh Tân Cảng | I74: ThS. Tăng Thị Lưu | K74: Quản trị Marketing | L74: Kế toán & Quản trị kinh doanh | M74: =VLOOKUP(B74,Sheet4!D:O,11,0) -> https://drive.google.com/open?id=1B_inG1Cd9LATzZaxOCF4eBp6YdxE4HaU
A75: 71 | B75: 2254028421 | C75: Võ Thị Ngọc Giàu | D75: S25-64QT-MAR | E75: 2.26 | F75: Nâng cao hiệu quả hoạt động bán hàng tại Công ty TNHH Đầu tư Thương mại Linh Kiệt | H75: =IF(G75=0,F75,G75) -> Nâng cao hiệu quả hoạt động bán hàng tại Công ty TNHH Đầu tư Thương mại Linh Kiệt | I75: ThS. Tăng Thị Lưu | K75: Quản trị Marketing | L75: Kế toán & Quản trị kinh doanh | M75: =VLOOKUP(B75,Sheet4!D:O,11,0) -> https://drive.google.com/open?id=1OWI3yepbiHuE44r4tNiwKf30LrZE1aQE
... A93: 89 | B93: 2254028452 | C93: Nguyễn Thị Thúy Nga | D93: S25-64QT-KDQT | E93: 2.72 | F93: Hoàn thiện công tác tuyển dụng nhân sự tại Công ty Cổ phần Kỹ thuật Việt Sơn | H93: =IF(G93=0,F93,G93) -> Hoàn thiện công tác tuyển dụng nhân sự tại Công ty Cổ phần Kỹ thuật Việt Sơn | I93: TS. Trần Thị Thanh Huyền | K93: Quản trị kinh doanh quốc tế | L93: Kế toán & Quản trị kinh doanh | M93: =VLOOKUP(B93,Sheet4!D:O,11,0) -> https://drive.google.com/open?id=1CD07aSIE8VQuH43Br-0Qp4Kw3Q3d0jP_
A94: 90 | B94: 2254023910 | C94: NGÔ SỸ SIÊU | D94: S25-64QT-KDQT | E94: 2.69 | F94: Thực trạng và giải pháp nâng cao hiệu quả hoạt động tuyển sinh tại Trường Cao đẳng nghề Hoa Sen | G94: Giải pháp nâng cao hiệu quả hoạt động truyền thông marketing tại Trường Cao đẳng nghề Hoa Sen | H94: =IF(G94=0,F94,G94) -> Giải pháp nâng cao hiệu quả hoạt động truyền thông marketing tại Trường Cao đẳng nghề Hoa Sen | I94: ThS. Tăng Thị Lưu | K94: Quản trị kinh doanh quốc tế | L94: Kế toán & Quản trị kinh doanh | M94: =VLOOKUP(B94,Sheet4!D:O,11,0) -> https://drive.google.com/open?id=1P7c-TZO9yPDlrijQhIJanYF-HBNjLLGG
A95: 91 | B95: 2254028416 | C95: Nguyễn Thị Thùy Dung | D95: S25-64QT-KDQT | E95: 2.64 | F95: Hoàn thiện công tác tuyển dụng nhân sự tại Công ty TNHH Vật Liệu Cách Nhiệt Việt Nhật | H95: =IF(G95=0,F95,G95) -> Hoàn thiện công tác tuyển dụng nhân sự tại Công ty TNHH Vật Liệu Cách Nhiệt Việt Nhật | I95: TS. Trần Thị Thanh Huyền | K95: Quản trị kinh doanh quốc tế | L95: Kế toán & Quản trị kinh doanh | M95: =VLOOKUP(B95,Sheet4!D:O,11,0) -> https://drive.google.com/open?id=1OKHXJcz_aR0iAwQJ127Tq59tWaT9atga
A96: 92 | B96: 2154027131 | C96: Hoàng Thị Hoài Thương | D96: S24-63QT-KDQT | E96: 3.07 | F96: Hoàn thiện quy trình thông quan hàng thức ăn chăn nuôi nhập khẩu bằng đường biển tại Công ty TNHH Xuất Nhập Khẩu Minh Trang SG | H96: =IF(G96=0,F96,G96) -> Hoàn thiện quy trình thông quan hàng thức ăn chăn nuôi nhập khẩu bằng đường biển tại Công ty TNHH Xuất Nhập Khẩu Minh Trang SG | I96: ThS. Tăng Thị Lưu | K96: Quản trị kinh doanh quốc tế | L96: Kế toán & Quản trị kinh doanh | M96: =VLOOKUP(B96,Sheet4!D:O,11,0) -> https://drive.google.com/open?id=1h8F1hj02X2I8NqbtkzymCvxMgGUe2yZw
A97: 93 | B97: 2254028462 | C97: Đỗ Thị Thu Phương | D97: S25-64QT-KDQT | E97: 2.52 | F97: Giải pháp phát triển ngành hàng độc quyền tại Công ty TNHH Mê Đi Ca | H97: =IF(G97=0,F97,G97) -> Giải pháp phát triển ngành hàng độc quyền tại Công ty TNHH Mê Đi Ca | I97: TS. Hà Kiên Tân | K97: Quản trị kinh doanh quốc tế | L97: Kế toán & Quản trị kinh doanh | M97: =VLOOKUP(B97,Sheet4!D:O,11,0) -> https://drive.google.com/open?id=167CJNkXJIQBMaKfLDFo7gpuBu5jm3m3x
A98: 94 | B98: 2254028449 | C98: Nguyễn Ánh Minh | D98: S25-64QT-KDQT | E98: 2.82 | F98: Hoàn thiện hoạt động thanh toán quốc tế cho các doanh nghiệp vận tải tại Ngân hàng Vietcombank - Chi nhánh TP. Hồ Chí Minh | H98: =IF(G98=0,F98,G98) -> Hoàn thiện hoạt động thanh toán quốc tế cho các doanh nghiệp vận tải tại Ngân hàng Vietcombank - Chi nhánh TP. Hồ Chí Minh | I98: TS. Hà Kiên Tân | K98: Quản trị kinh doanh quốc tế | L98: Kế toán & Quản trị kinh doanh | M98: =VLOOKUP(B98,Sheet4!D:O,11,0) -> https://drive.google.com/open?id=1Ddm6cPr4fW_ywBVT_TpNtGz0oUHRdWiY
A99: 95 | B99: 2254028483 | C99: Phùng Minh Thư | D99: S25-64QT-KDQT | E99: 2.71 | F99: Hoàn thiện công tác tuyển dụng nhân sự tại Công ty TNHH KOI Café Việt Nam | H99: =IF(G99=0,F99,G99) -> Hoàn thiện công tác tuyển dụng nhân sự tại Công ty TNHH KOI Café Việt Nam | I99: TS. Hà Kiên Tân | K99: Quản trị kinh doanh quốc tế | L99: Kế toán & Quản trị kinh doanh | M99: =VLOOKUP(B99,Sheet4!D:O,11,0) -> https://drive.google.com/open?id=1W_z06kxXTZZB9um7qs6Oi7hwRESTGTuy
A100: 96 | B100: 2254028467 | C100: Lê Thụy Hồng Quyên | D100: S25-64QT-KDQT | E100: 2.7 | F100: Hoàn thiện hoạt động kinh doanh tại Công ty Cổ phần đầu tư địa ốc Tân Thịnh | H100: =IF(G100=0,F100,G100) -> Hoàn thiện hoạt động kinh doanh tại Công ty Cổ phần đầu tư địa ốc Tân Thịnh | I100: TS. Hà Kiên Tân | K100: Quản trị kinh doanh quốc tế | L100: Kế toán & Quản trị kinh doanh | M100: =VLOOKUP(B100,Sheet4!D:O,11,0) -> https://drive.google.com/open?id=19VHTVQ6wpK0xBC97dPYjmS2S9st8WBTa
A101: 97 | B101: 2254028499 | C101: Bùi Ngọc Lan Vy | D101: S25-64QT-KDQT | E101: 2.61 | F101: Hoàn thiện hoạt động tuyển dụng nhân lực tại Công ty TNHH Redsun Logistics | H101: =IF(G101=0,F101,G101) -> Hoàn thiện hoạt động tuyển dụng nhân lực tại Công ty TNHH Redsun Logistics | I101: TS. Hà Kiên Tân | K101: Quản trị kinh doanh quốc tế | L101: Kế toán & Quản trị kinh doanh | M101: =VLOOKUP(B101,Sheet4!D:O,11,0) -> https://drive.google.com/open?id=11oqq7j6FvyLmlczN-xNQdPprBZ7EdE9l
A102: 98 | B102: 2254028492 | C102: Đẩu Phạm Ngọc Trinh | D102: S25-64QT-KDQT | E102: 2.62 | F102: Hoàn thiện hoạt động tuyển dụng nhân lực tại Công ty Cổ phần giao nhận WinWin | H102: =IF(G102=0,F102,G102) -> Hoàn thiện hoạt động tuyển dụng nhân lực tại Công ty Cổ phần giao nhận WinWin | I102: TS. Hà Kiên Tân | K102: Quản trị kinh doanh quốc tế | L102: Kế toán & Quản trị kinh doanh | M102: =VLOOKUP(B102,Sheet4!D:O,11,0) -> https://drive.google.com/open?id=1k2fzhm-Yms7YLQuUsBqkd9NBts4RfPmp
A103: 99 | B103: 2254028431 | C103: Phạm Ngọc Kim Huệ | D103: S25-64QT-KDQT | E103: 3.08 | F103: Nâng cao hiệu quả quy trình thông quan hàng xuất khẩu bằng đường biển tại Công ty TNHH Thương mại dịch vụ đầu tư Tân Minh Trí | H103: =IF(G103=0,F103,G103) -> Nâng cao hiệu quả quy trình thông quan hàng xuất khẩu bằng đường biển tại Công ty TNHH Thương mại dịch vụ đầu tư Tân Minh Trí | I103: TS. Hà Kiên Tân | K103: Quản trị kinh doanh quốc tế | L103: Kế toán & Quản trị kinh doanh | M103: =VLOOKUP(B103,Sheet4!D:O,11,0) -> https://drive.google.com/open?id=1vsuI7TTtKYJri8ZbTfXpOjgMHADeMa3P
A104: 100 | B104: 2254028425 | C104: Nguyễn Thị Thu Hiền | D104: S25-64QT-KDQT | E104: 2.77 | F104: Giải pháp hoàn thiện hoạt động bán hàng tại Công ty TNHH Thương mại Xe máy Hà Thành | H104: =IF(G104=0,F104,G104) -> Giải pháp hoàn thiện hoạt động bán hàng tại Công ty TNHH Thương mại Xe máy Hà Thành | I104: ThS. Nguyễn Thị Hồng Hạnh | K104: Quản trị kinh doanh quốc tế | L104: Kế toán & Quản trị kinh doanh | M104: =VLOOKUP(B104,Sheet4!D:O,11,0) -> https://drive.google.com/open?id=1lMl6DmA4hiLvvNKBLDqQD5bkyoeWs7I5
A105: 101 | B105: 2254028409 | C105: Trần Ngọc Ánh | D105: S25-64QT-KDQT | E105: 3.06 | F105: Giải pháp hoàn thiện hoạt động truyền thông marketing tại Công ty TNHH Thương mại và Dịch vụ Vĩnh Thiện Phát | H105: =IF(G105=0,F105,G105) -> Giải pháp hoàn thiện hoạt động truyền thông marketing tại Công ty TNHH Thương mại và Dịch vụ Vĩnh Thiện Phát | I105: ThS. Nguyễn Thị Hồng Hạnh | K105: Quản trị kinh doanh quốc tế | L105: Kế toán & Quản trị kinh doanh | M105: =VLOOKUP(B105,Sheet4!D:O,11,0) -> https://drive.google.com/open?id=13UTfxn0NczK6IAYSZW5P3b-DNV_HiHU9
A106: 102 | B106: 2254058604 | C106: Nguyễn Trọng Hiếu | D106: S25-64TMDT | E106: 2.6 | F106: Hoàn thiện hoạt động Digital Marketing trong truyền thông tuyển sinh tại Phân hiệu Trường Đại học Thủy Lợi | H106: =IF(G106=0,F106,G106) -> Hoàn thiện hoạt động Digital Marketing trong truyền thông tuyển sinh tại Phân hiệu Trường Đại học Thủy Lợi | I106: ThS. Đỗ Duy Khương | K106: Thương mại điện tử | L106: Kế toán & Quản trị kinh doanh | M106: =VLOOKUP(B106,Sheet4!D:O,11,0) -> https://drive.google.com/open?id=1jW9cSSpkKDQzOrcyRT4M4xHXaAjZVAyz
... A156: 152 | B156: 2154037768 | C156: Phan Ngọc Lam | D156: S24-63KT | E156: 2.31 | F156: Kế toán thanh toán với người bán, người mua gắn với quản lý hàng tồn kho tại Công ty Cổ phẩn DCINE Chi nhánh Bến Thành. | H156: =IF(G156=0,F156,G156) -> Kế toán thanh toán với người bán, người mua gắn với quản lý hàng tồn kho tại Công ty Cổ phẩn DCINE Chi nhánh Bến Thành. | I156: ThS. Lê Tiến Dũng | K156: Kế toán | L156: Kế toán & Quản trị kinh doanh | M156: =VLOOKUP(B156,Sheet4!D:O,11,0) -> https://drive.google.com/open?id=1rfdMZBZL904LNbWonMlPpRXNCjfv9dk3
A157: 153 | B157: 2154037769 | C157: Lê Thị Thanh Loan | D157: S24-63KT | E157: 2.03 | F157: Kế toán thanh toán với người bán, người mua tại Công ty Cổ phần Quốc tế Wing | G157: Kế toán thanh toán với người bán và người mua tại Công ty TNHH DGS Logistics | H157: =IF(G157=0,F157,G157) -> Kế toán thanh toán với người bán và người mua tại Công ty TNHH DGS Logistics | I157: ThS. Lê Tiến Dũng | K157: Kế toán | L157: Kế toán & Quản trị kinh doanh | M157: =VLOOKUP(B157,Sheet4!D:O,11,0) -> https://drive.google.com/open?id=1vcKt2VmVQKBQLD6uC6pA8Gh2nVMvMwGA
A158: 154 | B158: 2154037770 | C158: Trương Quốc Minh | D158: S24-63KT | E158: 2.48 | F158: Kế toán thanh toán với người bán, người mua tại Công ty TNHH quản lý NICHE | H158: =IF(G158=0,F158,G158) -> Kế toán thanh toán với người bán, người mua tại Công ty TNHH quản lý NICHE | I158: ThS. Lê Tiến Dũng | K158: Kế toán | L158: Kế toán & Quản trị kinh doanh | M158: =VLOOKUP(B158,Sheet4!D:O,11,0) -> https://drive.google.com/open?id=1ju3sda-rlmMweJmty1hRDuNANNJaSD6V
A159: 155 | B159: 2154037300 | C159: Nguyễn Hà Nguyên | D159: S24-63KT | E159: 2.06 | F159: Kế toán thanh toán với người bán, người mua tại Công ty TNHH Thương Mại Dịch Vụ Thang Máy Huy Phát | H159: =IF(G159=0,F159,G159) -> Kế toán thanh toán với người bán, người mua tại Công ty TNHH Thương Mại Dịch Vụ Thang Máy Huy Phát | I159: ThS. Nguyễn Thị Diện | K159: Kế toán | L159: Kế toán & Quản trị kinh doanh | M159: =VLOOKUP(B159,Sheet4!D:O,11,0) -> https://drive.google.com/open?id=1CHL7DX26YuQK5veUvowLlYonBi0k_VD8
A160: 156 | B160: 2154037779 | C160: Nguyễn Thị Minh Nguyệt | D160: S24-63KT | E160: 1.91 | F160: Kế toán thanh toán với người bán, người mua tại Công ty TNHH MTV Giải Trí LT | H160: =IF(G160=0,F160,G160) -> Kế toán thanh toán với người bán, người mua tại Công ty TNHH MTV Giải Trí LT | I160: ThS. Đỗ Thị Thu Thủy | K160: Kế toán | L160: Kế toán & Quản trị kinh doanh | M160: =VLOOKUP(B160,Sheet4!D:O,11,0) -> https://drive.google.com/open?id=16VgzT83vkyl2TWXco-DUJpr7WMWXW_4F
A161: 157 | B161: 2154037164 | C161: Đỗ Nguyễn Thảo Trâm | D161: S24-63KT | E161: 2.33 | F161: Kế toán thanh toán với người bán, người mua tại Công ty TNHH Sản Xuất Thương Mại Và Dịch Vụ Punar | H161: =IF(G161=0,F161,G161) -> Kế toán thanh toán với người bán, người mua tại Công ty TNHH Sản Xuất Thương Mại Và Dịch Vụ Punar | I161: ThS. Nguyễn Thị Diện | K161: Kế toán | L161: Kế toán & Quản trị kinh doanh | M161: =VLOOKUP(B161,Sheet4!D:O,11,0) -> https://drive.google.com/open?id=1cdPxWACZ3-0V1aFm5E4IN1qHCxz6Aoy4
A162: 158 | B162: 2154037802 | C162: Nguyễn Thị Thùy Trang | D162: S24-63KT | E162: 2.41 | F162: Kế toán thanh toán với người mua, người bán tại Công ty Cổ phần Nam Châu Sơn Ninh Thuận | H162: =IF(G162=0,F162,G162) -> Kế toán thanh toán với người mua, người bán tại Công ty Cổ phần Nam Châu Sơn Ninh Thuận | I162: ThS. Lữ Thị Thanh Thúy | K162: Kế toán | L162: Kế toán & Quản trị kinh doanh | M162: =VLOOKUP(B162,Sheet4!D:O,11,0) -> https://drive.google.com/open?id=1wWwrBFaDKGZhPrCUow0aNgwAWfVivGjQ
A163: 159 | B163: 2154037168 | C163: Nguyễn Bích Tuyền | D163: S24-63KT | E163: 1.98 | F163: Kế toán thanh toán với người bán, người mua tại Công ty Cổ phần Thế Giới Thiết Bị Công Nghiệp Minh Triết | H163: =IF(G163=0,F163,G163) -> Kế toán thanh toán với người bán, người mua tại Công ty Cổ phần Thế Giới Thiết Bị Công Nghiệp Minh Triết | I163: ThS. Nguyễn Thị Diện | K163: Kế toán | L163: Kế toán & Quản trị kinh doanh | M163: =VLOOKUP(B163,Sheet4!D:O,11,0) -> https://drive.google.com/open?id=1h11bOcExIzrfESukaHXX3jp6Z3-SSjDw
A164: 160 | B164: 2254038512 | C164: Phạm Minh Anh | D164: S25-64KT | E164: 2.92 | F164: Kế toán thanh toán với người bán, người mua tại Công ty TNHH Giá Kho Group | H164: =IF(G164=0,F164,G164) -> Kế toán thanh toán với người bán, người mua tại Công ty TNHH Giá Kho Group | I164: ThS. Đỗ Thị Thu Thủy | K164: Kế toán | L164: Kế toán & Quản trị kinh doanh | M164: =VLOOKUP(B164,Sheet4!D:O,11,0) -> https://drive.google.com/open?id=19J6A_rD3kmCxFKtxqlqlWtkE8Z2SSjIP
A165: 161 | B165: 2254038513 | C165: Võ Thị Kim Anh | D165: S25-64KT | E165: 2.37 | F165: Kế toán thanh toán với người mua, người bán tại Công ty TNHH Techhomes Việt Nam | H165: =IF(G165=0,F165,G165) -> Kế toán thanh toán với người mua, người bán tại Công ty TNHH Techhomes Việt Nam | I165: ThS. Lữ Thị Thanh Thúy | K165: Kế toán | L165: Kế toán & Quản trị kinh doanh | M165: =VLOOKUP(B165,Sheet4!D:O,11,0) -> https://drive.google.com/open?id=16JQG7A5qbD3lYGj34K9exs2SHE3HYkqK
A166: 162 | B166: 2254038506 | C166: Hồ Ngọc Anh | D166: S25-64KT | E166: 3.05 | F166: Kế toán bán hàng và xác định kết quả kinh doanh tại Công ty TNHH Thương Mại Dịch Vụ Kỹ Thuật Nam Thiên Sơn | H166: =IF(G166=0,F166,G166) -> Kế toán bán hàng và xác định kết quả kinh doanh tại Công ty TNHH Thương Mại Dịch Vụ Kỹ Thuật Nam Thiên Sơn | I166: ThS. Nguyễn Thị Diện | K166: Kế toán | L166: Kế toán & Quản trị kinh doanh | M166: =VLOOKUP(B166,Sheet4!D:O,11,0) -> https://drive.google.com/open?id=13qirZpoQF2yMrNfVKw_73hFhxrr31Ew9
A167: 163 | B167: 2254038507 | C167: Lê Nhật Anh | D167: S25-64KT | E167: 2.81 | F167: Kế toán thanh toán với người bán, người mua tại Công ty Cổ phần Gozo | H167: =IF(G167=0,F167,G167) -> Kế toán thanh toán với người bán, người mua tại Công ty Cổ phần Gozo | I167: ThS. Nguyễn Thị Diện | K167: Kế toán | L167: Kế toán & Quản trị kinh doanh | M167: =VLOOKUP(B167,Sheet4!D:O,11,0) -> https://drive.google.com/open?id=1XxGW5mQkOyp0a92gwVDP8UvV_LeR6a19
A168: 164 | B168: 2254038508 | C168: Lê Phạm Vân Anh | D168: S25-64KT | E168: 2.97 | F168: Quy trình kiểm toán khoản mục tài sản cố định tại Công ty TNHH Kiểm toán DFK Việt Nam | H168: =IF(G168=0,F168,G168) -> Quy trình kiểm toán khoản mục tài sản cố định tại Công ty TNHH Kiểm toán DFK Việt Nam | I168: ThS. Lê Tiến Dũng | K168: Kế toán | L168: Kế toán & Quản trị kinh doanh | M168: =VLOOKUP(B168,Sheet4!D:O,11,0) -> https://drive.google.com/open?id=1930QIv26E-MABdNZ9Ip_5xkSifk6ZE8O
A169: 165 | B169: 2254038518 | C169: Trương Thị Điệp | D169: S25-64KT | E169: 2.62 | F169: Kế toán thanh toán với người bán, người mua tại Công ty Cổ phần Tập đoàn Đèo Cả | G169: Kế toán thanh toán với người bán, người mua tại Công ty TNHH Thương mại & Xây dựng Phú Hưng Azcons | H169: =IF(G169=0,F169,G169) -> Kế toán thanh toán với người bán, người mua tại Công ty TNHH Thương mại & Xây dựng Phú Hưng Azcons | I169: ThS. Đỗ Thị Thu Thủy | K169: Kế toán | L169: Kế toán & Quản trị kinh doanh | M169: =VLOOKUP(B169,Sheet4!D:O,11,0) -> https://drive.google.com/open?id=1qjvH1K2Pm52nhNV8_T4T-HA26Dh4Y-gN
A170: 166 | B170: 2254038516 | C170: Lê Thị Xuân Duyên | D170: S25-64KT | E170: 2.41 | F170: Kế toán thanh toán với người mua, người bán tại Công ty TNHH MTV Thanh Thùy Dương | H170: =IF(G170=0,F170,G170) -> Kế toán thanh toán với người mua, người bán tại Công ty TNHH MTV Thanh Thùy Dương | I170: ThS. Lữ Thị Thanh Thúy | K170: Kế toán | L170: Kế toán & Quản trị kinh doanh | M170: =VLOOKUP(B170,Sheet4!D:O,11,0) -> https://drive.google.com/open?id=1ht59qHM80-tuZCpUu8dCwLNAE41slGX3
A171: 167 | B171: 2254038524 | C171: Danh Thị Hồng | D171: S25-64KT | E171: 2.71 | F171: Kế toán bán hàng và xác định kết quả kinh doanh tại Công ty Cổ phần Thương Mại và Sản Xuất Bao Bì Ánh Sáng | H171: =IF(G171=0,F171,G171) -> Kế toán bán hàng và xác định kết quả kinh doanh tại Công ty Cổ phần Thương Mại và Sản Xuất Bao Bì Ánh Sáng | I171: ThS. Lữ Thị Thanh Thúy | K171: Kế toán | L171: Kế toán & Quản trị kinh doanh | M171: =VLOOKUP(B171,Sheet4!D:O,11,0) -> https://drive.google.com/open?id=1uH45eSHAsnb-P19SpjduqsxG27ZtGb4f
A172: 168 | B172: 2254038525 | C172: Mai Đào Cúc Huệ | D172: S25-64KT | E172: 3.65 | F172: Kế toán tiêu thụ hàng hóa và xác định kết quả tiêu thụ hàng hóa tại Công ty Cổ phần Emin Việt Nam - chi nhánh Miền Nam | H172: =IF(G172=0,F172,G172) -> Kế toán tiêu thụ hàng hóa và xác định kết quả tiêu thụ hàng hóa tại Công ty Cổ phần Emin Việt Nam - chi nhánh Miền Nam | I172: ThS. Đỗ Thị Thu Thủy | K172: Kế toán | L172: Kế toán & Quản trị kinh doanh | M172: =VLOOKUP(B172,Sheet4!D:O,11,0) -> https://drive.google.com/open?id=1-spAsaps_C4dMy0nIt4kcF0qVPuK8DEG
A173: 169 | B173: 2254038527 | C173: Trần Thị Như Huỳnh | D173: S25-64KT | E173: 3.55 | F173: Kế toán doanh thu, chi phí và xác định kết quả kinh doanh tại Công ty TNHH Thương Mại Dịch Vụ Toàn Thuận | H173: =IF(G173=0,F173,G173) -> Kế toán doanh thu, chi phí và xác định kết quả kinh doanh tại Công ty TNHH Thương Mại Dịch Vụ Toàn Thuận | I173: ThS. Lữ Thị Thanh Thúy | K173: Kế toán | L173: Kế toán & Quản trị kinh doanh | M173: =VLOOKUP(B173,Sheet4!D:O,11,0) -> https://drive.google.com/open?id=1IFxnw6WbC5KGS77mi54mBEIwqwwHSn_6
A174: 170 | B174: 2254038528 | C174: Huỳnh Văn Kha | D174: S25-64KT | E174: 2.37 | F174: Kế toán doanh thu, chi phí và xác định kết quả kinh doanh tại Công ty Cổ phần Gozo | H174: =IF(G174=0,F174,G174) -> Kế toán doanh thu, chi phí và xác định kết quả kinh doanh tại Công ty Cổ phần Gozo | I174: ThS. Lữ Thị Thanh Thúy | K174: Kế toán | L174: Kế toán & Quản trị kinh doanh | M174: =VLOOKUP(B174,Sheet4!D:O,11,0) -> https://drive.google.com/open?id=1FKdiwi1rPpnCYRKKTwKwQyIWRNP6r1r2
A175: 171 | B175: 2254038533 | C175: Nguyễn Thị Thúy Loan | D175: S25-64KT | E175: 2.63 | F175: Kế toán thanh toán với người mua, người bán tại Công ty TNHH Khu Kỹ Nghệ Việt Nhật | H175: =IF(G175=0,F175,G175) -> Kế toán thanh toán với người mua, người bán tại Công ty TNHH Khu Kỹ Nghệ Việt Nhật | I175: ThS. Lữ Thị Thanh Thúy | K175: Kế toán | L175: Kế toán & Quản trị kinh doanh | M175: =VLOOKUP(B175,Sheet4!D:O,11,0) -> https://drive.google.com/open?id=164yVbKG-Dqid81pzQ4qNxkBMGGqfOVcV
A176: 172 | B176: 2254038535 | C176: Thi Xuân Mai | D176: S25-64KT | E176: 2.12 | F176: Kế toán thanh toán với người bán, người mua tại Công ty Thương Mại Dịch Vụ Vận Tải Phi Loan | H176: =IF(G176=0,F176,G176) -> Kế toán thanh toán với người bán, người mua tại Công ty Thương Mại Dịch Vụ Vận Tải Phi Loan | I176: ThS. Nguyễn Thị Diện | K176: Kế toán | L176: Kế toán & Quản trị kinh doanh | M176: =VLOOKUP(B176,Sheet4!D:O,11,0) -> https://drive.google.com/open?id=10evCaCmX-P6j9qLegHe1UDlfaik7L5RY
A177: 173 | B177: 2254038536 | C177: Nguyễn Dương Trà My | D177: S25-64KT | E177: 1.85 | F177: Kế toán nguyên vật liệu tại Công ty TNHH TM DV Tân Độ Lan | H177: =IF(G177=0,F177,G177) -> Kế toán nguyên vật liệu tại Công ty TNHH TM DV Tân Độ Lan | I177: ThS. Đỗ Thị Thu Thủy | K177: Kế toán | L177: Kế toán & Quản trị kinh doanh | M177: =VLOOKUP(B177,Sheet4!D:O,11,0) -> https://drive.google.com/open?id=1OfygVUt-V8rQDwsAQeZjvXQIDn3MmQ_9
A178: 174 | B178: 2254038538 | C178: Trần Thị Bích Ngọc | D178: S25-64KT | E178: 2.74 | F178: Kế toán thanh toán với người bán, người mua tại Khách sạn Mường Thanh Grand Sài Gòn Centre Hotel | G178: Kế toán thanh toán với người bán, người mua tại Khách sạn Mường Thanh Sài Gòn Centre - Chi Nhánh DNTN Xây dựng số 1 tỉnh Điện Biên | H178: =IF(G178=0,F178,G178) -> Kế toán thanh toán với người bán, người mua tại Khách sạn Mường Thanh Sài Gòn Centre - Chi Nhánh DNTN Xây dựng số 1 tỉnh Điện Biên | I178: ThS. Đỗ Thị Thu Thủy | K178: Kế toán | L178: Kế toán & Quản trị kinh doanh | M178: =VLOOKUP(B178,Sheet4!D:O,11,0) -> https://drive.google.com/open?id=1rTAw-Sk32KgSaa-_H0M7dW26EIJ7gKK6
A179: 175 | B179: 2254038539 | C179: Nguyễn Đông Nhi | D179: S25-64KT | E179: 2.87 | F179: Kế toán thanh toán với người bán, người mua tại Công ty Cổ phần In Sao Việt Nhật | H179: =IF(G179=0,F179,G179) -> Kế toán thanh toán với người bán, người mua tại Công ty Cổ phần In Sao Việt Nhật | I179: ThS. Nguyễn Thị Diện | K179: Kế toán | L179: Kế toán & Quản trị kinh doanh | M179: =VLOOKUP(B179,Sheet4!D:O,11,0) -> https://drive.google.com/open?id=1-Or3yVEGGNrAzEDWUcRIoXGLqSwoV-M0
A180: 176 | B180: 2254038541 | C180: Nguyễn Thị Thiên Nhi | D180: S25-64KT | E180: 2.68 | F180: Kế toán thanh toán với người bán, người mua tại Công ty TNHH Điện Máy Ánh Ngân | H180: =IF(G180=0,F180,G180) -> Kế toán thanh toán với người bán, người mua tại Công ty TNHH Điện Máy Ánh Ngân | I180: ThS. Nguyễn Thị Diện | K180: Kế toán | L180: Kế toán & Quản trị kinh doanh | M180: =VLOOKUP(B180,Sheet4!D:O,11,0) -> https://drive.google.com/open?id=1gR4ZkbNd7Q-X8ZsR5A82itWrakdgWQRi
A181: 177 | B181: 2254038542 | C181: Lương Thị Quỳnh Như | D181: S25-64KT | E181: 2.4 | F181: Kế toán thanh toán với người bán, người mua tại Công ty TNHH DV TV và Đại Lý Thuế Minh Anh | H181: =IF(G181=0,F181,G181) -> Kế toán thanh toán với người bán, người mua tại Công ty TNHH DV TV và Đại Lý Thuế Minh Anh | I181: ThS. Đỗ Thị Thu Thủy | K181: Kế toán | L181: Kế toán & Quản trị kinh doanh | M181: =VLOOKUP(B181,Sheet4!D:O,11,0) -> https://drive.google.com/open?id=1SvEJXvTMAyy_VGPIjhcc3aCTIRsxNNot
A182: 178 | B182: 2254038546 | C182: Võ Thanh Phương | D182: S25-64KT | E182: 2.95 | F182: Kế toán tiêu thụ hàng hóa và xác định kết quả kinh doanh tại Công ty TNHH Thinksafe | H182: =IF(G182=0,F182,G182) -> Kế toán tiêu thụ hàng hóa và xác định kết quả kinh doanh tại Công ty TNHH Thinksafe | I182: ThS. Lữ Thị Thanh Thúy | K182: Kế toán | L182: Kế toán & Quản trị kinh doanh | M182: =VLOOKUP(B182,Sheet4!D:O,11,0) -> https://drive.google.com/open?id=1RW45fsuEMAVrMAJMUo0ruwipe1ehTxV4
A183: 179 | B183: 2254038548 | C183: Nguyễn Thị Hồng Phượng | D183: S25-64KT | E183: 2.35 | F183: Kế toán thanh toán với người mua, người bán tại Công ty TNHH Sunday Basic | G183: Kế toán thanh toán với người mua, người bán tại Công ty TNHH Sunday Basic TNT | H183: =IF(G183=0,F183,G183) -> Kế toán thanh toán với người mua, người bán tại Công ty TNHH Sunday Basic TNT | I183: ThS. Lữ Thị Thanh Thúy | K183: Kế toán | L183: Kế toán & Quản trị kinh doanh | M183: =VLOOKUP(B183,Sheet4!D:O,11,0) -> https://drive.google.com/open?id=1b3gqn29XEoADqor30nfONP9hJSDHOx8B
A184: 180 | B184: 2254038550 | C184: Triệu Thị Quý | D184: S25-64KT | E184: 3.36 | F184: Kế toán bán hàng và xác định kết quả hoạt động kinh doanh tại Công ty TNHH Smart Line | H184: =IF(G184=0,F184,G184) -> Kế toán bán hàng và xác định kết quả hoạt động kinh doanh tại Công ty TNHH Smart Line | I184: ThS. Đỗ Thị Thu Thủy | K184: Kế toán | L184: Kế toán & Quản trị kinh doanh | M184: =VLOOKUP(B184,Sheet4!D:O,11,0) -> https://drive.google.com/open?id=14pnrseOy8cum4CBSLuWacltp2o-ApJPM
A185: 181 | B185: 2254038551 | C185: Nguyễn Thị Tuyết Quyên | D185: S25-64KT | E185: 2.97 | F185: Kế toán thanh toán với người bán, người mua tại Công ty Liên doanh Hữu hạn Khách sạn Chains Caravelle | G185: Kế toán thanh toán với người bán, người mua tại Công ty TNHH dịch vụ vận tải biển Vestal | H185: =IF(G185=0,F185,G185) -> Kế toán thanh toán với người bán, người mua tại Công ty TNHH dịch vụ vận tải biển Vestal | I185: ThS. Đỗ Thị Thu Thủy | K185: Kế toán | L185: Kế toán & Quản trị kinh doanh | M185: =VLOOKUP(B185,Sheet4!D:O,11,0) -> https://drive.google.com/open?id=1urxGLRsP8wkut8Gpfh6YEQcFDohueVP3
A186: 182 | B186: 2254038552 | C186: Lê Bình Phương Quỳnh | D186: S25-64KT | E186: 2.44 | F186: Kế toán thanh toán với người bán, người mua tại Công ty Cổ phần Thông Tin Tín Hiệu Đường Sắt Sài Gòn | H186: =IF(G186=0,F186,G186) -> Kế toán thanh toán với người bán, người mua tại Công ty Cổ phần Thông Tin Tín Hiệu Đường Sắt Sài Gòn | I186: ThS. Nguyễn Thị Diện | K186: Kế toán | L186: Kế toán & Quản trị kinh doanh | M186: =VLOOKUP(B186,Sheet4!D:O,11,0) -> https://drive.google.com/open?id=1O_w2W81CZfDlki4qCBw9xENPwOuu3jhD
A187: 183 | B187: 2254038553 | C187: Nguyễn Thị Tuyết Sương | D187: S25-64KT | E187: 2.66 | F187: Kế toán thanh toán với người bán, người mua tại Công ty TNHH Thương Mại Du Lịch Tấn Thịnh. | H187: =IF(G187=0,F187,G187) -> Kế toán thanh toán với người bán, người mua tại Công ty TNHH Thương Mại Du Lịch Tấn Thịnh. | I187: ThS. Lê Tiến Dũng | K187: Kế toán | L187: Kế toán & Quản trị kinh doanh | M187: =VLOOKUP(B187,Sheet4!D:O,11,0) -> https://drive.google.com/open?id=1ZsCILXRqvKofW8xXSnV7CB-ou-gjh7la
A188: 184 | B188: 2254038560 | C188: Hữu Thị Hồng Thắm | D188: S25-64KT | E188: 3.33 | F188: Kế toán tiêu thụ hàng hóa và xác định kết quả kinh doanh tại Công ty TNHH MTV DV- TM-VT Minh Minh Tuyền | H188: =IF(G188=0,F188,G188) -> Kế toán tiêu thụ hàng hóa và xác định kết quả kinh doanh tại Công ty TNHH MTV DV- TM-VT Minh Minh Tuyền | I188: ThS. Lữ Thị Thanh Thúy | K188: Kế toán | L188: Kế toán & Quản trị kinh doanh | M188: =VLOOKUP(B188,Sheet4!D:O,11,0) -> https://drive.google.com/open?id=1Tlng8wp_jCc6f6uNWeDYYCx_oao9dXe1
A189: 185 | B189: 2254038561 | C189: Võ Thị Hồng Thắm | D189: S25-64KT | E189: 2.7 | F189: Kế toán thanh toán với người mua, người bán tại Công ty TNHH Hwaseung Logistics | H189: =IF(G189=0,F189,G189) -> Kế toán thanh toán với người mua, người bán tại Công ty TNHH Hwaseung Logistics | I189: ThS. Lữ Thị Thanh Thúy | K189: Kế toán | L189: Kế toán & Quản trị kinh doanh | M189: =VLOOKUP(B189,Sheet4!D:O,11,0) -> https://drive.google.com/open?id=1KoFGBPlDkeHLgHFgYZwvOIHUghsAhHbn
A190: 186 | B190: 2254038556 | C190: Nguyễn Hà Vy Thảo | D190: S25-64KT | E190: 2.64 | F190: Kế toán thanh toán với người bán, người mua tại Công ty TNHH tư vấn TINLAW | H190: =IF(G190=0,F190,G190) -> Kế toán thanh toán với người bán, người mua tại Công ty TNHH tư vấn TINLAW | I190: ThS. Đỗ Thị Thu Thủy | K190: Kế toán | L190: Kế toán & Quản trị kinh doanh | M190: =VLOOKUP(B190,Sheet4!D:O,11,0) -> https://drive.google.com/open?id=1JZsdA8bzSThS6fFFWTr-5TAi1Qs2YLWY
A191: 187 | B191: 2254038559 | C191: Vũ Thị Thanh Thảo | D191: S25-64KT | E191: 2.33 | F191: Kế toán thanh toán với người bán, người mua tại Công ty TNHH Thương Mại Dịch Vụ Xuất Nhập Khẩu Đồ Chơi Xe Độc | H191: =IF(G191=0,F191,G191) -> Kế toán thanh toán với người bán, người mua tại Công ty TNHH Thương Mại Dịch Vụ Xuất Nhập Khẩu Đồ Chơi Xe Độc | I191: ThS. Nguyễn Thị Diện | K191: Kế toán | L191: Kế toán & Quản trị kinh doanh | M191: =VLOOKUP(B191,Sheet4!D:O,11,0) -> https://drive.google.com/open?id=1mEl51PHck3GUh4SqINCnUIfUjlXtK41b
A192: 188 | B192: 2254038567 | C192: Nguyễn Thị Minh Thư | D192: S25-64KT | E192: 3.04 | F192: Kế toán thanh toán với người bán, người mua tại Công ty TNHH Dịch Vụ Tiếp Vận Toàn Cầu | H192: =IF(G192=0,F192,G192) -> Kế toán thanh toán với người bán, người mua tại Công ty TNHH Dịch Vụ Tiếp Vận Toàn Cầu | I192: ThS. Nguyễn Thị Diện | K192: Kế toán | L192: Kế toán & Quản trị kinh doanh | M192: =VLOOKUP(B192,Sheet4!D:O,11,0) -> https://drive.google.com/open?id=1_MUCkL1ug3RDpQT0sLTcRV5cPcgbhy41
A193: 189 | B193: 2254038564 | C193: Phạm Phương Thuý | D193: S25-64KT | E193: 2.71 | F193: Kế toán thanh toán với người bán, người mua tại Công ty Cổ phần Thực Phẩm Và Đồ Uống TTC | H193: =IF(G193=0,F193,G193) -> Kế toán thanh toán với người bán, người mua tại Công ty Cổ phần Thực Phẩm Và Đồ Uống TTC | I193: ThS. Nguyễn Thị Diện | K193: Kế toán | L193: Kế toán & Quản trị kinh doanh | M193: =VLOOKUP(B193,Sheet4!D:O,11,0) -> https://drive.google.com/open?id=1CrPkT20Mj7TVqnP0uqWLIKDBEHspc2w8
A194: 190 | B194: 2254038565 | C194: Lê Thanh Thúy | D194: S25-64KT | E194: 2.61 | F194: Kế toán thanh toán với người mua, người bán tại Công ty TNHH Quốc Tế Kirin | H194: =IF(G194=0,F194,G194) -> Kế toán thanh toán với người mua, người bán tại Công ty TNHH Quốc Tế Kirin | I194: ThS. Lữ Thị Thanh Thúy | K194: Kế toán | L194: Kế toán & Quản trị kinh doanh | M194: =VLOOKUP(B194,Sheet4!D:O,11,0) -> https://drive.google.com/open?id=1PuxE8yqWEQCA7iVypmQTyKvHurIUTEi3
A195: 191 | B195: 2254038573 | C195: Nguyễn Thị Cẩm Tú | D195: S25-64KT | E195: 3.22 | F195: Kế toán tiêu thụ thành phẩm và xác định kết quả tiêu thụ thành phẩm tại Công ty TNHH mỹ phẩm An Nam | H195: =IF(G195=0,F195,G195) -> Kế toán tiêu thụ thành phẩm và xác định kết quả tiêu thụ thành phẩm tại Công ty TNHH mỹ phẩm An Nam | I195: ThS. Đỗ Thị Thu Thủy | K195: Kế toán | L195: Kế toán & Quản trị kinh doanh | M195: =VLOOKUP(B195,Sheet4!D:O,11,0) -> https://drive.google.com/open?id=1J1K8FFfouLLUG2l2FdS2hW7wY-r373CC
A196: 192 | B196: 2254038576 | C196: Trần Khánh Vy | D196: S25-64KT | E196: 3.11 | F196: Kế toán thanh toán với người bán, người mua tại Công ty TNHH Finmart | H196: =IF(G196=0,F196,G196) -> Kế toán thanh toán với người bán, người mua tại Công ty TNHH Finmart | I196: ThS. Nguyễn Thị Diện | K196: Kế toán | L196: Kế toán & Quản trị kinh doanh | M196: =VLOOKUP(B196,Sheet4!D:O,11,0) -> https://drive.google.com/open?id=1Ivwq8wRK1bVUIIpRB1PlMju6np03FnYu
A197: 193 | B197: 2254038578 | C197: Trần Ngọc Như Ý | D197: S25-64KT | E197: 3.35 | F197: Kế toán thanh toán với người bán, người mua tại Công ty Cổ phần Thiết Bị Xây Dựng Vina (vinamac) | H197: =IF(G197=0,F197,G197) -> Kế toán thanh toán với người bán, người mua tại Công ty Cổ phần Thiết Bị Xây Dựng Vina (vinamac) | I197: ThS. Nguyễn Thị Diện | K197: Kế toán | L197: Kế toán & Quản trị kinh doanh | M197: =VLOOKUP(B197,Sheet4!D:O,11,0) -> https://drive.google.com/open?id=1_B8mHnzlqB5kzj_aTEwKd3BL2wG6k-dK
A198: 194 | B198: 2254078794 | C198: Nguyễn Mai Sỹ | D198: S25-64LG1 | E198: 2.09 | F198: Thực trạng hoạt động giao nhận hàng hoá bằng đường hàng không tại Công ty TNHH Tiếp Vận Toàn Cầu N.T.D | H198: =IF(G198=0,F198,G198) -> Thực trạng hoạt động giao nhận hàng hoá bằng đường hàng không tại Công ty TNHH Tiếp Vận Toàn Cầu N.T.D | I198: ThS. Trần Đức Thành | J198: ThS. Phạm Thị Duấn | K198: Logistics và quản lý chuỗi cung ứng | L198: Kế toán & Quản trị kinh doanh | M198: =VLOOKUP(B198,Sheet4!D:O,11,0) -> https://drive.google.com/open?id=1nPt20e57_cAsTNqalD8b6SNGEbf2pE0I
A199: 195 | B199: 2254078692 | C199: Đào Duy Đức | D199: S25-64LG1 | E199: 2.68 | F199: Thực trạng hoạt động giao nhận hàng hóa nhập khẩu nguyên container bằng đường biển tại công ty cổ phần giao nhận vận tải Kỳ Lân | H199: =IF(G199=0,F199,G199) -> Thực trạng hoạt động giao nhận hàng hóa nhập khẩu nguyên container bằng đường biển tại công ty cổ phần giao nhận vận tải Kỳ Lân | I199: ThS. Trần Đức Thành | J199: ThS. Phạm Thị Duấn | K199: Logistics và quản lý chuỗi cung ứng | L199: Kế toán & Quản trị kinh doanh | M199: =VLOOKUP(B199,Sheet4!D:O,11,0) -> https://drive.google.com/open?id=1191PfFX7y56C5KA6tefbP1L0KDFJt-6I
A200: 196 | B200: 2254078748 | C200: Huỳnh Thanh Nam | D200: S25-64LG1 | E200: 2.2 | F200: Thực trạng hoạt động giao nhận hàng hóa nhập khẩu bằng đường biển tại Công ty TNHH ONEX Logistics | H200: =IF(G200=0,F200,G200) -> Thực trạng hoạt động giao nhận hàng hóa nhập khẩu bằng đường biển tại Công ty TNHH ONEX Logistics | I200: ThS. Trần Đức Thành | J200: ThS. Phạm Thị Duấn | K200: Logistics và quản lý chuỗi cung ứng | L200: Kế toán & Quản trị kinh doanh | M200: =VLOOKUP(B200,Sheet4!D:O,11,0) -> https://drive.google.com/open?id=1VXW780nBiPxgAWih6nU3PifkxSfQTvkg
A201: 197 | B201: 2254078674 | C201: Nguyễn Phạm Xuyến Chi | D201: S25-64LG1 | E201: 2.75 | F201: Một số giải pháp hoàn thiện hoạt động quản lý kho hàng của Công ty TNHH SAI GON HI-TECH | H201: =IF(G201=0,F201,G201) -> Một số giải pháp hoàn thiện hoạt động quản lý kho hàng của Công ty TNHH SAI GON HI-TECH | I201: TS. Nguyễn Nam Thắng | K201: Logistics và quản lý chuỗi cung ứng | L201: Kế toán & Quản trị kinh doanh | M201: =VLOOKUP(B201,Sheet4!D:O,11,0) -> https://drive.google.com/open?id=1tBkddL6V7SlQ2dizNNC49QFahZe63Zqk
A202: 198 | B202: 2254078776 | C202: Nguyễn Thị Hồng Phúc | D202: S25-64LG1 | E202: 2.75 | F202: Hoàn thiện hoạt động mua sắm vật tư tại Công ty TNHH Du Thuyền Hoa Sen | H202: =IF(G202=0,F202,G202) -> Hoàn thiện hoạt động mua sắm vật tư tại Công ty TNHH Du Thuyền Hoa Sen | I202: ThS. Trần Đức Thành | J202: ThS. Phạm Thị Duấn | K202: Logistics và quản lý chuỗi cung ứng | L202: Kế toán & Quản trị kinh doanh | M202: =VLOOKUP(B202,Sheet4!D:O,11,0) -> https://drive.google.com/open?id=1HD90Sjc4JSUQTHH57dMHNHUvWDMPQi35
A203: 199 | B203: 2254078810 | C203: Trần Ngọc Thảo Thy | D203: S25-64LG1 | E203: 3.03 | F203: Hoàn thiện hoạt động Logistics đầu ra tại Công ty TNHH Tân Sao Á | H203: =IF(G203=0,F203,G203) -> Hoàn thiện hoạt động Logistics đầu ra tại Công ty TNHH Tân Sao Á | I203: TS. Trần Văn Biên | K203: Logistics và quản lý chuỗi cung ứng | L203: Kế toán & Quản trị kinh doanh | M203: =VLOOKUP(B203,Sheet4!D:O,11,0) -> https://drive.google.com/open?id=1HTqHF7_sdqzbOLOUh4lns8wZfuHHq2zk
A204: 200 | B204: 2254078846 | C204: Đỗ Nguyễn Như Yến | D204: S25-64LG1 | E204: 3.3 | F204: Phân tích hoạt động nhập khẩu bằng đường hàng không tại Công ty TNHH Vận tải Miên Sơn | H204: =IF(G204=0,F204,G204) -> Phân tích hoạt động nhập khẩu bằng đường hàng không tại Công ty TNHH Vận tải Miên Sơn | I204: TS. Trần Văn Biên | K204: Logistics và quản lý chuỗi cung ứng | L204: Kế toán & Quản trị kinh doanh | M204: =VLOOKUP(B204,Sheet4!D:O,11,0) -> https://drive.google.com/open?id=1n4jJ7_Y8wNtVBPhrj3h6FTBV8aggEGpg
A205: 201 | B205: 2254078714 | C205: Trần Thị Thu Hoài | D205: S25-64LG1 | E205: 2.59 | F205: Tổng hợp phân tích đánh giá hoạt động nhập khẩu bằng đường hàng không tại Công ty TNHH Pungkook Sài Gòn II | H205: =IF(G205=0,F205,G205) -> Tổng hợp phân tích đánh giá hoạt động nhập khẩu bằng đường hàng không tại Công ty TNHH Pungkook Sài Gòn II | I205: TS. Nguyễn Nam Thắng | K205: Logistics và quản lý chuỗi cung ứng | L205: Kế toán & Quản trị kinh doanh | M205: =VLOOKUP(B205,Sheet4!D:O,11,0) -> https://drive.google.com/open?id=1-82QSFH0XQ--3Tm8Py1b59REfU27nnW4
A206: 202 | B206: 2254078806 | C206: Nguyễn Diễm Thư | D206: S25-64LG1 | E206: 3.11 | F206: Giải pháp mở rộng thị trường dịch vụ logistics quốc tế tại Công ty cổ phần Giao nhận vận tải Kỳ Lân | H206: =IF(G206=0,F206,G206) -> Giải pháp mở rộng thị trường dịch vụ logistics quốc tế tại Công ty cổ phần Giao nhận vận tải Kỳ Lân | I206: ThS. Trần Đức Thành | J206: ThS. Phạm Thị Duấn | K206: Logistics và quản lý chuỗi cung ứng | L206: Kế toán & Quản trị kinh doanh | M206: =VLOOKUP(B206,Sheet4!D:O,11,0) -> https://drive.google.com/open?id=1YzLGWbb9VJ09xab7CQis8UJQLyjyNB8a
A207: 203 | B207: 2254078764 | C207: Nguyễn Ngọc Nhị | D207: S25-64LG1 | E207: 2.85 | F207: Một số giải pháp nâng cao hiệu quả trong hoạt động giao nhận hàng hóa nội địa tại Công ty TNHH Một Thành Viên Chuyển Phát Nhanh Thuận Phong | H207: =IF(G207=0,F207,G207) -> Một số giải pháp nâng cao hiệu quả trong hoạt động giao nhận hàng hóa nội địa tại Công ty TNHH Một Thành Viên Chuyển Phát Nhanh Thuận Phong | I207: TS. Nguyễn Nam Thắng | K207: Logistics và quản lý chuỗi cung ứng | L207: Kế toán & Quản trị kinh doanh | M207: =VLOOKUP(B207,Sheet4!D:O,11,0) -> https://drive.google.com/open?id=1Odjxv54dZYrS873avhS-dDLl00mSf7I6
A208: 204 | B208: 2254078694 | C208: Nguyễn Trần Đức | D208: S25-64LG1 | E208: 2.45 | F208: Một số giải pháp nâng cao hiệu quả công việc nhân viên tại Công ty TNHH thương mại dịch vụ giao nhận An Thành Phát | H208: =IF(G208=0,F208,G208) -> Một số giải pháp nâng cao hiệu quả công việc nhân viên tại Công ty TNHH thương mại dịch vụ giao nhận An Thành Phát | I208: TS. Nguyễn Nam Thắng | K208: Logistics và quản lý chuỗi cung ứng | L208: Kế toán & Quản trị kinh doanh | M208: =VLOOKUP(B208,Sheet4!D:O,11,0) -> https://drive.google.com/open?id=1Ha-4F83oAg5bfXjjWZT2BvPb8bleevhw
A209: 205 | B209: 2254078744 | C209: Phạm Thị Mến | D209: S25-64LG1 | E209: 3.42 | F209: Thúc đẩy hoạt động chuyển giao công nghệ trong lĩnh vực vận tải của Công ty Cổ phần giải pháp chuỗi cung ứng smartlog | H209: =IF(G209=0,F209,G209) -> Thúc đẩy hoạt động chuyển giao công nghệ trong lĩnh vực vận tải của Công ty Cổ phần giải pháp chuỗi cung ứng smartlog | I209: TS. Trần Văn Biên | K209: Logistics và quản lý chuỗi cung ứng | L209: Kế toán & Quản trị kinh doanh | M209: =VLOOKUP(B209,Sheet4!D:O,11,0) -> https://drive.google.com/open?id=1wB_CyIKkVf1960D9q7WN9nv2SLeWy8Dx
A210: 206 | B210: 2254078682 | C210: Trần Văn Dũng | D210: S25-64LG1 | E210: 2.71 | F210: Một số giải pháp nâng cao hiệu quả hoạt động dịch vụ xử lý chứng từ tại Công ty TNHH Tiếp vận và Vận tải Á Âu. | H210: =IF(G210=0,F210,G210) -> Một số giải pháp nâng cao hiệu quả hoạt động dịch vụ xử lý chứng từ tại Công ty TNHH Tiếp vận và Vận tải Á Âu. | I210: TS. Nguyễn Nam Thắng | K210: Logistics và quản lý chuỗi cung ứng | L210: Kế toán & Quản trị kinh doanh | M210: =VLOOKUP(B210,Sheet4!D:O,11,0) -> https://drive.google.com/open?id=1jqG9TvKhmh9_RF8OQwkEASVKATd8Cb8M
A211: 207 | B211: 2254078758 | C211: Trần Quang Nhật | D211: S25-64LG1 | E211: 2.93 | F211: Một số giải pháp góp phần hoàn thiện hoạt động vận tải quốc tế hàng container bằng đường bộ tại Công ty Cổ phần Tiếp vận Quốc tế Cảng Cát Lái | H211: =IF(G211=0,F211,G211) -> Một số giải pháp góp phần hoàn thiện hoạt động vận tải quốc tế hàng container bằng đường bộ tại Công ty Cổ phần Tiếp vận Quốc tế Cảng Cát Lái | I211: TS. Nguyễn Nam Thắng | K211: Logistics và quản lý chuỗi cung ứng | L211: Kế toán & Quản trị kinh doanh | M211: =VLOOKUP(B211,Sheet4!D:O,11,0) -> https://drive.google.com/open?id=1CDtaECVSUH4rpS7JmGfIbBJp_HeTrA_q
A212: 208 | B212: 2254078699 | C212: Lương Thị Hằng | D212: S25-64LG1 | E212: 3.24 | F212: Phát triển hoạt động kinh doanh của Công ty TNHH Giải pháp Hàng hải Quốc tế Bình Phú | H212: =IF(G212=0,F212,G212) -> Phát triển hoạt động kinh doanh của Công ty TNHH Giải pháp Hàng hải Quốc tế Bình Phú | I212: TS. Trần Văn Biên | K212: Logistics và quản lý chuỗi cung ứng | L212: Kế toán & Quản trị kinh doanh | M212: =VLOOKUP(B212,Sheet4!D:O,11,0) -> https://drive.google.com/open?id=1S4iKQ8LdB7ybpONBHWbNpynjHcHv9WZk
...

Sheet Sheet6
A1: TT | B1: MSV | C1: Họ và tên | D1: Lớp | E1: Cán bộ hướng dẫn | F1: Tên đề tài cũ | G1: Tên đề tài mới
A2: 1 | B2: 2154037769 | C2: Lê Thị Thanh Loan | D2: S24-63KT | E2: Lê Tiến Dũng | F2: Kế toán thanh toán với người bán và người mua tại Công ty Cổ Phần Quốc tế Wing | G2: Kế toán thanh toán với người bán và người mua tại Công ty TNHH DGS Logistics | H2: Có
A3: 2 | B3: 2254038548 | C3: Nguyễn Thị Hồng Phượng | D3: S25-64KT | E3: Lữ Thị Thanh Thúy | F3: Kế toán thanh toán với người mua, người bán tại Công ty TNHH Sunday Basic | G3: Kế toán thanh toán với người mua, người bán tại Công ty TNHH Sunday Basic TNT | H3: Có
A4: 3 | B4: 2254038538 | C4: Trần Thị Bích Ngọc | D4: S25-64KT | E4: Đỗ Thị Thu Thủy | F4: Kế toán thanh toán với người bán, người mua tại Khách sạn Mường Thanh Grand Sài Gòn Centre Hotel | G4: Kế toán thanh toán với người bán, người mua tại Khách sạn Mường Thanh Sài Gòn Centre - Chi Nhánh DNTN Xây dựng số 1 tỉnh Điện Biên | H4: Có
A5: 4 | B5: 2254038551 | C5: Nguyễn Thị Tuyết Quyên | D5: S25-64KT | E5: Đỗ Thị Thu Thủy | F5: Kế toán thanh toán với người bán, người mua tại Công ty Liên doanh Hữu hạn Khách sạn Chains Caravelle | G5: Kế toán thanh toán với người bán, người mua tại Công ty TNHH dịch vụ vận tải biển Vestal | H5: Có
A6: 5 | B6: 2254038518 | C6: Trương Thị Điệp | D6: S25-64KT | E6: Đỗ Thị Thu Thủy | F6: Kế toán thanh toán với người bán, người mua tại Công ty Cổ phần Tập đoàn Đèo Cả | G6: Kế toán thanh toán với người bán, người mua tại Công ty TNHH Thương mại & Xây dựng Phú Hưng Azcons | H6: Có
A7: 6 | B7: 2154027093 | C7: Võ Thị Hồng Hạnh | D7: S24-63QT- MAR | E7: ThS. Tăng Thị Lưu | F7: Giải pháp thúc đẩy hiệu quả hoạt động bán hàng cá nhân của đội ngũ môi giới tại Công Ty CP Đầu Tư Và Dịch Vụ Đất Xanh Miền Nam | G7: Giải pháp thúc đẩy hiệu quả hoạt động bán hàng cá nhân của đội ngũ môi giới tại Công Ty TNHH Tập Đoàn Nam Việt Group | H7: Có
A8: 7 | B8: 2254023910 | C8: Ngô Sỹ Siêu | D8: S25-64QT-KDQT | E8: ThS. Tăng Thị Lưu | F8: Thực trạng và giải pháp nâng cao hiệu quả hoạt động tuyển sinh tại Trường Cao đẳng nghề Hoa Sen | G8: Giải pháp nâng cao hiệu quả hoạt động truyền thông marketing tại Trường Cao đẳng nghề Hoa Sen | H8: Có
A9: 8 | B9: 2254078783 | C9: Bùi Anh Quốc | D9: S25-64LG1 | E9: TS. Trần Thị Thanh Huyền | F9: Thực trạng quy trình giao nhận hàng hóa nhập khẩu hàng nguyên container bằng đường biển tại Công ty Tiến Phát Logistics | G9: Thực trạng quy trình giao nhận hàng nhập khẩu nguyên container bằng đường biển tại Công ty LOGIMEX | H9: Có
A10: 9 | B10: 2254078722 | C10: Vũ Thị Thanh Hương | D10: S25-64LG1 | E10: TS. Trần Thị Thanh Huyền | F10: Hoàn thiện hoạt động phát triển kinh doanh Logistics của Công ty TNHH Hoàng Tường | G10: Hoàn thiện hoạt động phát triển kinh doanh Logistics của Công ty TNHH Vận tải Bách Việt | H10: Có
A11: 10 | B11: 2254078680 | C11: Phạm Thị Kim Dung | D11: S25-64LG1 | E11: TS. Trần Thị Thanh Huyền | F11: Thực trạng và giải pháp hoạt động logistics đầu vào của Công ty Cổ phần 25 FIT | G11: Thực trạng và giải pháp hoạt động mua hàng trong chuỗi cung ứng của Công ty Cổ phần 25 FIT | H11: Có
A12: 11 | B12: 2154077874 | C12: Ngô Nguyên Bình | D12: S24-63LG1 | E12: TS. Hà Kiên Tân | F12: Hoàn thiện quy trình giao nhận hàng hóa xuất khẩu nguyên container tại Công ty TNHH Xuất nhập khẩu Green Ocean | G12: Hoàn thiện quy trình giao nhận hàng hóa xuất khẩu nguyên container tại Công Ty Cổ Phần SME Worldwide Logistics | H12: Có
A13: 12 | B13: 2154077853 | C13: Phạm Minh Quốc | D13: S24-63LG1 | E13: TS. Hà Kiên Tân | F13: Hoàn thiện quy trình xuất khẩu hàng hoá nguyên container bằng đường biển tại Công ty Cổ phần quốc tế Phong Phú | G13: Hoàn thiện quy trình xuất khẩu hàng hoá nguyên container bằng đường biển tại Công ty TNHH Vận tải Miên Sơn | H13: Có
A14: 13 | B14: 2254078767 | C14: Trần Thị Quỳnh Như | D14: S25-64LG2 | E14: TS. Hà Kiên Tân | F14: Nâng cao hiệu quả hoạt động kinh doanh dịch vụ logistics tại Công ty TNHH TMDV XNK Asia Ocean Việt Nam | G14: Hoàn thiện hoạt động dịch vụ vận tải biển của Công ty TNHH Thương mại Dịch vụ Xuất nhập khẩu Asia Ocean Việt Nam | H14: Có

Sheet TH
A1: STT | B1: MSSV | C1: Họ và Tên | D1: Ngày sinh | E1: Ngay sinh CCCD | F1: KT | G1: CCCD | H1: Nơi sinh | I1: Dân tộc | J1: Lớp | K1: Khoá | L1: Số điểm tích lũy | M1: Tên Đề Tài | N1: GV Hướng Dẫn 1 | O1: GV Hướng Dẫn 2 | P1: Ngành | Q1: Bộ Môn | R1: Hệ
A2: 1 | B2: 1951065174 | C2: =VLOOKUP($B2,'DS nhan HPTN'!$B:$L,2,0) -> Hà Lê Duy | D2: =VLOOKUP($B2,'DL DSDV PH'!B:F,5,0) -> 09/04/2001 | E2: =VLOOKUP(B2,Sheet4!D:I,5,0) -> 04/09/2001 | F2: =IF(D2=E2,"T","F") -> F | G2: =VLOOKUP(B2,Sheet4!D:I,6,0) -> 038201001253 | H2: =VLOOKUP($B2,Sheet4!$D:$M,8,0) -> Thanh Hoá | I2: =VLOOKUP($B2,Sheet4!$D:$M,9,0) -> Thái | J2: =VLOOKUP($B2,'DS nhan HPTN'!$B:$L,3,0) -> S22-61TH1 | K2: =VLOOKUP($J2,'DL tạo lớp'!$B:$C,2,0) -> K61 | L2: 2.46 | M2: =VLOOKUP($B2,'DS nhan HPTN'!$B:$L,7,0) -> Xây dựng hệ thống quản lý bán hàng đa nền tảng dựa trên Flutter và Firebase | N2: =VLOOKUP($B2,'DS nhan HPTN'!$B:$L,8,0) -> TS. Hoàng Thị Kiều Anh | O2: 0 | P2: =VLOOKUP($B2,'DS nhan HPTN'!$B:$L,10,0) -> Công nghệ thông tin | Q2: =VLOOKUP($B2,'DS nhan HPTN'!$B:$L,11,0) -> Công nghệ thông tin | R2: Chính quy
A3: 2 | B3: 2051067522 | C3: =VLOOKUP($B3,'DS nhan HPTN'!$B:$L,2,0) -> Nguyễn Ngọc Bảo | D3: =VLOOKUP($B3,'DL DSDV PH'!B:F,5,0) -> 22/12/2002 | E3: =VLOOKUP(B3,Sheet4!D:I,5,0) -> 22/12/2002 | F3: =IF(D3=E3,"T","F") -> T | G3: =VLOOKUP(B3,Sheet4!D:I,6,0) -> 052202012903 | H3: =VLOOKUP($B3,Sheet4!$D:$M,8,0) -> Gia Lai | I3: =VLOOKUP($B3,Sheet4!$D:$M,9,0) -> Kinh | J3: =VLOOKUP($B3,'DS nhan HPTN'!$B:$L,3,0) -> S23-62TH | K3: =VLOOKUP($J3,'DL tạo lớp'!$B:$C,2,0) -> K62 | L3: 2.78 | M3: =VLOOKUP($B3,'DS nhan HPTN'!$B:$L,7,0) -> Xây dựng website định giá Bất động sản tại Thành phố Hồ Chí Minh thông qua kỹ thuật học máy | N3: =VLOOKUP($B3,'DS nhan HPTN'!$B:$L,8,0) -> ThS. Trần Ngọc Dân | O3: 0 | P3: =VLOOKUP($B3,'DS nhan HPTN'!$B:$L,10,0) -> Công nghệ thông tin | Q3: =VLOOKUP($B3,'DS nhan HPTN'!$B:$L,11,0) -> Công nghệ thông tin | R3: Chính quy
A4: 3 | B4: 2151067055 | C4: =VLOOKUP($B4,'DS nhan HPTN'!$B:$L,2,0) -> Chung Gia Bảo | D4: =VLOOKUP($B4,'DL DSDV PH'!B:F,5,0) -> 24/09/2003 | E4: =VLOOKUP(B4,Sheet4!D:I,5,0) -> 24/09/2003 | F4: =IF(D4=E4,"T","F") -> T | G4: =VLOOKUP(B4,Sheet4!D:I,6,0) -> 079203043874 | H4: =VLOOKUP($B4,Sheet4!$D:$M,8,0) -> Vĩnh Long | I4: =VLOOKUP($B4,Sheet4!$D:$M,9,0) -> Kinh | J4: =VLOOKUP($B4,'DS nhan HPTN'!$B:$L,3,0) -> S24-63CNTT1 | K4: =VLOOKUP($J4,'DL tạo lớp'!$B:$C,2,0) -> K63 | L4: 2.15 | M4: =VLOOKUP($B4,'DS nhan HPTN'!$B:$L,7,0) -> Xây dựng hệ thống website Gia Bao kinh doanh thiết bị di động trực tuyến tích hợp quản lý kho và đơn hàng | N4: =VLOOKUP($B4,'DS nhan HPTN'!$B:$L,8,0) -> TS. Hoàng Thị Kiều Anh | O4: 0 | P4: =VLOOKUP($B4,'DS nhan HPTN'!$B:$L,10,0) -> Công nghệ thông tin | Q4: =VLOOKUP($B4,'DS nhan HPTN'!$B:$L,11,0) -> Công nghệ thông tin | R4: Chính quy
A5: 4 | B5: 2151067060 | C5: =VLOOKUP($B5,'DS nhan HPTN'!$B:$L,2,0) -> Võ Hoàn Lạc | D5: =VLOOKUP($B5,'DL DSDV PH'!B:F,5,0) -> 03/11/2003 | E5: =VLOOKUP(B5,Sheet4!D:I,5,0) -> 03/11/2003 | F5: =IF(D5=E5,"T","F") -> T | G5: =VLOOKUP(B5,Sheet4!D:I,6,0) -> 064203000856 | H5: =VLOOKUP($B5,Sheet4!$D:$M,8,0) -> Gia Lai | I5: =VLOOKUP($B5,Sheet4!$D:$M,9,0) -> Kinh | J5: =VLOOKUP($B5,'DS nhan HPTN'!$B:$L,3,0) -> S24-63CNTT1 | K5: =VLOOKUP($J5,'DL tạo lớp'!$B:$C,2,0) -> K63 | L5: 2.21 | M5: =VLOOKUP($B5,'DS nhan HPTN'!$B:$L,7,0) -> Xây dựng website thời trang LaHo tích hợp chatbot hỗ trợ và tư vấn khách hàng | N5: =VLOOKUP($B5,'DS nhan HPTN'!$B:$L,8,0) -> TS. Hoàng Thị Kiều Anh | O5: 0 | P5: =VLOOKUP($B5,'DS nhan HPTN'!$B:$L,10,0) -> Công nghệ thông tin | Q5: =VLOOKUP($B5,'DS nhan HPTN'!$B:$L,11,0) -> Công nghệ thông tin | R5: Chính quy
A6: 5 | B6: 2151067238 | C6: =VLOOKUP($B6,'DS nhan HPTN'!$B:$L,2,0) -> Võ Lê Hậu | D6: =VLOOKUP($B6,'DL DSDV PH'!B:F,5,0) -> 16/02/2003 | E6: =VLOOKUP(B6,Sheet4!D:I,5,0) -> 16/02/2003 | F6: =IF(D6=E6,"T","F") -> T | G6: =VLOOKUP(B6,Sheet4!D:I,6,0) -> 052203016108 | H6: =VLOOKUP($B6,Sheet4!$D:$M,8,0) -> Gia Lai | I6: =VLOOKUP($B6,Sheet4!$D:$M,9,0) -> Kinh | J6: =VLOOKUP($B6,'DS nhan HPTN'!$B:$L,3,0) -> S24-63CNTT1 | K6: =VLOOKUP($J6,'DL tạo lớp'!$B:$C,2,0) -> K63 | L6: 2.18 | M6: =VLOOKUP($B6,'DS nhan HPTN'!$B:$L,7,0) -> Xây dựng ứng dụng quản lý học tại trung tâm giáo dục Thành Công | N6: =VLOOKUP($B6,'DS nhan HPTN'!$B:$L,8,0) -> ThS. Tống Thị Nhung | O6: 0 | P6: =VLOOKUP($B6,'DS nhan HPTN'!$B:$L,10,0) -> Công nghệ thông tin | Q6: =VLOOKUP($B6,'DS nhan HPTN'!$B:$L,11,0) -> Công nghệ thông tin | R6: Chính quy
A7: 6 | B7: 2151067630 | C7: =VLOOKUP($B7,'DS nhan HPTN'!$B:$L,2,0) -> Lê Văn Bảo | D7: =VLOOKUP($B7,'DL DSDV PH'!B:F,5,0) -> 18/08/2003 | E7: =VLOOKUP(B7,Sheet4!D:I,5,0) -> 18/08/2003 | F7: =IF(D7=E7,"T","F") -> T | G7: =VLOOKUP(B7,Sheet4!D:I,6,0) -> 068203009186 | H7: =VLOOKUP($B7,Sheet4!$D:$M,8,0) -> Lâm Đồng | I7: =VLOOKUP($B7,Sheet4!$D:$M,9,0) -> Kinh | J7: =VLOOKUP($B7,'DS nhan HPTN'!$B:$L,3,0) -> S24-63CNTT2 | K7: =VLOOKUP($J7,'DL tạo lớp'!$B:$C,2,0) -> K63 | L7: 2.07 | M7: =VLOOKUP($B7,'DS nhan HPTN'!$B:$L,7,0) -> Thiết kế xây dựng sensor đo và theo dõi độ mặn trong quản lý chất lượng nước | N7: =VLOOKUP($B7,'DS nhan HPTN'!$B:$L,8,0) -> TS. Hoàng Văn Quý | O7: 0 | P7: =VLOOKUP($B7,'DS nhan HPTN'!$B:$L,10,0) -> Công nghệ thông tin | Q7: =VLOOKUP($B7,'DS nhan HPTN'!$B:$L,11,0) -> Công nghệ thông tin | R7: Chính quy
A8: 7 | B8: 2151067620 | C8: =VLOOKUP($B8,'DS nhan HPTN'!$B:$L,2,0) -> Nguyễn Nam Nhân | D8: =VLOOKUP($B8,'DL DSDV PH'!B:F,5,0) -> 23/02/2003 | E8: =VLOOKUP(B8,Sheet4!D:I,5,0) -> 23/02/2003 | F8: =IF(D8=E8,"T","F") -> T | G8: =VLOOKUP(B8,Sheet4!D:I,6,0) -> 054203004471 | H8: =VLOOKUP($B8,Sheet4!$D:$M,8,0) -> Đắk Lắk | I8: =VLOOKUP($B8,Sheet4!$D:$M,9,0) -> Kinh | J8: =VLOOKUP($B8,'DS nhan HPTN'!$B:$L,3,0) -> S24-63CNTT2 | K8: =VLOOKUP($J8,'DL tạo lớp'!$B:$C,2,0) -> K63 | L8: 2.5 | M8: =VLOOKUP($B8,'DS nhan HPTN'!$B:$L,7,0) -> Xây dựng website quản lý kho hàng ứng dụng công nghệ AI | N8: =VLOOKUP($B8,'DS nhan HPTN'!$B:$L,8,0) -> ThS. Trần Ngọc Dân | O8: 0 | P8: =VLOOKUP($B8,'DS nhan HPTN'!$B:$L,10,0) -> Công nghệ thông tin | Q8: =VLOOKUP($B8,'DS nhan HPTN'!$B:$L,11,0) -> Công nghệ thông tin | R8: Chính quy
A9: 8 | B9: 2151067610 | C9: =VLOOKUP($B9,'DS nhan HPTN'!$B:$L,2,0) -> Võ Trần Luân | D9: =VLOOKUP($B9,'DL DSDV PH'!B:F,5,0) -> 03/05/2003 | E9: =VLOOKUP(B9,Sheet4!D:I,5,0) -> 03/05/2003 | F9: =IF(D9=E9,"T","F") -> T | G9: =VLOOKUP(B9,Sheet4!D:I,6,0) -> 072203002752 | H9: =VLOOKUP($B9,Sheet4!$D:$M,8,0) -> Thành phố Hồ Chí Minh | I9: =VLOOKUP($B9,Sheet4!$D:$M,9,0) -> Kinh | J9: =VLOOKUP($B9,'DS nhan HPTN'!$B:$L,3,0) -> S24-63CNTT2 | K9: =VLOOKUP($J9,'DL tạo lớp'!$B:$C,2,0) -> K63 | L9: 2.42 | M9: =VLOOKUP($B9,'DS nhan HPTN'!$B:$L,7,0) -> Thiết kế và xây dựng hệ thống điều khiển nhà thông minh trên nền tảng ESP32S | N9: =VLOOKUP($B9,'DS nhan HPTN'!$B:$L,8,0) -> ThS. Nguyễn Thị Hồng Tú | O9: 0 | P9: =VLOOKUP($B9,'DS nhan HPTN'!$B:$L,10,0) -> Công nghệ thông tin | Q9: =VLOOKUP($B9,'DS nhan HPTN'!$B:$L,11,0) -> Công nghệ thông tin | R9: Chính quy
A10: 9 | B10: 2151067072 | C10: =VLOOKUP($B10,'DS nhan HPTN'!$B:$L,2,0) -> Tăng Phước Sang | D10: =VLOOKUP($B10,'DL DSDV PH'!B:F,5,0) -> 23/01/2003 | E10: =VLOOKUP(B10,Sheet4!D:I,5,0) -> 23/01/2003 | F10: =IF(D10=E10,"T","F") -> T | G10: =VLOOKUP(B10,Sheet4!D:I,6,0) -> 070203003401 | H10: =VLOOKUP($B10,Sheet4!$D:$M,8,0) -> Đồng Nai | I10: =VLOOKUP($B10,Sheet4!$D:$M,9,0) -> Hoa | J10: =VLOOKUP($B10,'DS nhan HPTN'!$B:$L,3,0) -> S24-63CNTT2 | K10: =VLOOKUP($J10,'DL tạo lớp'!$B:$C,2,0) -> K63 | L10: 2.05 | M10: =VLOOKUP($B10,'DS nhan HPTN'!$B:$L,7,0) -> Thiết kế và phát triển website du lịch trực tuyến VietExplore | N10: =VLOOKUP($B10,'DS nhan HPTN'!$B:$L,8,0) -> ThS. Vũ Thị Hạnh | O10: 0 | P10: =VLOOKUP($B10,'DS nhan HPTN'!$B:$L,10,0) -> Công nghệ thông tin | Q10: =VLOOKUP($B10,'DS nhan HPTN'!$B:$L,11,0) -> Công nghệ thông tin | R10: Chính quy
A11: 10 | B11: 2151067053 | C11: =VLOOKUP($B11,'DS nhan HPTN'!$B:$L,2,0) -> Hồ Minh Anh | D11: =VLOOKUP($B11,'DL DSDV PH'!B:F,5,0) -> 20/09/2003 | E11: =VLOOKUP(B11,Sheet4!D:I,5,0) -> 20/09/2003 | F11: =IF(D11=E11,"T","F") -> T | G11: =VLOOKUP(B11,Sheet4!D:I,6,0) -> 087303016224 | H11: =VLOOKUP($B11,Sheet4!$D:$M,8,0) -> Đồng Tháp | I11: =VLOOKUP($B11,Sheet4!$D:$M,9,0) -> Kinh | J11: =VLOOKUP($B11,'DS nhan HPTN'!$B:$L,3,0) -> S24-63CNTT2 | K11: =VLOOKUP($J11,'DL tạo lớp'!$B:$C,2,0) -> K63 | L11: 2.42 | M11: =VLOOKUP($B11,'DS nhan HPTN'!$B:$L,7,0) -> Phát triển ứng dụng di động quản lý sự kiện sử dụng Flutter | N11: =VLOOKUP($B11,'DS nhan HPTN'!$B:$L,8,0) -> ThS. Nguyễn Thị Hồng Tú | O11: 0 | P11: =VLOOKUP($B11,'DS nhan HPTN'!$B:$L,10,0) -> Công nghệ thông tin | Q11: =VLOOKUP($B11,'DS nhan HPTN'!$B:$L,11,0) -> Công nghệ thông tin | R11: Chính quy
A12: 11 | B12: 2151067239 | C12: =VLOOKUP($B12,'DS nhan HPTN'!$B:$L,2,0) -> Đặng Nguyễn Minh Hoàng | D12: =VLOOKUP($B12,'DL DSDV PH'!B:F,5,0) -> 31/03/2003 | E12: =VLOOKUP(B12,Sheet4!D:I,5,0) -> 30/03/2003 | F12: =IF(D12=E12,"T","F") -> F | G12: =VLOOKUP(B12,Sheet4!D:I,6,0) -> 022203000021 | H12: =VLOOKUP($B12,Sheet4!$D:$M,8,0) -> Thành phố Hồ Chí Minh | I12: =VLOOKUP($B12,Sheet4!$D:$M,9,0) -> Kinh | J12: =VLOOKUP($B12,'DS nhan HPTN'!$B:$L,3,0) -> S24-63CNTT2 | K12: =VLOOKUP($J12,'DL tạo lớp'!$B:$C,2,0) -> K63 | L12: 2.42 | M12: =VLOOKUP($B12,'DS nhan HPTN'!$B:$L,7,0) -> Xây dựng website quản lý dự án cho Công ty Vision | N12: =VLOOKUP($B12,'DS nhan HPTN'!$B:$L,8,0) -> ThS. Nguyễn Thị Hồng Tú | O12: 0 | P12: =VLOOKUP($B12,'DS nhan HPTN'!$B:$L,10,0) -> Công nghệ thông tin | Q12: =VLOOKUP($B12,'DS nhan HPTN'!$B:$L,11,0) -> Công nghệ thông tin | R12: Chính quy
A13: 12 | B13: 2251068218 | C13: =VLOOKUP($B13,'DS nhan HPTN'!$B:$L,2,0) -> Lê Võ Nhựt Nguyên | D13: =VLOOKUP($B13,'DL DSDV PH'!B:F,5,0) -> 26/09/2004 | E13: =VLOOKUP(B13,Sheet4!D:I,5,0) -> 26/09/2004 | F13: =IF(D13=E13,"T","F") -> T | G13: =VLOOKUP(B13,Sheet4!D:I,6,0) -> 083204007004 | H13: =VLOOKUP($B13,Sheet4!$D:$M,8,0) -> Vĩnh Long | I13: =VLOOKUP($B13,Sheet4!$D:$M,9,0) -> Kinh | J13: =VLOOKUP($B13,'DS nhan HPTN'!$B:$L,3,0) -> S25-64CNTT | K13: =VLOOKUP($J13,'DL tạo lớp'!$B:$C,2,0) -> K64 | L13: 2.91 | M13: =VLOOKUP($B13,'DS nhan HPTN'!$B:$L,7,0) -> Thiết kế và xây dựng hệ thống IoT giám sát, chống trộm và cảnh báo tai nạn cho xe máy | N13: =VLOOKUP($B13,'DS nhan HPTN'!$B:$L,8,0) -> ThS. Vũ Thị Hạnh | O13: 0 | P13: =VLOOKUP($B13,'DS nhan HPTN'!$B:$L,10,0) -> Công nghệ thông tin | Q13: =VLOOKUP($B13,'DS nhan HPTN'!$B:$L,11,0) -> Công nghệ thông tin | R13: Chính quy
... A194: 193 | B194: 2254038578 | C194: =VLOOKUP($B194,'DS nhan HPTN'!$B:$L,2,0) -> Trần Ngọc Như Ý | D194: =VLOOKUP($B194,'DL DSDV PH'!B:F,5,0) -> 10/11/2004 | E194: =VLOOKUP(B194,Sheet4!D:I,5,0) -> 10/11/2004 | F194: =IF(D194=E194,"T","F") -> T | G194: =VLOOKUP(B194,Sheet4!D:I,6,0) -> 079304014199 | H194: =VLOOKUP($B194,Sheet4!$D:$M,8,0) -> Thành phố Hồ Chí Minh | I194: =VLOOKUP($B194,Sheet4!$D:$M,9,0) -> Kinh | J194: =VLOOKUP($B194,'DS nhan HPTN'!$B:$L,3,0) -> S25-64KT | K194: =VLOOKUP($J194,'DL tạo lớp'!$B:$C,2,0) -> K64 | L194: 3.35 | M194: =VLOOKUP($B194,'DS nhan HPTN'!$B:$L,7,0) -> Kế toán thanh toán với người bán, người mua tại Công ty Cổ phần Thiết Bị Xây Dựng Vina (vinamac) | N194: =VLOOKUP($B194,'DS nhan HPTN'!$B:$L,8,0) -> ThS. Nguyễn Thị Diện | O194: 0 | P194: =VLOOKUP($B194,'DS nhan HPTN'!$B:$L,10,0) -> Kế toán | Q194: =VLOOKUP($B194,'DS nhan HPTN'!$B:$L,11,0) -> Kế toán & Quản trị kinh doanh | R194: Chính quy
A195: 194 | B195: 2254078794 | C195: =VLOOKUP($B195,'DS nhan HPTN'!$B:$L,2,0) -> Nguyễn Mai Sỹ | D195: =VLOOKUP($B195,'DL DSDV PH'!B:F,5,0) -> 15/01/2004 | E195: =VLOOKUP(B195,Sheet4!D:I,5,0) -> 15/01/2004 | F195: =IF(D195=E195,"T","F") -> T | G195: =VLOOKUP(B195,Sheet4!D:I,6,0) -> 054204003261 | H195: =VLOOKUP($B195,Sheet4!$D:$M,8,0) -> Đắk Lắk | I195: =VLOOKUP($B195,Sheet4!$D:$M,9,0) -> Kinh | J195: =VLOOKUP($B195,'DS nhan HPTN'!$B:$L,3,0) -> S25-64LG1 | K195: =VLOOKUP($J195,'DL tạo lớp'!$B:$C,2,0) -> K64 | L195: 2.09 | M195: =VLOOKUP($B195,'DS nhan HPTN'!$B:$L,7,0) -> Thực trạng hoạt động giao nhận hàng hoá bằng đường hàng không tại Công ty TNHH Tiếp Vận Toàn Cầu N.T.D | N195: =VLOOKUP($B195,'DS nhan HPTN'!$B:$L,8,0) -> ThS. Trần Đức Thành | O195: ThS. Phạm Thị Duấn | P195: =VLOOKUP($B195,'DS nhan HPTN'!$B:$L,10,0) -> Logistics và quản lý chuỗi cung ứng | Q195: =VLOOKUP($B195,'DS nhan HPTN'!$B:$L,11,0) -> Kế toán & Quản trị kinh doanh | R195: Chính quy
A196: 195 | B196: 2254078692 | C196: =VLOOKUP($B196,'DS nhan HPTN'!$B:$L,2,0) -> Đào Duy Đức | D196: =VLOOKUP($B196,'DL DSDV PH'!B:F,5,0) -> 18/03/2004 | E196: =VLOOKUP(B196,Sheet4!D:I,5,0) -> 18/03/2004 | F196: =IF(D196=E196,"T","F") -> T | G196: =VLOOKUP(B196,Sheet4!D:I,6,0) -> 052204001708 | H196: =VLOOKUP($B196,Sheet4!$D:$M,8,0) -> Gia Lai | I196: =VLOOKUP($B196,Sheet4!$D:$M,9,0) -> Kinh | J196: =VLOOKUP($B196,'DS nhan HPTN'!$B:$L,3,0) -> S25-64LG1 | K196: =VLOOKUP($J196,'DL tạo lớp'!$B:$C,2,0) -> K64 | L196: 2.68 | M196: =VLOOKUP($B196,'DS nhan HPTN'!$B:$L,7,0) -> Thực trạng hoạt động giao nhận hàng hóa nhập khẩu nguyên container bằng đường biển tại công ty cổ phần giao nhận vận tải Kỳ Lân | N196: =VLOOKUP($B196,'DS nhan HPTN'!$B:$L,8,0) -> ThS. Trần Đức Thành | O196: ThS. Phạm Thị Duấn | P196: =VLOOKUP($B196,'DS nhan HPTN'!$B:$L,10,0) -> Logistics và quản lý chuỗi cung ứng | Q196: =VLOOKUP($B196,'DS nhan HPTN'!$B:$L,11,0) -> Kế toán & Quản trị kinh doanh | R196: Chính quy
A197: 196 | B197: 2254078748 | C197: =VLOOKUP($B197,'DS nhan HPTN'!$B:$L,2,0) -> Huỳnh Thanh Nam | D197: =VLOOKUP($B197,'DL DSDV PH'!B:F,5,0) -> 30/05/2004 | E197: =VLOOKUP(B197,Sheet4!D:I,5,0) -> 30/05/2004 | F197: =IF(D197=E197,"T","F") -> T | G197: =VLOOKUP(B197,Sheet4!D:I,6,0) -> 060204007970 | H197: =VLOOKUP($B197,Sheet4!$D:$M,8,0) -> Lâm Đồng | I197: =VLOOKUP($B197,Sheet4!$D:$M,9,0) -> Kinh | J197: =VLOOKUP($B197,'DS nhan HPTN'!$B:$L,3,0) -> S25-64LG1 | K197: =VLOOKUP($J197,'DL tạo lớp'!$B:$C,2,0) -> K64 | L197: 2.2 | M197: =VLOOKUP($B197,'DS nhan HPTN'!$B:$L,7,0) -> Thực trạng hoạt động giao nhận hàng hóa nhập khẩu bằng đường biển tại Công ty TNHH ONEX Logistics | N197: =VLOOKUP($B197,'DS nhan HPTN'!$B:$L,8,0) -> ThS. Trần Đức Thành | O197: ThS. Phạm Thị Duấn | P197: =VLOOKUP($B197,'DS nhan HPTN'!$B:$L,10,0) -> Logistics và quản lý chuỗi cung ứng | Q197: =VLOOKUP($B197,'DS nhan HPTN'!$B:$L,11,0) -> Kế toán & Quản trị kinh doanh | R197: Chính quy
A198: 197 | B198: 2254078674 | C198: =VLOOKUP($B198,'DS nhan HPTN'!$B:$L,2,0) -> Nguyễn Phạm Xuyến Chi | D198: =VLOOKUP($B198,'DL DSDV PH'!B:F,5,0) -> 25/04/2004 | E198: =VLOOKUP(B198,Sheet4!D:I,5,0) -> 25/04/2004 | F198: =IF(D198=E198,"T","F") -> T | G198: =VLOOKUP(B198,Sheet4!D:I,6,0) -> 038304009339 | H198: =VLOOKUP($B198,Sheet4!$D:$M,8,0) -> Thanh Hoá | I198: =VLOOKUP($B198,Sheet4!$D:$M,9,0) -> Kinh | J198: =VLOOKUP($B198,'DS nhan HPTN'!$B:$L,3,0) -> S25-64LG1 | K198: =VLOOKUP($J198,'DL tạo lớp'!$B:$C,2,0) -> K64 | L198: 2.75 | M198: =VLOOKUP($B198,'DS nhan HPTN'!$B:$L,7,0) -> Một số giải pháp hoàn thiện hoạt động quản lý kho hàng của Công ty TNHH SAI GON HI-TECH | N198: =VLOOKUP($B198,'DS nhan HPTN'!$B:$L,8,0) -> TS. Nguyễn Nam Thắng | O198: 0 | P198: =VLOOKUP($B198,'DS nhan HPTN'!$B:$L,10,0) -> Logistics và quản lý chuỗi cung ứng | Q198: =VLOOKUP($B198,'DS nhan HPTN'!$B:$L,11,0) -> Kế toán & Quản trị kinh doanh | R198: Chính quy
A199: 198 | B199: 2254078776 | C199: =VLOOKUP($B199,'DS nhan HPTN'!$B:$L,2,0) -> Nguyễn Thị Hồng Phúc | D199: =VLOOKUP($B199,'DL DSDV PH'!B:F,5,0) -> 12/07/2004 | E199: =VLOOKUP(B199,Sheet4!D:I,5,0) -> 12/07/2004 | F199: =IF(D199=E199,"T","F") -> T | G199: =VLOOKUP(B199,Sheet4!D:I,6,0) -> 052304001941 | H199: =VLOOKUP($B199,Sheet4!$D:$M,8,0) -> Gia Lai | I199: =VLOOKUP($B199,Sheet4!$D:$M,9,0) -> Kinh | J199: =VLOOKUP($B199,'DS nhan HPTN'!$B:$L,3,0) -> S25-64LG1 | K199: =VLOOKUP($J199,'DL tạo lớp'!$B:$C,2,0) -> K64 | L199: 2.75 | M199: =VLOOKUP($B199,'DS nhan HPTN'!$B:$L,7,0) -> Hoàn thiện hoạt động mua sắm vật tư tại Công ty TNHH Du Thuyền Hoa Sen | N199: =VLOOKUP($B199,'DS nhan HPTN'!$B:$L,8,0) -> ThS. Trần Đức Thành | O199: ThS. Phạm Thị Duấn | P199: =VLOOKUP($B199,'DS nhan HPTN'!$B:$L,10,0) -> Logistics và quản lý chuỗi cung ứng | Q199: =VLOOKUP($B199,'DS nhan HPTN'!$B:$L,11,0) -> Kế toán & Quản trị kinh doanh | R199: Chính quy
A200: 199 | B200: 2254078810 | C200: =VLOOKUP($B200,'DS nhan HPTN'!$B:$L,2,0) -> Trần Ngọc Thảo Thy | D200: =VLOOKUP($B200,'DL DSDV PH'!B:F,5,0) -> 16/09/2004 | E200: =VLOOKUP(B200,Sheet4!D:I,5,0) -> 16/09/2004 | F200: =IF(D200=E200,"T","F") -> T | G200: =VLOOKUP(B200,Sheet4!D:I,6,0) -> 082304000399 | H200: =VLOOKUP($B200,Sheet4!$D:$M,8,0) -> Đồng Tháp | I200: =VLOOKUP($B200,Sheet4!$D:$M,9,0) -> Kinh | J200: =VLOOKUP($B200,'DS nhan HPTN'!$B:$L,3,0) -> S25-64LG1 | K200: =VLOOKUP($J200,'DL tạo lớp'!$B:$C,2,0) -> K64 | L200: 3.03 | M200: =VLOOKUP($B200,'DS nhan HPTN'!$B:$L,7,0) -> Hoàn thiện hoạt động Logistics đầu ra tại Công ty TNHH Tân Sao Á | N200: =VLOOKUP($B200,'DS nhan HPTN'!$B:$L,8,0) -> TS. Trần Văn Biên | O200: 0 | P200: =VLOOKUP($B200,'DS nhan HPTN'!$B:$L,10,0) -> Logistics và quản lý chuỗi cung ứng | Q200: =VLOOKUP($B200,'DS nhan HPTN'!$B:$L,11,0) -> Kế toán & Quản trị kinh doanh | R200: Chính quy
A201: 200 | B201: 2254078846 | C201: =VLOOKUP($B201,'DS nhan HPTN'!$B:$L,2,0) -> Đỗ Nguyễn Như Yến | D201: =VLOOKUP($B201,'DL DSDV PH'!B:F,5,0) -> 17/08/2004 | E201: =VLOOKUP(B201,Sheet4!D:I,5,0) -> 17/08/2004 | F201: =IF(D201=E201,"T","F") -> T | G201: =VLOOKUP(B201,Sheet4!D:I,6,0) -> 052304006600 | H201: =VLOOKUP($B201,Sheet4!$D:$M,8,0) -> Gia Lai | I201: =VLOOKUP($B201,Sheet4!$D:$M,9,0) -> Kinh | J201: =VLOOKUP($B201,'DS nhan HPTN'!$B:$L,3,0) -> S25-64LG1 | K201: =VLOOKUP($J201,'DL tạo lớp'!$B:$C,2,0) -> K64 | L201: 3.3 | M201: =VLOOKUP($B201,'DS nhan HPTN'!$B:$L,7,0) -> Phân tích hoạt động nhập khẩu bằng đường hàng không tại Công ty TNHH Vận tải Miên Sơn | N201: =VLOOKUP($B201,'DS nhan HPTN'!$B:$L,8,0) -> TS. Trần Văn Biên | O201: 0 | P201: =VLOOKUP($B201,'DS nhan HPTN'!$B:$L,10,0) -> Logistics và quản lý chuỗi cung ứng | Q201: =VLOOKUP($B201,'DS nhan HPTN'!$B:$L,11,0) -> Kế toán & Quản trị kinh doanh | R201: Chính quy
A202: 201 | B202: 2254078714 | C202: =VLOOKUP($B202,'DS nhan HPTN'!$B:$L,2,0) -> Trần Thị Thu Hoài | D202: =VLOOKUP($B202,'DL DSDV PH'!B:F,5,0) -> 17/11/2004 | E202: =VLOOKUP(B202,Sheet4!D:I,5,0) -> 17/11/2004 | F202: =IF(D202=E202,"T","F") -> T | G202: =VLOOKUP(B202,Sheet4!D:I,6,0) -> 052304013089 | H202: =VLOOKUP($B202,Sheet4!$D:$M,8,0) -> Gia Lai | I202: =VLOOKUP($B202,Sheet4!$D:$M,9,0) -> Kinh | J202: =VLOOKUP($B202,'DS nhan HPTN'!$B:$L,3,0) -> S25-64LG1 | K202: =VLOOKUP($J202,'DL tạo lớp'!$B:$C,2,0) -> K64 | L202: 2.59 | M202: =VLOOKUP($B202,'DS nhan HPTN'!$B:$L,7,0) -> Tổng hợp phân tích đánh giá hoạt động nhập khẩu bằng đường hàng không tại Công ty TNHH Pungkook Sài Gòn II | N202: =VLOOKUP($B202,'DS nhan HPTN'!$B:$L,8,0) -> TS. Nguyễn Nam Thắng | O202: 0 | P202: =VLOOKUP($B202,'DS nhan HPTN'!$B:$L,10,0) -> Logistics và quản lý chuỗi cung ứng | Q202: =VLOOKUP($B202,'DS nhan HPTN'!$B:$L,11,0) -> Kế toán & Quản trị kinh doanh | R202: Chính quy
A203: 202 | B203: 2254078806 | C203: =VLOOKUP($B203,'DS nhan HPTN'!$B:$L,2,0) -> Nguyễn Diễm Thư | D203: =VLOOKUP($B203,'DL DSDV PH'!B:F,5,0) -> 01/01/2004 | E203: =VLOOKUP(B203,Sheet4!D:I,5,0) -> 01/01/2004 | F203: =IF(D203=E203,"T","F") -> T | G203: =VLOOKUP(B203,Sheet4!D:I,6,0) -> 046304012646 | H203: =VLOOKUP($B203,Sheet4!$D:$M,8,0) -> Huế | I203: =VLOOKUP($B203,Sheet4!$D:$M,9,0) -> Kinh | J203: =VLOOKUP($B203,'DS nhan HPTN'!$B:$L,3,0) -> S25-64LG1 | K203: =VLOOKUP($J203,'DL tạo lớp'!$B:$C,2,0) -> K64 | L203: 3.11 | M203: =VLOOKUP($B203,'DS nhan HPTN'!$B:$L,7,0) -> Giải pháp mở rộng thị trường dịch vụ logistics quốc tế tại Công ty cổ phần Giao nhận vận tải Kỳ Lân | N203: =VLOOKUP($B203,'DS nhan HPTN'!$B:$L,8,0) -> ThS. Trần Đức Thành | O203: ThS. Phạm Thị Duấn | P203: =VLOOKUP($B203,'DS nhan HPTN'!$B:$L,10,0) -> Logistics và quản lý chuỗi cung ứng | Q203: =VLOOKUP($B203,'DS nhan HPTN'!$B:$L,11,0) -> Kế toán & Quản trị kinh doanh | R203: Chính quy
A204: 203 | B204: 2254078764 | C204: =VLOOKUP($B204,'DS nhan HPTN'!$B:$L,2,0) -> Nguyễn Ngọc Nhị | D204: =VLOOKUP($B204,'DL DSDV PH'!B:F,5,0) -> 23/09/2004 | E204: =VLOOKUP(B204,Sheet4!D:I,5,0) -> 23/09/2004 | F204: =IF(D204=E204,"T","F") -> T | G204: =VLOOKUP(B204,Sheet4!D:I,6,0) -> 060304004238 | H204: =VLOOKUP($B204,Sheet4!$D:$M,8,0) -> Lâm Đồng | I204: =VLOOKUP($B204,Sheet4!$D:$M,9,0) -> Kinh | J204: =VLOOKUP($B204,'DS nhan HPTN'!$B:$L,3,0) -> S25-64LG1 | K204: =VLOOKUP($J204,'DL tạo lớp'!$B:$C,2,0) -> K64 | L204: 2.85 | M204: =VLOOKUP($B204,'DS nhan HPTN'!$B:$L,7,0) -> Một số giải pháp nâng cao hiệu quả trong hoạt động giao nhận hàng hóa nội địa tại Công ty TNHH Một Thành Viên Chuyển Phát Nhanh Thuận Phong | N204: =VLOOKUP($B204,'DS nhan HPTN'!$B:$L,8,0) -> TS. Nguyễn Nam Thắng | O204: 0 | P204: =VLOOKUP($B204,'DS nhan HPTN'!$B:$L,10,0) -> Logistics và quản lý chuỗi cung ứng | Q204: =VLOOKUP($B204,'DS nhan HPTN'!$B:$L,11,0) -> Kế toán & Quản trị kinh doanh | R204: Chính quy
A205: 204 | B205: 2254078694 | C205: =VLOOKUP($B205,'DS nhan HPTN'!$B:$L,2,0) -> Nguyễn Trần Đức | D205: =VLOOKUP($B205,'DL DSDV PH'!B:F,5,0) -> 26/03/2004 | E205: =VLOOKUP(B205,Sheet4!D:I,5,0) -> 26/03/2004 | F205: =IF(D205=E205,"T","F") -> T | G205: =VLOOKUP(B205,Sheet4!D:I,6,0) -> 064204003961 | H205: =VLOOKUP($B205,Sheet4!$D:$M,8,0) -> Gia Lai | I205: =VLOOKUP($B205,Sheet4!$D:$M,9,0) -> Kinh | J205: =VLOOKUP($B205,'DS nhan HPTN'!$B:$L,3,0) -> S25-64LG1 | K205: =VLOOKUP($J205,'DL tạo lớp'!$B:$C,2,0) -> K64 | L205: 2.45 | M205: =VLOOKUP($B205,'DS nhan HPTN'!$B:$L,7,0) -> Một số giải pháp nâng cao hiệu quả công việc nhân viên tại Công ty TNHH thương mại dịch vụ giao nhận An Thành Phát | N205: =VLOOKUP($B205,'DS nhan HPTN'!$B:$L,8,0) -> TS. Nguyễn Nam Thắng | O205: 0 | P205: =VLOOKUP($B205,'DS nhan HPTN'!$B:$L,10,0) -> Logistics và quản lý chuỗi cung ứng | Q205: =VLOOKUP($B205,'DS nhan HPTN'!$B:$L,11,0) -> Kế toán & Quản trị kinh doanh | R205: Chính quy
A206: 205 | B206: 2254078744 | C206: =VLOOKUP($B206,'DS nhan HPTN'!$B:$L,2,0) -> Phạm Thị Mến | D206: =VLOOKUP($B206,'DL DSDV PH'!B:F,5,0) -> 02/06/2004 | E206: =VLOOKUP(B206,Sheet4!D:I,5,0) -> 02/06/2004 | F206: =IF(D206=E206,"T","F") -> T | G206: =VLOOKUP(B206,Sheet4!D:I,6,0) -> 052304014693 | H206: =VLOOKUP($B206,Sheet4!$D:$M,8,0) -> Gia Lai | I206: =VLOOKUP($B206,Sheet4!$D:$M,9,0) -> Kinh | J206: =VLOOKUP($B206,'DS nhan HPTN'!$B:$L,3,0) -> S25-64LG1 | K206: =VLOOKUP($J206,'DL tạo lớp'!$B:$C,2,0) -> K64 | L206: 3.42 | M206: =VLOOKUP($B206,'DS nhan HPTN'!$B:$L,7,0) -> Thúc đẩy hoạt động chuyển giao công nghệ trong lĩnh vực vận tải của Công ty Cổ phần giải pháp chuỗi cung ứng smartlog | N206: =VLOOKUP($B206,'DS nhan HPTN'!$B:$L,8,0) -> TS. Trần Văn Biên | O206: 0 | P206: =VLOOKUP($B206,'DS nhan HPTN'!$B:$L,10,0) -> Logistics và quản lý chuỗi cung ứng | Q206: =VLOOKUP($B206,'DS nhan HPTN'!$B:$L,11,0) -> Kế toán & Quản trị kinh doanh | R206: Chính quy
A207: 206 | B207: 2254078682 | C207: =VLOOKUP($B207,'DS nhan HPTN'!$B:$L,2,0) -> Trần Văn Dũng | D207: =VLOOKUP($B207,'DL DSDV PH'!B:F,5,0) -> 11/09/2004 | E207: =VLOOKUP(B207,Sheet4!D:I,5,0) -> 11/09/2004 | F207: =IF(D207=E207,"T","F") -> T | G207: =VLOOKUP(B207,Sheet4!D:I,6,0) -> 066204014277 | H207: =VLOOKUP($B207,Sheet4!$D:$M,8,0) -> Đắk Lắk | I207: =VLOOKUP($B207,Sheet4!$D:$M,9,0) -> Kinh | J207: =VLOOKUP($B207,'DS nhan HPTN'!$B:$L,3,0) -> S25-64LG1 | K207: =VLOOKUP($J207,'DL tạo lớp'!$B:$C,2,0) -> K64 | L207: 2.71 | M207: =VLOOKUP($B207,'DS nhan HPTN'!$B:$L,7,0) -> Một số giải pháp nâng cao hiệu quả hoạt động dịch vụ xử lý chứng từ tại Công ty TNHH Tiếp vận và Vận tải Á Âu. | N207: =VLOOKUP($B207,'DS nhan HPTN'!$B:$L,8,0) -> TS. Nguyễn Nam Thắng | O207: 0 | P207: =VLOOKUP($B207,'DS nhan HPTN'!$B:$L,10,0) -> Logistics và quản lý chuỗi cung ứng | Q207: =VLOOKUP($B207,'DS nhan HPTN'!$B:$L,11,0) -> Kế toán & Quản trị kinh doanh | R207: Chính quy
A208: 207 | B208: 2254078758 | C208: =VLOOKUP($B208,'DS nhan HPTN'!$B:$L,2,0) -> Trần Quang Nhật | D208: =VLOOKUP($B208,'DL DSDV PH'!B:F,5,0) -> 19/06/2004 | E208: =VLOOKUP(B208,Sheet4!D:I,5,0) -> 19/06/2004 | F208: =IF(D208=E208,"T","F") -> T | G208: =VLOOKUP(B208,Sheet4!D:I,6,0) -> 068204013864 | H208: =VLOOKUP($B208,Sheet4!$D:$M,8,0) -> Lâm Đồng | I208: =VLOOKUP($B208,Sheet4!$D:$M,9,0) -> Kinh | J208: =VLOOKUP($B208,'DS nhan HPTN'!$B:$L,3,0) -> S25-64LG1 | K208: =VLOOKUP($J208,'DL tạo lớp'!$B:$C,2,0) -> K64 | L208: 2.93 | M208: =VLOOKUP($B208,'DS nhan HPTN'!$B:$L,7,0) -> Một số giải pháp góp phần hoàn thiện hoạt động vận tải quốc tế hàng container bằng đường bộ tại Công ty Cổ phần Tiếp vận Quốc tế Cảng Cát Lái | N208: =VLOOKUP($B208,'DS nhan HPTN'!$B:$L,8,0) -> TS. Nguyễn Nam Thắng | O208: 0 | P208: =VLOOKUP($B208,'DS nhan HPTN'!$B:$L,10,0) -> Logistics và quản lý chuỗi cung ứng | Q208: =VLOOKUP($B208,'DS nhan HPTN'!$B:$L,11,0) -> Kế toán & Quản trị kinh doanh | R208: Chính quy
A209: 208 | B209: 2254078699 | C209: =VLOOKUP($B209,'DS nhan HPTN'!$B:$L,2,0) -> Lương Thị Hằng | D209: =VLOOKUP($B209,'DL DSDV PH'!B:F,5,0) -> 22/11/2003 | E209: =VLOOKUP(B209,Sheet4!D:I,5,0) -> 22/11/2003 | F209: =IF(D209=E209,"T","F") -> T | G209: =VLOOKUP(B209,Sheet4!D:I,6,0) -> 068303006753 | H209: =VLOOKUP($B209,Sheet4!$D:$M,8,0) -> Lâm Đồng | I209: =VLOOKUP($B209,Sheet4!$D:$M,9,0) -> Kinh | J209: =VLOOKUP($B209,'DS nhan HPTN'!$B:$L,3,0) -> S25-64LG1 | K209: =VLOOKUP($J209,'DL tạo lớp'!$B:$C,2,0) -> K64 | L209: 3.24 | M209: =VLOOKUP($B209,'DS nhan HPTN'!$B:$L,7,0) -> Phát triển hoạt động kinh doanh của Công ty TNHH Giải pháp Hàng hải Quốc tế Bình Phú | N209: =VLOOKUP($B209,'DS nhan HPTN'!$B:$L,8,0) -> TS. Trần Văn Biên | O209: 0 | P209: =VLOOKUP($B209,'DS nhan HPTN'!$B:$L,10,0) -> Logistics và quản lý chuỗi cung ứng | Q209: =VLOOKUP($B209,'DS nhan HPTN'!$B:$L,11,0) -> Kế toán & Quản trị kinh doanh | R209: Chính quy
A210: 209 | B210: 2254078797 | C210: =VLOOKUP($B210,'DS nhan HPTN'!$B:$L,2,0) -> Phạm Nguyên Thành | D210: =VLOOKUP($B210,'DL DSDV PH'!B:F,5,0) -> 25/08/2004 | E210: =VLOOKUP(B210,Sheet4!D:I,5,0) -> 25/08/2004 | F210: =IF(D210=E210,"T","F") -> T | G210: =VLOOKUP(B210,Sheet4!D:I,6,0) -> 042204014621 | H210: =VLOOKUP($B210,Sheet4!$D:$M,8,0) -> Hà Tĩnh | I210: =VLOOKUP($B210,Sheet4!$D:$M,9,0) -> Kinh | J210: =VLOOKUP($B210,'DS nhan HPTN'!$B:$L,3,0) -> S25-64LG2 | K210: =VLOOKUP($J210,'DL tạo lớp'!$B:$C,2,0) -> K64 | L210: 2.57 | M210: =VLOOKUP($B210,'DS nhan HPTN'!$B:$L,7,0) -> Nghiên cứu phát triển hoạt động vận tải đường bộ tại Công ty Cổ phần Tiếp vận HNL | N210: =VLOOKUP($B210,'DS nhan HPTN'!$B:$L,8,0) -> TS. Nguyễn Nam Thắng | O210: 0 | P210: =VLOOKUP($B210,'DS nhan HPTN'!$B:$L,10,0) -> Logistics và quản lý chuỗi cung ứng | Q210: =VLOOKUP($B210,'DS nhan HPTN'!$B:$L,11,0) -> Kế toán & Quản trị kinh doanh | R210: Chính quy
A211: 210 | B211: 2254078787 | C211: =VLOOKUP($B211,'DS nhan HPTN'!$B:$L,2,0) -> Hồ Thị Như Quỳnh | D211: =VLOOKUP($B211,'DL DSDV PH'!B:F,5,0) -> 24/08/2004 | E211: =VLOOKUP(B211,Sheet4!D:I,5,0) -> 24/08/2004 | F211: =IF(D211=E211,"T","F") -> T | G211: =VLOOKUP(B211,Sheet4!D:I,6,0) -> 054304002561 | H211: =VLOOKUP($B211,Sheet4!$D:$M,8,0) -> Đắk Lắk | I211: =VLOOKUP($B211,Sheet4!$D:$M,9,0) -> Kinh | J211: =VLOOKUP($B211,'DS nhan HPTN'!$B:$L,3,0) -> S25-64LG2 | K211: =VLOOKUP($J211,'DL tạo lớp'!$B:$C,2,0) -> K64 | L211: 2.54 | M211: =VLOOKUP($B211,'DS nhan HPTN'!$B:$L,7,0) -> Hoàn thiện quy trình khai báo hải quan tại Công ty Cổ phần Logistics Cái Mép | N211: =VLOOKUP($B211,'DS nhan HPTN'!$B:$L,8,0) -> TS. Nguyễn Nam Thắng | O211: 0 | P211: =VLOOKUP($B211,'DS nhan HPTN'!$B:$L,10,0) -> Logistics và quản lý chuỗi cung ứng | Q211: =VLOOKUP($B211,'DS nhan HPTN'!$B:$L,11,0) -> Kế toán & Quản trị kinh doanh | R211: Chính quy
A212: 211 | B212: 2254078701 | C212: =VLOOKUP($B212,'DS nhan HPTN'!$B:$L,2,0) -> Chung Gia Hân | D212: =VLOOKUP($B212,'DL DSDV PH'!B:F,5,0) -> 26/03/2004 | E212: =VLOOKUP(B212,Sheet4!D:I,5,0) -> 26/03/2004 | F212: =IF(D212=E212,"T","F") -> T | G212: =VLOOKUP(B212,Sheet4!D:I,6,0) -> 079304028494 | H212: =VLOOKUP($B212,Sheet4!$D:$M,8,0) -> Thành phố Hồ Chí Minh | I212: =VLOOKUP($B212,Sheet4!$D:$M,9,0) -> Kinh | J212: =VLOOKUP($B212,'DS nhan HPTN'!$B:$L,3,0) -> S25-64LG2 | K212: =VLOOKUP($J212,'DL tạo lớp'!$B:$C,2,0) -> K64 | L212: 2.65 | M212: =VLOOKUP($B212,'DS nhan HPTN'!$B:$L,7,0) -> Phân tích thực trạng thu mua hàng hoá tại Công ty TNHH Apeiron Bionenergy Việt Nam | N212: =VLOOKUP($B212,'DS nhan HPTN'!$B:$L,8,0) -> TS. Trần Văn Biên | O212: 0 | P212: =VLOOKUP($B212,'DS nhan HPTN'!$B:$L,10,0) -> Logistics và quản lý chuỗi cung ứng | Q212: =VLOOKUP($B212,'DS nhan HPTN'!$B:$L,11,0) -> Kế toán & Quản trị kinh doanh | R212: Chính quy
A213: 212 | B213: 2254078839 | C213: =VLOOKUP($B213,'DS nhan HPTN'!$B:$L,2,0) -> Trần Nguyễn Phương Uyên | D213: =VLOOKUP($B213,'DL DSDV PH'!B:F,5,0) -> 05/12/2004 | E213: =VLOOKUP(B213,Sheet4!D:I,5,0) -> 05/12/2004 | F213: =IF(D213=E213,"T","F") -> T | G213: =VLOOKUP(B213,Sheet4!D:I,6,0) -> 077304001725 | H213: =VLOOKUP($B213,Sheet4!$D:$M,8,0) -> Thành phố Hồ Chí Minh | I213: =VLOOKUP($B213,Sheet4!$D:$M,9,0) -> Kinh | J213: =VLOOKUP($B213,'DS nhan HPTN'!$B:$L,3,0) -> S25-64LG2 | K213: =VLOOKUP($J213,'DL tạo lớp'!$B:$C,2,0) -> K64 | L213: 2.18 | M213: =VLOOKUP($B213,'DS nhan HPTN'!$B:$L,7,0) -> Tổng hợp phân tích đánh giá hoạt động xuất khẩu hàng hóa tại Công ty TNHH Thương mại Xuất Nhập Khẩu Phúc Nam Khang | N213: =VLOOKUP($B213,'DS nhan HPTN'!$B:$L,8,0) -> TS. Nguyễn Nam Thắng | O213: 0 | P213: =VLOOKUP($B213,'DS nhan HPTN'!$B:$L,10,0) -> Logistics và quản lý chuỗi cung ứng | Q213: =VLOOKUP($B213,'DS nhan HPTN'!$B:$L,11,0) -> Kế toán & Quản trị kinh doanh | R213: Chính quy
A214: 213 | B214: 2254078745 | C214: =VLOOKUP($B214,'DS nhan HPTN'!$B:$L,2,0) -> Trần Ngọc Mi | D214: =VLOOKUP($B214,'DL DSDV PH'!B:F,5,0) -> 28/01/2004 | E214: =VLOOKUP(B214,Sheet4!D:I,5,0) -> 28/01/2004 | F214: =IF(D214=E214,"T","F") -> T | G214: =VLOOKUP(B214,Sheet4!D:I,6,0) -> 054304007566 | H214: =VLOOKUP($B214,Sheet4!$D:$M,8,0) -> Đắk Lắk | I214: =VLOOKUP($B214,Sheet4!$D:$M,9,0) -> Kinh | J214: =VLOOKUP($B214,'DS nhan HPTN'!$B:$L,3,0) -> S25-64LG2 | K214: =VLOOKUP($J214,'DL tạo lớp'!$B:$C,2,0) -> K64 | L214: 3.27 | M214: =VLOOKUP($B214,'DS nhan HPTN'!$B:$L,7,0) -> Hoàn thiện hoạt động logistics đầu vào của Công ty Cổ phần Đầu tư và Phát triển Dịch vụ CitiGym | N214: =VLOOKUP($B214,'DS nhan HPTN'!$B:$L,8,0) -> TS. Trần Văn Biên | O214: 0 | P214: =VLOOKUP($B214,'DS nhan HPTN'!$B:$L,10,0) -> Logistics và quản lý chuỗi cung ứng | Q214: =VLOOKUP($B214,'DS nhan HPTN'!$B:$L,11,0) -> Kế toán & Quản trị kinh doanh | R214: Chính quy
A215: 214 | B215: 2254078675 | C215: =VLOOKUP($B215,'DS nhan HPTN'!$B:$L,2,0) -> Phạm Thị Kim Chi | D215: =VLOOKUP($B215,'DL DSDV PH'!B:F,5,0) -> 27/11/2004 | E215: =VLOOKUP(B215,Sheet4!D:I,5,0) -> 27/11/2004 | F215: =IF(D215=E215,"T","F") -> T | G215: =VLOOKUP(B215,Sheet4!D:I,6,0) -> 077304002558 | H215: =VLOOKUP($B215,Sheet4!$D:$M,8,0) -> Thành phố Hồ Chí Minh | I215: =VLOOKUP($B215,Sheet4!$D:$M,9,0) -> Kinh | J215: =VLOOKUP($B215,'DS nhan HPTN'!$B:$L,3,0) -> S25-64LG2 | K215: =VLOOKUP($J215,'DL tạo lớp'!$B:$C,2,0) -> K64 | L215: 2.2 | M215: =VLOOKUP($B215,'DS nhan HPTN'!$B:$L,7,0) -> Phát triển hoạt động thu mua hàng hoá tại Công ty Cổ phần Văn hóa Nhân Văn. | N215: =VLOOKUP($B215,'DS nhan HPTN'!$B:$L,8,0) -> ThS. Trần Đức Thành | O215: ThS. Phạm Thị Duấn | P215: =VLOOKUP($B215,'DS nhan HPTN'!$B:$L,10,0) -> Logistics và quản lý chuỗi cung ứng | Q215: =VLOOKUP($B215,'DS nhan HPTN'!$B:$L,11,0) -> Kế toán & Quản trị kinh doanh | R215: Chính quy
A216: 215 | B216: 2254078679 | C216: =VLOOKUP($B216,'DS nhan HPTN'!$B:$L,2,0) -> Nguyễn Thụy Mỹ Dung | D216: =VLOOKUP($B216,'DL DSDV PH'!B:F,5,0) -> 04/09/2004 | E216: =VLOOKUP(B216,Sheet4!D:I,5,0) -> 04/09/2004 | F216: =IF(D216=E216,"T","F") -> T | G216: =VLOOKUP(B216,Sheet4!D:I,6,0) -> 079304012706 | H216: =VLOOKUP($B216,Sheet4!$D:$M,8,0) -> Thành phố Hồ Chí Minh | I216: =VLOOKUP($B216,Sheet4!$D:$M,9,0) -> Kinh | J216: =VLOOKUP($B216,'DS nhan HPTN'!$B:$L,3,0) -> S25-64LG2 | K216: =VLOOKUP($J216,'DL tạo lớp'!$B:$C,2,0) -> K64 | L216: 2.76 | M216: =VLOOKUP($B216,'DS nhan HPTN'!$B:$L,7,0) -> Nâng cao hoạt động quản lý kho lạnh tại Công ty TNHH Thương mại Dịch vụ Quốc tế Hoàn Vũ | N216: =VLOOKUP($B216,'DS nhan HPTN'!$B:$L,8,0) -> TS. Trần Văn Biên | O216: 0 | P216: =VLOOKUP($B216,'DS nhan HPTN'!$B:$L,10,0) -> Logistics và quản lý chuỗi cung ứng | Q216: =VLOOKUP($B216,'DS nhan HPTN'!$B:$L,11,0) -> Kế toán & Quản trị kinh doanh | R216: Chính quy
A217: 216 | B217: 2254078747 | C217: =VLOOKUP($B217,'DS nhan HPTN'!$B:$L,2,0) -> Đỗ Minh Nam | D217: =VLOOKUP($B217,'DL DSDV PH'!B:F,5,0) -> 24/01/2004 | E217: =VLOOKUP(B217,Sheet4!D:I,5,0) -> 24/01/2004 | F217: =IF(D217=E217,"T","F") -> T | G217: =VLOOKUP(B217,Sheet4!D:I,6,0) -> 052204011303 | H217: =VLOOKUP($B217,Sheet4!$D:$M,8,0) -> Quãng Ngãi | I217: =VLOOKUP($B217,Sheet4!$D:$M,9,0) -> Kinh | J217: =VLOOKUP($B217,'DS nhan HPTN'!$B:$L,3,0) -> S25-64LG2 | K217: =VLOOKUP($J217,'DL tạo lớp'!$B:$C,2,0) -> K64 | L217: 1.87 | M217: =VLOOKUP($B217,'DS nhan HPTN'!$B:$L,7,0) -> Tổ chức nghiệp vụ giao nhận hàng xuất khẩu nguyên container bằng đường biển tại Công ty TNHH Tiếp vận Hàng hoá LEGEND | N217: =VLOOKUP($B217,'DS nhan HPTN'!$B:$L,8,0) -> TS. Nguyễn Nam Thắng | O217: 0 | P217: =VLOOKUP($B217,'DS nhan HPTN'!$B:$L,10,0) -> Logistics và quản lý chuỗi cung ứng | Q217: =VLOOKUP($B217,'DS nhan HPTN'!$B:$L,11,0) -> Kế toán & Quản trị kinh doanh | R217: Chính quy
A218: 217 | B218: 2254078835 | C218: =VLOOKUP($B218,'DS nhan HPTN'!$B:$L,2,0) -> Lê Thị Mỹ Tuyên | D218: =VLOOKUP($B218,'DL DSDV PH'!B:F,5,0) -> 12/02/2004 | E218: =VLOOKUP(B218,Sheet4!D:I,5,0) -> 12/02/2004 | F218: =IF(D218=E218,"T","F") -> T | G218: =VLOOKUP(B218,Sheet4!D:I,6,0) -> 058304007429 | H218: =VLOOKUP($B218,Sheet4!$D:$M,8,0) -> Ninh Thuận | I218: =VLOOKUP($B218,Sheet4!$D:$M,9,0) -> Kinh | J218: =VLOOKUP($B218,'DS nhan HPTN'!$B:$L,3,0) -> S25-64LG2 | K218: =VLOOKUP($J218,'DL tạo lớp'!$B:$C,2,0) -> K64 | L218: 2.28 | M218: =VLOOKUP($B218,'DS nhan HPTN'!$B:$L,7,0) -> Một số yếu tố ảnh hưởng đến sự hài lòng của khách hàng đối với dịch vụ nhập khẩu tại Công ty TNHH Cảng Phước Long | N218: =VLOOKUP($B218,'DS nhan HPTN'!$B:$L,8,0) -> TS. Nguyễn Nam Thắng | O218: 0 | P218: =VLOOKUP($B218,'DS nhan HPTN'!$B:$L,10,0) -> Logistics và quản lý chuỗi cung ứng | Q218: =VLOOKUP($B218,'DS nhan HPTN'!$B:$L,11,0) -> Kế toán & Quản trị kinh doanh | R218: Chính quy
A219: 218 | B219: 2254078841 | C219: =VLOOKUP($B219,'DS nhan HPTN'!$B:$L,2,0) -> Ngô Thị Tường Vi | D219: =VLOOKUP($B219,'DL DSDV PH'!B:F,5,0) -> 10/08/2004 | E219: =VLOOKUP(B219,Sheet4!D:I,5,0) -> 10/08/2004 | F219: =IF(D219=E219,"T","F") -> T | G219: =VLOOKUP(B219,Sheet4!D:I,6,0) -> 087304015794 | H219: =VLOOKUP($B219,Sheet4!$D:$M,8,0) -> Đồng Tháp | I219: =VLOOKUP($B219,Sheet4!$D:$M,9,0) -> Kinh | J219: =VLOOKUP($B219,'DS nhan HPTN'!$B:$L,3,0) -> S25-64LG2 | K219: =VLOOKUP($J219,'DL tạo lớp'!$B:$C,2,0) -> K64 | L219: 3.3 | M219: =VLOOKUP($B219,'DS nhan HPTN'!$B:$L,7,0) -> Hoàn thiện hoạt động quản lý kho tại Công ty TNHH Tân Sao Á | N219: =VLOOKUP($B219,'DS nhan HPTN'!$B:$L,8,0) -> TS. Trần Văn Biên | O219: 0 | P219: =VLOOKUP($B219,'DS nhan HPTN'!$B:$L,10,0) -> Logistics và quản lý chuỗi cung ứng | Q219: =VLOOKUP($B219,'DS nhan HPTN'!$B:$L,11,0) -> Kế toán & Quản trị kinh doanh | R219: Chính quy
A220: 219 | B220: 2254078844 | C220: =VLOOKUP($B220,'DS nhan HPTN'!$B:$L,2,0) -> Nguyễn Thị Vy | D220: =VLOOKUP($B220,'DL DSDV PH'!B:F,5,0) -> 12/09/2004 | E220: =VLOOKUP(B220,Sheet4!D:I,5,0) -> 12/09/2004 | F220: =IF(D220=E220,"T","F") -> T | G220: =VLOOKUP(B220,Sheet4!D:I,6,0) -> 058304008638 | H220: =VLOOKUP($B220,Sheet4!$D:$M,8,0) -> Khánh Hoà | I220: =VLOOKUP($B220,Sheet4!$D:$M,9,0) -> Kinh | J220: =VLOOKUP($B220,'DS nhan HPTN'!$B:$L,3,0) -> S25-64LG1 | K220: =VLOOKUP($J220,'DL tạo lớp'!$B:$C,2,0) -> K64 | L220: 3.42 | M220: =VLOOKUP($B220,'DS nhan HPTN'!$B:$L,7,0) -> Thực trạng hoạt động giao nhận hàng hoá xuất khẩu nguyên container bằng đường biển tại Công ty Cổ phần Xuất Nhập Khẩu Logimex | N220: =VLOOKUP($B220,'DS nhan HPTN'!$B:$L,8,0) -> ThS. Trần Đức Thành | O220: ThS. Phạm Thị Duấn | P220: =VLOOKUP($B220,'DS nhan HPTN'!$B:$L,10,0) -> Logistics và quản lý chuỗi cung ứng | Q220: =VLOOKUP($B220,'DS nhan HPTN'!$B:$L,11,0) -> Kế toán & Quản trị kinh doanh | R220: Chính quy
A221: 220 | B221: 2254078734 | C221: =VLOOKUP($B221,'DS nhan HPTN'!$B:$L,2,0) -> Nguyễn Ngọc Mai Linh | D221: =VLOOKUP($B221,'DL DSDV PH'!B:F,5,0) -> 18/06/2004 | E221: =VLOOKUP(B221,Sheet4!D:I,5,0) -> 18/06/2004 | F221: =IF(D221=E221,"T","F") -> T | G221: =VLOOKUP(B221,Sheet4!D:I,6,0) -> 085304001962 | H221: =VLOOKUP($B221,Sheet4!$D:$M,8,0) -> Khánh Hoà | I221: =VLOOKUP($B221,Sheet4!$D:$M,9,0) -> Kinh | J221: =VLOOKUP($B221,'DS nhan HPTN'!$B:$L,3,0) -> S25-64LG1 | K221: =VLOOKUP($J221,'DL tạo lớp'!$B:$C,2,0) -> K64 | L221: 3.29 | M221: =VLOOKUP($B221,'DS nhan HPTN'!$B:$L,7,0) -> Một số giải pháp xử lý chứng từ nhập khẩu nguyên container bằng đường biển tại Công ty Cổ phần Xuất Nhập Khẩu Logimex. | N221: =VLOOKUP($B221,'DS nhan HPTN'!$B:$L,8,0) -> TS. Nguyễn Nam Thắng | O221: 0 | P221: =VLOOKUP($B221,'DS nhan HPTN'!$B:$L,10,0) -> Logistics và quản lý chuỗi cung ứng | Q221: =VLOOKUP($B221,'DS nhan HPTN'!$B:$L,11,0) -> Kế toán & Quản trị kinh doanh | R221: Chính quy
A222: 221 | B222: 2254078804 | C222: =VLOOKUP($B222,'DS nhan HPTN'!$B:$L,2,0) -> Lê Trần An Thuyên | D222: =VLOOKUP($B222,'DL DSDV PH'!B:F,5,0) -> 27/05/2004 | E222: =VLOOKUP(B222,Sheet4!D:I,5,0) -> 27/05/2004 | F222: =IF(D222=E222,"T","F") -> T | G222: =VLOOKUP(B222,Sheet4!D:I,6,0) -> 079304034292 | H222: =VLOOKUP($B222,Sheet4!$D:$M,8,0) -> Thành phố Hồ Chí Minh | I222: =VLOOKUP($B222,Sheet4!$D:$M,9,0) -> Kinh | J222: =VLOOKUP($B222,'DS nhan HPTN'!$B:$L,3,0) -> S25-64LG1 | K222: =VLOOKUP($J222,'DL tạo lớp'!$B:$C,2,0) -> K64 | L222: 2.94 | M222: =VLOOKUP($B222,'DS nhan HPTN'!$B:$L,7,0) -> Thực trạng hoạt động giao nhận hàng hóa nhập khẩu nguyên container (FCL) bằng đường biển tại Công ty TNHH Thương Mại Dịch Vụ Xuất Nhập Khẩu Asia Ocean Việt Nam | N222: =VLOOKUP($B222,'DS nhan HPTN'!$B:$L,8,0) -> ThS. Trần Đức Thành | O222: ThS. Phạm Thị Duấn | P222: =VLOOKUP($B222,'DS nhan HPTN'!$B:$L,10,0) -> Logistics và quản lý chuỗi cung ứng | Q222: =VLOOKUP($B222,'DS nhan HPTN'!$B:$L,11,0) -> Kế toán & Quản trị kinh doanh | R222: Chính quy
A223: 222 | B223: 2254078728 | C223: =VLOOKUP($B223,'DS nhan HPTN'!$B:$L,2,0) -> Nguyễn Phạm Ý Kiều | D223: =VLOOKUP($B223,'DL DSDV PH'!B:F,5,0) -> 02/06/2004 | E223: =VLOOKUP(B223,Sheet4!D:I,5,0) -> 02/06/2004 | F223: =IF(D223=E223,"T","F") -> T | G223: =VLOOKUP(B223,Sheet4!D:I,6,0) -> 052304011221 | H223: =VLOOKUP($B223,Sheet4!$D:$M,8,0) -> Gia Lai | I223: =VLOOKUP($B223,Sheet4!$D:$M,9,0) -> Kinh | J223: =VLOOKUP($B223,'DS nhan HPTN'!$B:$L,3,0) -> S25-64LG1 | K223: =VLOOKUP($J223,'DL tạo lớp'!$B:$C,2,0) -> K64 | L223: 3.1 | M223: =VLOOKUP($B223,'DS nhan HPTN'!$B:$L,7,0) -> Giải pháp hoàn thiện quy trình bán hàng xuất khẩu và xử lý đơn hàng tại Công ty TNHH Xuất Nhập Khẩu EXPAD | N223: =VLOOKUP($B223,'DS nhan HPTN'!$B:$L,8,0) -> TS. Nguyễn Nam Thắng | O223: 0 | P223: =VLOOKUP($B223,'DS nhan HPTN'!$B:$L,10,0) -> Logistics và quản lý chuỗi cung ứng | Q223: =VLOOKUP($B223,'DS nhan HPTN'!$B:$L,11,0) -> Kế toán & Quản trị kinh doanh | R223: Chính quy
A224: 223 | B224: 2254078786 | C224: =VLOOKUP($B224,'DS nhan HPTN'!$B:$L,2,0) -> Lê Thị Lệ Quyên | D224: =VLOOKUP($B224,'DL DSDV PH'!B:F,5,0) -> 02/02/2004 | E224: =VLOOKUP(B224,Sheet4!D:I,5,0) -> 02/02/2004 | F224: =IF(D224=E224,"T","F") -> T | G224: =VLOOKUP(B224,Sheet4!D:I,6,0) -> 052304011040 | H224: =VLOOKUP($B224,Sheet4!$D:$M,8,0) -> Gia Lai | I224: =VLOOKUP($B224,Sheet4!$D:$M,9,0) -> Kinh | J224: =VLOOKUP($B224,'DS nhan HPTN'!$B:$L,3,0) -> S25-64LG1 | K224: =VLOOKUP($J224,'DL tạo lớp'!$B:$C,2,0) -> K64 | L224: 3.02 | M224: =VLOOKUP($B224,'DS nhan HPTN'!$B:$L,7,0) -> Phân tích hoạt động giao nhận hàng hoá xuất khẩu nguyên container bằng đường biển tại Công ty TNHH XNK Bamboo Pacific | N224: =VLOOKUP($B224,'DS nhan HPTN'!$B:$L,8,0) -> TS. Trần Văn Biên | O224: 0 | P224: =VLOOKUP($B224,'DS nhan HPTN'!$B:$L,10,0) -> Logistics và quản lý chuỗi cung ứng | Q224: =VLOOKUP($B224,'DS nhan HPTN'!$B:$L,11,0) -> Kế toán & Quản trị kinh doanh | R224: Chính quy
A225: 224 | B225: 2254078716 | C225: =VLOOKUP($B225,'DS nhan HPTN'!$B:$L,2,0) -> Trần Minh Hoàng | D225: =VLOOKUP($B225,'DL DSDV PH'!B:F,5,0) -> 07/11/2004 | E225: =VLOOKUP(B225,Sheet4!D:I,5,0) -> 07/11/2004 | F225: =IF(D225=E225,"T","F") -> T | G225: =VLOOKUP(B225,Sheet4!D:I,6,0) -> 060204000430 | H225: =VLOOKUP($B225,Sheet4!$D:$M,8,0) -> Lâm Đồng | I225: =VLOOKUP($B225,Sheet4!$D:$M,9,0) -> Kinh | J225: =VLOOKUP($B225,'DS nhan HPTN'!$B:$L,3,0) -> S25-64LG1 | K225: =VLOOKUP($J225,'DL tạo lớp'!$B:$C,2,0) -> K64 | L225: 3.24 | M225: =VLOOKUP($B225,'DS nhan HPTN'!$B:$L,7,0) -> Giải pháp thúc đẩy xuất khẩu thiết bị may của Công ty TNHH Thương mại Dịch vụ Thiết bị Gia Nghi sang thị trường Trung Quốc | N225: =VLOOKUP($B225,'DS nhan HPTN'!$B:$L,8,0) -> ThS. Nguyễn Thị Hồng Hạnh | O225: 0 | P225: =VLOOKUP($B225,'DS nhan HPTN'!$B:$L,10,0) -> Logistics và quản lý chuỗi cung ứng | Q225: =VLOOKUP($B225,'DS nhan HPTN'!$B:$L,11,0) -> Kế toán & Quản trị kinh doanh | R225: Chính quy
A226: 225 | B226: 2254078795 | C226: =VLOOKUP($B226,'DS nhan HPTN'!$B:$L,2,0) -> Huỳnh Đức Khắc Tâm | D226: =VLOOKUP($B226,'DL DSDV PH'!B:F,5,0) -> 26/04/2004 | E226: =VLOOKUP(B226,Sheet4!D:I,5,0) -> 26/04/2004 | F226: =IF(D226=E226,"T","F") -> T | G226: =VLOOKUP(B226,Sheet4!D:I,6,0) -> 054204002415 | H226: =VLOOKUP($B226,Sheet4!$D:$M,8,0) -> Đắk Lắk | I226: =VLOOKUP($B226,Sheet4!$D:$M,9,0) -> Kinh | J226: =VLOOKUP($B226,'DS nhan HPTN'!$B:$L,3,0) -> S25-64LG1 | K226: =VLOOKUP($J226,'DL tạo lớp'!$B:$C,2,0) -> K64 | L226: 2.76 | M226: =VLOOKUP($B226,'DS nhan HPTN'!$B:$L,7,0) -> Thực trạng hoạt động giao nhận hàng nhập khẩu nguyên container bằng đường biển của Công ty TNHH Giao nhận Vận tải và Thương mại Quốc tế TNT | N226: =VLOOKUP($B226,'DS nhan HPTN'!$B:$L,8,0) -> ThS. Trần Đức Thành | O226: ThS. Phạm Thị Duấn | P226: =VLOOKUP($B226,'DS nhan HPTN'!$B:$L,10,0) -> Logistics và quản lý chuỗi cung ứng | Q226: =VLOOKUP($B226,'DS nhan HPTN'!$B:$L,11,0) -> Kế toán & Quản trị kinh doanh | R226: Chính quy
A227: 226 | B227: 2254078796 | C227: =VLOOKUP($B227,'DS nhan HPTN'!$B:$L,2,0) -> Nguyễn Hoàng Thái | D227: =VLOOKUP($B227,'DL DSDV PH'!B:F,5,0) -> 29/02/2004 | E227: =VLOOKUP(B227,Sheet4!D:I,5,0) -> 29/02/2004 | F227: =IF(D227=E227,"T","F") -> T | G227: =VLOOKUP(B227,Sheet4!D:I,6,0) -> 079204021719 | H227: =VLOOKUP($B227,Sheet4!$D:$M,8,0) -> Thành phố Hồ Chí Minh | I227: =VLOOKUP($B227,Sheet4!$D:$M,9,0) -> Kinh | J227: =VLOOKUP($B227,'DS nhan HPTN'!$B:$L,3,0) -> S25-64LG1 | K227: =VLOOKUP($J227,'DL tạo lớp'!$B:$C,2,0) -> K64 | L227: 2.4 | M227: =VLOOKUP($B227,'DS nhan HPTN'!$B:$L,7,0) -> Thực trạng và giải pháp quy trình vận hành kho tại Công ty Cổ phần Thịnh Thế Vinh Hoa | N227: =VLOOKUP($B227,'DS nhan HPTN'!$B:$L,8,0) -> ThS. Trần Đức Thành | O227: ThS. Phạm Thị Duấn | P227: =VLOOKUP($B227,'DS nhan HPTN'!$B:$L,10,0) -> Logistics và quản lý chuỗi cung ứng | Q227: =VLOOKUP($B227,'DS nhan HPTN'!$B:$L,11,0) -> Kế toán & Quản trị kinh doanh | R227: Chính quy
A228: 227 | B228: 2254078834 | C228: =VLOOKUP($B228,'DS nhan HPTN'!$B:$L,2,0) -> Nguyễn Kim Tuấn | D228: =VLOOKUP($B228,'DL DSDV PH'!B:F,5,0) -> 08/06/2002 | E228: =VLOOKUP(B228,Sheet4!D:I,5,0) -> 08/06/2002 | F228: =IF(D228=E228,"T","F") -> T | G228: =VLOOKUP(B228,Sheet4!D:I,6,0) -> 079202001361 | H228: =VLOOKUP($B228,Sheet4!$D:$M,8,0) -> Thành phố Hồ Chí Minh | I228: =VLOOKUP($B228,Sheet4!$D:$M,9,0) -> Hoa | J228: =VLOOKUP($B228,'DS nhan HPTN'!$B:$L,3,0) -> S25-64LG1 | K228: =VLOOKUP($J228,'DL tạo lớp'!$B:$C,2,0) -> K64 | L228: 3.4 | M228: =VLOOKUP($B228,'DS nhan HPTN'!$B:$L,7,0) -> Hoạt động giao nhận nhập khẩu lô hàng lẻ bằng đường biển tại Công ty TNHH Vận tải Miên Sơn | N228: =VLOOKUP($B228,'DS nhan HPTN'!$B:$L,8,0) -> TS. Nguyễn Nam Thắng | O228: 0 | P228: =VLOOKUP($B228,'DS nhan HPTN'!$B:$L,10,0) -> Logistics và quản lý chuỗi cung ứng | Q228: =VLOOKUP($B228,'DS nhan HPTN'!$B:$L,11,0) -> Kế toán & Quản trị kinh doanh | R228: Chính quy
A229: 228 | B229: 2254078661 | C229: =VLOOKUP($B229,'DS nhan HPTN'!$B:$L,2,0) -> Đào Quang Đức Anh | D229: =VLOOKUP($B229,'DL DSDV PH'!B:F,5,0) -> 09/03/2004 | E229: =VLOOKUP(B229,Sheet4!D:I,5,0) -> 09/03/2004 | F229: =IF(D229=E229,"T","F") -> T | G229: =VLOOKUP(B229,Sheet4!D:I,6,0) -> 070204000156 | H229: =VLOOKUP($B229,Sheet4!$D:$M,8,0) -> Đồng Nai | I229: =VLOOKUP($B229,Sheet4!$D:$M,9,0) -> Kinh | J229: =VLOOKUP($B229,'DS nhan HPTN'!$B:$L,3,0) -> S25-64LG2 | K229: =VLOOKUP($J229,'DL tạo lớp'!$B:$C,2,0) -> K64 | L229: 2.76 | M229: =VLOOKUP($B229,'DS nhan HPTN'!$B:$L,7,0) -> Một số giải pháp hoàn thiện quy trình xuất khẩu hàng hóa nguyên container tại Công ty TNHH Asian Cargo International | N229: =VLOOKUP($B229,'DS nhan HPTN'!$B:$L,8,0) -> TS. Nguyễn Nam Thắng | O229: 0 | P229: =VLOOKUP($B229,'DS nhan HPTN'!$B:$L,10,0) -> Logistics và quản lý chuỗi cung ứng | Q229: =VLOOKUP($B229,'DS nhan HPTN'!$B:$L,11,0) -> Kế toán & Quản trị kinh doanh | R229: Chính quy
A230: 229 | B230: 2254078695 | C230: =VLOOKUP($B230,'DS nhan HPTN'!$B:$L,2,0) -> Nguyễn Thị Ngân Hà | D230: =VLOOKUP($B230,'DL DSDV PH'!B:F,5,0) -> 19/05/2004 | E230: =VLOOKUP(B230,Sheet4!D:I,5,0) -> 19/05/2004 | F230: =IF(D230=E230,"T","F") -> T | G230: =VLOOKUP(B230,Sheet4!D:I,6,0) -> 075304002319 | H230: =VLOOKUP($B230,Sheet4!$D:$M,8,0) -> Đồng Nai | I230: =VLOOKUP($B230,Sheet4!$D:$M,9,0) -> Kinh | J230: =VLOOKUP($B230,'DS nhan HPTN'!$B:$L,3,0) -> S25-64LG2 | K230: =VLOOKUP($J230,'DL tạo lớp'!$B:$C,2,0) -> K64 | L230: 3.04 | M230: =VLOOKUP($B230,'DS nhan HPTN'!$B:$L,7,0) -> Giải pháp hoàn thiện công tác thu mua nguyên vật liệu trong chuỗi cung ứng tại Công ty TNHH Aldila Composite Products | N230: =VLOOKUP($B230,'DS nhan HPTN'!$B:$L,8,0) -> ThS. Nguyễn Thị Hồng Hạnh | O230: 0 | P230: =VLOOKUP($B230,'DS nhan HPTN'!$B:$L,10,0) -> Logistics và quản lý chuỗi cung ứng | Q230: =VLOOKUP($B230,'DS nhan HPTN'!$B:$L,11,0) -> Kế toán & Quản trị kinh doanh | R230: Chính quy
A231: 230 | B231: 2254078735 | C231: =VLOOKUP($B231,'DS nhan HPTN'!$B:$L,2,0) -> Nguyễn Phương Nhật Linh | D231: =VLOOKUP($B231,'DL DSDV PH'!B:F,5,0) -> 24/08/2004 | E231: =VLOOKUP(B231,Sheet4!D:I,5,0) -> 24/08/2004 | F231: =IF(D231=E231,"T","F") -> T | G231: =VLOOKUP(B231,Sheet4!D:I,6,0) -> 056304005280 | H231: =VLOOKUP($B231,Sheet4!$D:$M,8,0) -> Khánh Hoà | I231: =VLOOKUP($B231,Sheet4!$D:$M,9,0) -> Kinh | J231: =VLOOKUP($B231,'DS nhan HPTN'!$B:$L,3,0) -> S25-64LG2 | K231: =VLOOKUP($J231,'DL tạo lớp'!$B:$C,2,0) -> K64 | L231: 2.57 | M231: =VLOOKUP($B231,'DS nhan HPTN'!$B:$L,7,0) -> Thực trạng nghiệp vụ giao nhận hàng nguyên container xuất khẩu bằng đường biển tại Công ty TNHH Thương mại & Dịch vụ Xuất Nhập Khẩu Phát Khang | N231: =VLOOKUP($B231,'DS nhan HPTN'!$B:$L,8,0) -> ThS. Nguyễn Thị Hồng Hạnh | O231: 0 | P231: =VLOOKUP($B231,'DS nhan HPTN'!$B:$L,10,0) -> Logistics và quản lý chuỗi cung ứng | Q231: =VLOOKUP($B231,'DS nhan HPTN'!$B:$L,11,0) -> Kế toán & Quản trị kinh doanh | R231: Chính quy
A232: 231 | B232: 2254078793 | C232: =VLOOKUP($B232,'DS nhan HPTN'!$B:$L,2,0) -> Phạm Minh Sang | D232: =VLOOKUP($B232,'DL DSDV PH'!B:F,5,0) -> 26/09/2004 | E232: =VLOOKUP(B232,Sheet4!D:I,5,0) -> 26/09/2004 | F232: =IF(D232=E232,"T","F") -> T | G232: =VLOOKUP(B232,Sheet4!D:I,6,0) -> 070204003722 | H232: =VLOOKUP($B232,Sheet4!$D:$M,8,0) -> Đồng Nai | I232: =VLOOKUP($B232,Sheet4!$D:$M,9,0) -> Kinh | J232: =VLOOKUP($B232,'DS nhan HPTN'!$B:$L,3,0) -> S25-64LG2 | K232: =VLOOKUP($J232,'DL tạo lớp'!$B:$C,2,0) -> K64 | L232: 3.49 | M232: =VLOOKUP($B232,'DS nhan HPTN'!$B:$L,7,0) -> Thực trạng và giải pháp hoàn thiện hoạt động Logistics đầu vào tại Công ty TNHH Quảng cáo Thương mại Bằng Phương ("SQUARE") | N232: =VLOOKUP($B232,'DS nhan HPTN'!$B:$L,8,0) -> ThS. Nguyễn Thị Hồng Hạnh | O232: 0 | P232: =VLOOKUP($B232,'DS nhan HPTN'!$B:$L,10,0) -> Logistics và quản lý chuỗi cung ứng | Q232: =VLOOKUP($B232,'DS nhan HPTN'!$B:$L,11,0) -> Kế toán & Quản trị kinh doanh | R232: Chính quy
A233: 232 | B233: 2254078737 | C233: =VLOOKUP($B233,'DS nhan HPTN'!$B:$L,2,0) -> Nguyễn Thị Trúc Loan | D233: =VLOOKUP($B233,'DL DSDV PH'!B:F,5,0) -> 28/11/2004 | E233: =VLOOKUP(B233,Sheet4!D:I,5,0) -> 28/11/2004 | F233: =IF(D233=E233,"T","F") -> T | G233: =VLOOKUP(B233,Sheet4!D:I,6,0) -> 052304000500 | H233: =VLOOKUP($B233,Sheet4!$D:$M,8,0) -> Gia Lai | I233: =VLOOKUP($B233,Sheet4!$D:$M,9,0) -> Kinh | J233: =VLOOKUP($B233,'DS nhan HPTN'!$B:$L,3,0) -> S25-64LG2 | K233: =VLOOKUP($J233,'DL tạo lớp'!$B:$C,2,0) -> K64 | L233: 3.15 | M233: =VLOOKUP($B233,'DS nhan HPTN'!$B:$L,7,0) -> Phân tích thực trạng chất lượng dịch vụ giao nhận hàng hoá bằng đường biển tại Công ty TNHH Vận tải Miên Sơn | N233: =VLOOKUP($B233,'DS nhan HPTN'!$B:$L,8,0) -> ThS. Nguyễn Thị Hồng Hạnh | O233: 0 | P233: =VLOOKUP($B233,'DS nhan HPTN'!$B:$L,10,0) -> Logistics và quản lý chuỗi cung ứng | Q233: =VLOOKUP($B233,'DS nhan HPTN'!$B:$L,11,0) -> Kế toán & Quản trị kinh doanh | R233: Chính quy
A234: 233 | B234: 2254078751 | C234: =VLOOKUP($B234,'DS nhan HPTN'!$B:$L,2,0) -> Huỳnh Thị Kim Ngân | D234: =VLOOKUP($B234,'DL DSDV PH'!B:F,5,0) -> 27/04/2004 | E234: =VLOOKUP(B234,Sheet4!D:I,5,0) -> 27/04/2004 | F234: =IF(D234=E234,"T","F") -> T | G234: =VLOOKUP(B234,Sheet4!D:I,6,0) -> 087304015938 | H234: =VLOOKUP($B234,Sheet4!$D:$M,8,0) -> Đồng Tháp | I234: =VLOOKUP($B234,Sheet4!$D:$M,9,0) -> Kinh | J234: =VLOOKUP($B234,'DS nhan HPTN'!$B:$L,3,0) -> S25-64LG2 | K234: =VLOOKUP($J234,'DL tạo lớp'!$B:$C,2,0) -> K64 | L234: 3.24 | M234: =VLOOKUP($B234,'DS nhan HPTN'!$B:$L,7,0) -> Quản trị ngoại lệ và tối ưu hóa luồng thông tin trong chuỗi cung ứng đầu ra phân khúc Xuất khẩu tại Công ty TNHH Lotte F&G Việt Nam | N234: =VLOOKUP($B234,'DS nhan HPTN'!$B:$L,8,0) -> ThS. Nguyễn Thị Hồng Hạnh | O234: 0 | P234: =VLOOKUP($B234,'DS nhan HPTN'!$B:$L,10,0) -> Logistics và quản lý chuỗi cung ứng | Q234: =VLOOKUP($B234,'DS nhan HPTN'!$B:$L,11,0) -> Kế toán & Quản trị kinh doanh | R234: Chính quy
A235: 234 | B235: 2254078771 | C235: =VLOOKUP($B235,'DS nhan HPTN'!$B:$L,2,0) -> Hồ Thị Thúy Oanh | D235: =VLOOKUP($B235,'DL DSDV PH'!B:F,5,0) -> 12/05/2003 | E235: =VLOOKUP(B235,Sheet4!D:I,5,0) -> 12/05/2003 | F235: =IF(D235=E235,"T","F") -> T | G235: =VLOOKUP(B235,Sheet4!D:I,6,0) -> 092303005995 | H235: =VLOOKUP($B235,Sheet4!$D:$M,8,0) -> Cần Thơ | I235: =VLOOKUP($B235,Sheet4!$D:$M,9,0) -> Kinh | J235: =VLOOKUP($B235,'DS nhan HPTN'!$B:$L,3,0) -> S25-64LG2 | K235: =VLOOKUP($J235,'DL tạo lớp'!$B:$C,2,0) -> K64 | L235: 3.1 | M235: =VLOOKUP($B235,'DS nhan HPTN'!$B:$L,7,0) -> Một số giải pháp thúc đẩy hoạt động giao nhận hàng hóa xuất khẩu bằng đường biển tại Công ty TNHH Asian Cargo International | N235: =VLOOKUP($B235,'DS nhan HPTN'!$B:$L,8,0) -> TS. Nguyễn Nam Thắng | O235: 0 | P235: =VLOOKUP($B235,'DS nhan HPTN'!$B:$L,10,0) -> Logistics và quản lý chuỗi cung ứng | Q235: =VLOOKUP($B235,'DS nhan HPTN'!$B:$L,11,0) -> Kế toán & Quản trị kinh doanh | R235: Chính quy
A236: 235 | B236: 2254078685 | C236: =VLOOKUP($B236,'DS nhan HPTN'!$B:$L,2,0) -> Đặng Thị Tâm Đan | D236: =VLOOKUP($B236,'DL DSDV PH'!B:F,5,0) -> 26/01/2004 | E236: =VLOOKUP(B236,Sheet4!D:I,5,0) -> 26/01/2004 | F236: =IF(D236=E236,"T","F") -> T | G236: =VLOOKUP(B236,Sheet4!D:I,6,0) -> 051304000646 | H236: =VLOOKUP($B236,Sheet4!$D:$M,8,0) -> Quảng Ngãi | I236: =VLOOKUP($B236,Sheet4!$D:$M,9,0) -> Kinh | J236: =VLOOKUP($B236,'DS nhan HPTN'!$B:$L,3,0) -> S25-64LG2 | K236: =VLOOKUP($J236,'DL tạo lớp'!$B:$C,2,0) -> K64 | L236: 2.3 | M236: =VLOOKUP($B236,'DS nhan HPTN'!$B:$L,7,0) -> Tổng hợp phân tích đánh giá dữ liệu hàng tồn kho đề xuất các giải pháp thông minh tại Công ty Cổ phần Logistics U&I | N236: =VLOOKUP($B236,'DS nhan HPTN'!$B:$L,8,0) -> TS. Nguyễn Nam Thắng | O236: 0 | P236: =VLOOKUP($B236,'DS nhan HPTN'!$B:$L,10,0) -> Logistics và quản lý chuỗi cung ứng | Q236: =VLOOKUP($B236,'DS nhan HPTN'!$B:$L,11,0) -> Kế toán & Quản trị kinh doanh | R236: Chính quy
A237: 236 | B237: 2254078828 | C237: =VLOOKUP($B237,'DS nhan HPTN'!$B:$L,2,0) -> Trần Kiều Trinh | D237: =VLOOKUP($B237,'DL DSDV PH'!B:F,5,0) -> 23/10/2003 | E237: =VLOOKUP(B237,Sheet4!D:I,5,0) -> 23/10/2003 | F237: =IF(D237=E237,"T","F") -> T | G237: =VLOOKUP(B237,Sheet4!D:I,6,0) -> 086303000494 | H237: =VLOOKUP($B237,Sheet4!$D:$M,8,0) -> Vĩnh Long | I237: =VLOOKUP($B237,Sheet4!$D:$M,9,0) -> Kinh | J237: =VLOOKUP($B237,'DS nhan HPTN'!$B:$L,3,0) -> S25-64LG2 | K237: =VLOOKUP($J237,'DL tạo lớp'!$B:$C,2,0) -> K64 | L237: 2.63 | M237: =VLOOKUP($B237,'DS nhan HPTN'!$B:$L,7,0) -> Một số hàm ý quản trị tồn kho thiết bị, vật tư tại Công ty TNHH Công Nghệ và Dịch Vụ Nhất Tín | N237: =VLOOKUP($B237,'DS nhan HPTN'!$B:$L,8,0) -> TS. Nguyễn Nam Thắng | O237: 0 | P237: =VLOOKUP($B237,'DS nhan HPTN'!$B:$L,10,0) -> Logistics và quản lý chuỗi cung ứng | Q237: =VLOOKUP($B237,'DS nhan HPTN'!$B:$L,11,0) -> Kế toán & Quản trị kinh doanh | R237: Chính quy
A238: 237 | B238: 2254078663 | C238: =VLOOKUP($B238,'DS nhan HPTN'!$B:$L,2,0) -> Nguyễn Thị Mai Anh | D238: =VLOOKUP($B238,'DL DSDV PH'!B:F,5,0) -> 24/04/2004 | E238: =VLOOKUP(B238,Sheet4!D:I,5,0) -> 24/04/2004 | F238: =IF(D238=E238,"T","F") -> T | G238: =VLOOKUP(B238,Sheet4!D:I,6,0) -> 066304001931 | H238: =VLOOKUP($B238,Sheet4!$D:$M,8,0) -> Đắk lắk | I238: =VLOOKUP($B238,Sheet4!$D:$M,9,0) -> Kinh | J238: =VLOOKUP($B238,'DS nhan HPTN'!$B:$L,3,0) -> S25-64LG2 | K238: =VLOOKUP($J238,'DL tạo lớp'!$B:$C,2,0) -> K64 | L238: 2.73 | M238: =VLOOKUP($B238,'DS nhan HPTN'!$B:$L,7,0) -> Giải pháp nâng cao hiệu quả hoạt động chuỗi cung ứng tại Công ty TNHH Đầu tư Dịch vụ HumVentures | N238: =VLOOKUP($B238,'DS nhan HPTN'!$B:$L,8,0) -> ThS. Nguyễn Thị Hồng Hạnh | O238: 0 | P238: =VLOOKUP($B238,'DS nhan HPTN'!$B:$L,10,0) -> Logistics và quản lý chuỗi cung ứng | Q238: =VLOOKUP($B238,'DS nhan HPTN'!$B:$L,11,0) -> Kế toán & Quản trị kinh doanh | R238: Chính quy
A239: 238 | B239: 2254078711 | C239: =VLOOKUP($B239,'DS nhan HPTN'!$B:$L,2,0) -> Nguyễn Thới Hòa | D239: =VLOOKUP($B239,'DL DSDV PH'!B:F,5,0) -> 27/09/2004 | E239: =VLOOKUP(B239,Sheet4!D:I,5,0) -> 27/09/2004 | F239: =IF(D239=E239,"T","F") -> T | G239: =VLOOKUP(B239,Sheet4!D:I,6,0) -> 077204006190 | H239: =VLOOKUP($B239,Sheet4!$D:$M,8,0) -> Thành phố Hồ Chí Minh | I239: =VLOOKUP($B239,Sheet4!$D:$M,9,0) -> Kinh | J239: =VLOOKUP($B239,'DS nhan HPTN'!$B:$L,3,0) -> S25-64LG2 | K239: =VLOOKUP($J239,'DL tạo lớp'!$B:$C,2,0) -> K64 | L239: 2.34 | M239: =VLOOKUP($B239,'DS nhan HPTN'!$B:$L,7,0) -> Thực trạng hoạt động kinh doanh và vận hành dịch vụ logistics tại Công ty TNHH Starlight Global Logistics | N239: =VLOOKUP($B239,'DS nhan HPTN'!$B:$L,8,0) -> ThS. Nguyễn Thị Hồng Hạnh | O239: 0 | P239: =VLOOKUP($B239,'DS nhan HPTN'!$B:$L,10,0) -> Logistics và quản lý chuỗi cung ứng | Q239: =VLOOKUP($B239,'DS nhan HPTN'!$B:$L,11,0) -> Kế toán & Quản trị kinh doanh | R239: Chính quy
... A263: 262 | B263: 2254078721 | C263: =VLOOKUP($B263,'DS nhan HPTN'!$B:$L,2,0) -> Nguyễn Thị Diệu Hương | D263: =VLOOKUP($B263,'DL DSDV PH'!B:F,5,0) -> 04/05/2004 | E263: =VLOOKUP(B263,Sheet4!D:I,5,0) -> 04/05/2004 | F263: =IF(D263=E263,"T","F") -> T | G263: =VLOOKUP(B263,Sheet4!D:I,6,0) -> 054304002733 | H263: =VLOOKUP($B263,Sheet4!$D:$M,8,0) -> Đắk Lắk | I263: =VLOOKUP($B263,Sheet4!$D:$M,9,0) -> Kinh | J263: =VLOOKUP($B263,'DS nhan HPTN'!$B:$L,3,0) -> S25-64LG2 | K263: =VLOOKUP($J263,'DL tạo lớp'!$B:$C,2,0) -> K64 | L263: 2.48 | M263: =VLOOKUP($B263,'DS nhan HPTN'!$B:$L,7,0) -> Hoàn thiện quy trình giao nhận hàng hóa xuất khẩu nguyên container bằng đường biển tại Công ty TNHH Vận tải Miên Sơn | N263: =VLOOKUP($B263,'DS nhan HPTN'!$B:$L,8,0) -> TS. Hà Kiên Tân | O263: 0 | P263: =VLOOKUP($B263,'DS nhan HPTN'!$B:$L,10,0) -> Logistics và quản lý chuỗi cung ứng | Q263: =VLOOKUP($B263,'DS nhan HPTN'!$B:$L,11,0) -> Kế toán & Quản trị kinh doanh | R263: Chính quy
A264: 263 | B264: 2254078715 | C264: =VLOOKUP($B264,'DS nhan HPTN'!$B:$L,2,0) -> Trần Nguyễn Khải Hoàn | D264: =VLOOKUP($B264,'DL DSDV PH'!B:F,5,0) -> 22/09/2004 | E264: =VLOOKUP(B264,Sheet4!D:I,5,0) -> 22/09/2004 | F264: =IF(D264=E264,"T","F") -> T | G264: =VLOOKUP(B264,Sheet4!D:I,6,0) -> 058304001243 | H264: =VLOOKUP($B264,Sheet4!$D:$M,8,0) -> Khánh Hoà | I264: =VLOOKUP($B264,Sheet4!$D:$M,9,0) -> Kinh | J264: =VLOOKUP($B264,'DS nhan HPTN'!$B:$L,3,0) -> S25-64LG2 | K264: =VLOOKUP($J264,'DL tạo lớp'!$B:$C,2,0) -> K64 | L264: 2.41 | M264: =VLOOKUP($B264,'DS nhan HPTN'!$B:$L,7,0) -> Thực trạng quy trình xử lý chứng từ hàng hoá xuất khẩu vận chuyển bằng đường hàng không tại Công ty Cổ phần Trans Pacific Global | N264: =VLOOKUP($B264,'DS nhan HPTN'!$B:$L,8,0) -> ThS. Trần Đức Thành | O264: ThS. Phạm Thị Duấn | P264: =VLOOKUP($B264,'DS nhan HPTN'!$B:$L,10,0) -> Logistics và quản lý chuỗi cung ứng | Q264: =VLOOKUP($B264,'DS nhan HPTN'!$B:$L,11,0) -> Kế toán & Quản trị kinh doanh | R264: Chính quy
A265: 264 | B265: 2154077809 | C265: =VLOOKUP($B265,'DS nhan HPTN'!$B:$L,2,0) -> Nguyễn Ngọc Gia Hân | D265: =VLOOKUP($B265,'DL DSDV PH'!B:F,5,0) -> 14/11/2003 | E265: =VLOOKUP(B265,Sheet4!D:I,5,0) -> 14/11/2003 | F265: =IF(D265=E265,"T","F") -> T | G265: =VLOOKUP(B265,Sheet4!D:I,6,0) -> 082303016815 | H265: =VLOOKUP($B265,Sheet4!$D:$M,8,0) -> Đồng Tháp | I265: =VLOOKUP($B265,Sheet4!$D:$M,9,0) -> Kinh | J265: =VLOOKUP($B265,'DS nhan HPTN'!$B:$L,3,0) -> S24-63LG2 | K265: =VLOOKUP($J265,'DL tạo lớp'!$B:$C,2,0) -> K63 | L265: 2.37 | M265: =VLOOKUP($B265,'DS nhan HPTN'!$B:$L,7,0) -> Hoàn thiện nghiệp vụ khai báo Hải quan điện tử đối với hàng hóa xuất khẩu tại Công ty TNHH Thép Kim Trường Hưng | N265: =VLOOKUP($B265,'DS nhan HPTN'!$B:$L,8,0) -> TS. Hà Kiên Tân | O265: 0 | P265: =VLOOKUP($B265,'DS nhan HPTN'!$B:$L,10,0) -> Logistics và quản lý chuỗi cung ứng | Q265: =VLOOKUP($B265,'DS nhan HPTN'!$B:$L,11,0) -> Kế toán & Quản trị kinh doanh | R265: Chính quy
A266: 265 | B266: 2254078713 | C266: =VLOOKUP($B266,'DS nhan HPTN'!$B:$L,2,0) -> Nguyễn Thị Xuân Hoài | D266: =VLOOKUP($B266,'DL DSDV PH'!B:F,5,0) -> 19/06/2004 | E266: =VLOOKUP(B266,Sheet4!D:I,5,0) -> 19/06/2004 | F266: =IF(D266=E266,"T","F") -> T | G266: =VLOOKUP(B266,Sheet4!D:I,6,0) -> 086304001246 | H266: =VLOOKUP($B266,Sheet4!$D:$M,8,0) -> Khánh Hòa | I266: =VLOOKUP($B266,Sheet4!$D:$M,9,0) -> Kinh | J266: =VLOOKUP($B266,'DS nhan HPTN'!$B:$L,3,0) -> S25-64LG2 | K266: =VLOOKUP($J266,'DL tạo lớp'!$B:$C,2,0) -> K64 | L266: 2.61 | M266: =VLOOKUP($B266,'DS nhan HPTN'!$B:$L,7,0) -> Hoàn thiện quy trình xuất khẩu hàng nguyên container bằng đường biển tại Công ty TNHH TMDV Thịnh Phát Logistics | N266: =VLOOKUP($B266,'DS nhan HPTN'!$B:$L,8,0) -> TS. Hà Kiên Tân | O266: 0 | P266: =VLOOKUP($B266,'DS nhan HPTN'!$B:$L,10,0) -> Logistics và quản lý chuỗi cung ứng | Q266: =VLOOKUP($B266,'DS nhan HPTN'!$B:$L,11,0) -> Kế toán & Quản trị kinh doanh | R266: Chính quy
A267: 266 | B267: 2254078736 | C267: =VLOOKUP($B267,'DS nhan HPTN'!$B:$L,2,0) -> Trần Thị Thùy Linh | D267: =VLOOKUP($B267,'DL DSDV PH'!B:F,5,0) -> 15/06/2004 | E267: =VLOOKUP(B267,Sheet4!D:I,5,0) -> 15/06/2004 | F267: =IF(D267=E267,"T","F") -> T | G267: =VLOOKUP(B267,Sheet4!D:I,6,0) -> 075304003218 | H267: =VLOOKUP($B267,Sheet4!$D:$M,8,0) -> Đồng Nai | I267: =VLOOKUP($B267,Sheet4!$D:$M,9,0) -> Kinh | J267: =VLOOKUP($B267,'DS nhan HPTN'!$B:$L,3,0) -> S25-64LG1 | K267: =VLOOKUP($J267,'DL tạo lớp'!$B:$C,2,0) -> K64 | L267: 2.95 | M267: =VLOOKUP($B267,'DS nhan HPTN'!$B:$L,7,0) -> Thực trạng quy trình xử lý chứng từ hàng xuất khẩu (LCL) bằng đường biển tại Công ty cổ phần Trans Pacific Global | N267: =VLOOKUP($B267,'DS nhan HPTN'!$B:$L,8,0) -> ThS. Trần Đức Thành | O267: ThS. Phạm Thị Duấn | P267: =VLOOKUP($B267,'DS nhan HPTN'!$B:$L,10,0) -> Logistics và quản lý chuỗi cung ứng | Q267: =VLOOKUP($B267,'DS nhan HPTN'!$B:$L,11,0) -> Kế toán & Quản trị kinh doanh | R267: Chính quy
A268: 267 | B268: 2154077835 | C268: =VLOOKUP($B268,'DS nhan HPTN'!$B:$L,2,0) -> Đỗ Ngọc Kiều Thi | D268: =VLOOKUP($B268,'DL DSDV PH'!B:F,5,0) -> 29/01/2003 | E268: =VLOOKUP(B268,Sheet4!D:I,5,0) -> 29/01/2003 | F268: =IF(D268=E268,"T","F") -> T | G268: =VLOOKUP(B268,Sheet4!D:I,6,0) -> 079303030703 | H268: =VLOOKUP($B268,Sheet4!$D:$M,8,0) -> Thành phố Hồ Chí Minh | I268: =VLOOKUP($B268,Sheet4!$D:$M,9,0) -> Kinh | J268: =VLOOKUP($B268,'DS nhan HPTN'!$B:$L,3,0) -> S24-63LG1 | K268: =VLOOKUP($J268,'DL tạo lớp'!$B:$C,2,0) -> K63 | L268: 2.98 | M268: =VLOOKUP($B268,'DS nhan HPTN'!$B:$L,7,0) -> Hoàn thiện hoạt động logistics đầu ra tại Công ty Cổ phần que hàn Việt Đức | N268: =VLOOKUP($B268,'DS nhan HPTN'!$B:$L,8,0) -> TS. Hà Kiên Tân | O268: 0 | P268: =VLOOKUP($B268,'DS nhan HPTN'!$B:$L,10,0) -> Logistics và quản lý chuỗi cung ứng | Q268: =VLOOKUP($B268,'DS nhan HPTN'!$B:$L,11,0) -> Kế toán & Quản trị kinh doanh | R268: Chính quy
A269: 268 | B269: 2254078693 | C269: =VLOOKUP($B269,'DS nhan HPTN'!$B:$L,2,0) -> Nguyễn Phan Tấn Đức | D269: =VLOOKUP($B269,'DL DSDV PH'!B:F,5,0) -> 26/06/2004 | E269: =VLOOKUP(B269,Sheet4!D:I,5,0) -> 26/06/2004 | F269: =IF(D269=E269,"T","F") -> T | G269: =VLOOKUP(B269,Sheet4!D:I,6,0) -> 087204017370 | H269: =VLOOKUP($B269,Sheet4!$D:$M,8,0) -> Đồng Tháp | I269: =VLOOKUP($B269,Sheet4!$D:$M,9,0) -> Kinh | J269: =VLOOKUP($B269,'DS nhan HPTN'!$B:$L,3,0) -> S25-64LG2 | K269: =VLOOKUP($J269,'DL tạo lớp'!$B:$C,2,0) -> K64 | L269: 2.89 | M269: =VLOOKUP($B269,'DS nhan HPTN'!$B:$L,7,0) -> Hoàn thiện quy trình thu mua nguyên vật liệu sầu riêng phục vụ chế biến xuất khẩu tại Công ty TNHH Westernfarm | N269: =VLOOKUP($B269,'DS nhan HPTN'!$B:$L,8,0) -> TS. Hà Kiên Tân | O269: 0 | P269: =VLOOKUP($B269,'DS nhan HPTN'!$B:$L,10,0) -> Logistics và quản lý chuỗi cung ứng | Q269: =VLOOKUP($B269,'DS nhan HPTN'!$B:$L,11,0) -> Kế toán & Quản trị kinh doanh | R269: Chính quy
A270: 269 | B270: 2254078803 | C270: =VLOOKUP($B270,'DS nhan HPTN'!$B:$L,2,0) -> Vũ Thị Anh Thơ | D270: =VLOOKUP($B270,'DL DSDV PH'!B:F,5,0) -> 14/08/2004 | E270: =VLOOKUP(B270,Sheet4!D:I,5,0) -> 14/08/2004 | F270: =IF(D270=E270,"T","F") -> T | G270: =VLOOKUP(B270,Sheet4!D:I,6,0) -> 095304004596 | H270: =VLOOKUP($B270,Sheet4!$D:$M,8,0) -> Cà Mau | I270: =VLOOKUP($B270,Sheet4!$D:$M,9,0) -> Kinh | J270: =VLOOKUP($B270,'DS nhan HPTN'!$B:$L,3,0) -> S25-64LG2 | K270: =VLOOKUP($J270,'DL tạo lớp'!$B:$C,2,0) -> K64 | L270: 2.76 | M270: =VLOOKUP($B270,'DS nhan HPTN'!$B:$L,7,0) -> Hoàn thiện quy trình vận tải hàng lẻ tại Công ty Cổ phần Tập đoàn ITL | N270: =VLOOKUP($B270,'DS nhan HPTN'!$B:$L,8,0) -> TS. Hà Kiên Tân | O270: 0 | P270: =VLOOKUP($B270,'DS nhan HPTN'!$B:$L,10,0) -> Logistics và quản lý chuỗi cung ứng | Q270: =VLOOKUP($B270,'DS nhan HPTN'!$B:$L,11,0) -> Kế toán & Quản trị kinh doanh | R270: Chính quy
A271: 270 | B271: 2254078772 | C271: =VLOOKUP($B271,'DS nhan HPTN'!$B:$L,2,0) -> Ngô Tấn Phát | D271: =VLOOKUP($B271,'DL DSDV PH'!B:F,5,0) -> 23/11/2004 | E271: =VLOOKUP(B271,Sheet4!D:I,5,0) -> 23/11/2004 | F271: =IF(D271=E271,"T","F") -> T | G271: =VLOOKUP(B271,Sheet4!D:I,6,0) -> 087204002421 | H271: =VLOOKUP($B271,Sheet4!$D:$M,8,0) -> An Giang | I271: =VLOOKUP($B271,Sheet4!$D:$M,9,0) -> Kinh | J271: =VLOOKUP($B271,'DS nhan HPTN'!$B:$L,3,0) -> S25-64LG1 | K271: =VLOOKUP($J271,'DL tạo lớp'!$B:$C,2,0) -> K64 | L271: 2.13 | M271: =VLOOKUP($B271,'DS nhan HPTN'!$B:$L,7,0) -> Hoàn thiện hoạt động nhập khẩu hàng hoá trang thiết bị y tế tại Công ty Cổ phần Công Nghệ Nam Đại Dương | N271: =VLOOKUP($B271,'DS nhan HPTN'!$B:$L,8,0) -> TS. Hà Kiên Tân | O271: 0 | P271: =VLOOKUP($B271,'DS nhan HPTN'!$B:$L,10,0) -> Logistics và quản lý chuỗi cung ứng | Q271: =VLOOKUP($B271,'DS nhan HPTN'!$B:$L,11,0) -> Kế toán & Quản trị kinh doanh | R271: Chính quy
A272: 271 | B272: 2154077874 | C272: =VLOOKUP($B272,'DS nhan HPTN'!$B:$L,2,0) -> Ngô Nguyên Bình | D272: =VLOOKUP($B272,'DL DSDV PH'!B:F,5,0) -> 17/04/2003 | E272: =VLOOKUP(B272,Sheet4!D:I,5,0) -> 17/04/2003 | F272: =IF(D272=E272,"T","F") -> T | G272: =VLOOKUP(B272,Sheet4!D:I,6,0) -> 080203001295 | H272: =VLOOKUP($B272,Sheet4!$D:$M,8,0) -> Tây Ninh | I272: =VLOOKUP($B272,Sheet4!$D:$M,9,0) -> Kinh | J272: =VLOOKUP($B272,'DS nhan HPTN'!$B:$L,3,0) -> S24-63LG1 | K272: =VLOOKUP($J272,'DL tạo lớp'!$B:$C,2,0) -> K63 | L272: 1.92 | M272: =VLOOKUP($B272,'DS nhan HPTN'!$B:$L,7,0) -> Hoàn thiện quy trình giao nhận hàng hóa xuất khẩu nguyên container tại Công Ty Cổ Phần SME Worldwide Logistics | N272: =VLOOKUP($B272,'DS nhan HPTN'!$B:$L,8,0) -> TS. Hà Kiên Tân | O272: 0 | P272: =VLOOKUP($B272,'DS nhan HPTN'!$B:$L,10,0) -> Logistics và quản lý chuỗi cung ứng | Q272: =VLOOKUP($B272,'DS nhan HPTN'!$B:$L,11,0) -> Kế toán & Quản trị kinh doanh | R272: Chính quy
A273: 272 | B273: 2254078809 | C273: =VLOOKUP($B273,'DS nhan HPTN'!$B:$L,2,0) -> Phan Thị Thu Thương | D273: =VLOOKUP($B273,'DL DSDV PH'!B:F,5,0) -> 04/12/2004 | E273: =VLOOKUP(B273,Sheet4!D:I,5,0) -> 04/12/2004 | F273: =IF(D273=E273,"T","F") -> T | G273: =VLOOKUP(B273,Sheet4!D:I,6,0) -> 052304010807 | H273: =VLOOKUP($B273,Sheet4!$D:$M,8,0) -> Gia Lai | I273: =VLOOKUP($B273,Sheet4!$D:$M,9,0) -> Kinh | J273: =VLOOKUP($B273,'DS nhan HPTN'!$B:$L,3,0) -> S25-64LG2 | K273: =VLOOKUP($J273,'DL tạo lớp'!$B:$C,2,0) -> K64 | L273: 2.95 | M273: =VLOOKUP($B273,'DS nhan HPTN'!$B:$L,7,0) -> Hoàn thiện hoạt động giao nhận hàng hóa nhập khẩu nguyên container bằng đường biển tại Công ty Cổ phần tiếp vận miền Nam | N273: =VLOOKUP($B273,'DS nhan HPTN'!$B:$L,8,0) -> TS. Hà Kiên Tân | O273: 0 | P273: =VLOOKUP($B273,'DS nhan HPTN'!$B:$L,10,0) -> Logistics và quản lý chuỗi cung ứng | Q273: =VLOOKUP($B273,'DS nhan HPTN'!$B:$L,11,0) -> Kế toán & Quản trị kinh doanh | R273: Chính quy
A274: 273 | B274: 2154077872 | C274: =VLOOKUP($B274,'DS nhan HPTN'!$B:$L,2,0) -> Phan Thị Thanh Thảo | D274: =VLOOKUP($B274,'DL DSDV PH'!B:F,5,0) -> 29/07/2003 | E274: =VLOOKUP(B274,Sheet4!D:I,5,0) -> 29/07/2003 | F274: =IF(D274=E274,"T","F") -> T | G274: =VLOOKUP(B274,Sheet4!D:I,6,0) -> 066303006221 | H274: =VLOOKUP($B274,Sheet4!$D:$M,8,0) -> Đắk Lắk | I274: =VLOOKUP($B274,Sheet4!$D:$M,9,0) -> Kinh | J274: =VLOOKUP($B274,'DS nhan HPTN'!$B:$L,3,0) -> S24-63LG1 | K274: =VLOOKUP($J274,'DL tạo lớp'!$B:$C,2,0) -> K63 | L274: 2.19 | M274: =VLOOKUP($B274,'DS nhan HPTN'!$B:$L,7,0) -> Tổ chức thực hiện nghiệp vụ giao nhận hàng xuất khẩu bằng đường biển tại Công ty TNHH Asian Cargo International | N274: =VLOOKUP($B274,'DS nhan HPTN'!$B:$L,8,0) -> TS. Hà Kiên Tân | O274: 0 | P274: =VLOOKUP($B274,'DS nhan HPTN'!$B:$L,10,0) -> Logistics và quản lý chuỗi cung ứng | Q274: =VLOOKUP($B274,'DS nhan HPTN'!$B:$L,11,0) -> Kế toán & Quản trị kinh doanh | R274: Chính quy
A275: 274 | B275: 2254078731 | C275: =VLOOKUP($B275,'DS nhan HPTN'!$B:$L,2,0) -> Võ Thị Mỹ Lệ | D275: =VLOOKUP($B275,'DL DSDV PH'!B:F,5,0) -> 26/03/2004 | E275: =VLOOKUP(B275,Sheet4!D:I,5,0) -> 26/03/2004 | F275: =IF(D275=E275,"T","F") -> T | G275: =VLOOKUP(B275,Sheet4!D:I,6,0) -> 052304014969 | H275: =VLOOKUP($B275,Sheet4!$D:$M,8,0) -> Gia Lai | I275: =VLOOKUP($B275,Sheet4!$D:$M,9,0) -> Kinh | J275: =VLOOKUP($B275,'DS nhan HPTN'!$B:$L,3,0) -> S25-64LG2 | K275: =VLOOKUP($J275,'DL tạo lớp'!$B:$C,2,0) -> K64 | L275: 1.99 | M275: =VLOOKUP($B275,'DS nhan HPTN'!$B:$L,7,0) -> Hoàn thiện quy trình giao nhận hàng hóa xuất khẩu nguyên container tại Công ty TNHH Xuất nhập khẩu Phát Khang | N275: =VLOOKUP($B275,'DS nhan HPTN'!$B:$L,8,0) -> TS. Hà Kiên Tân | O275: 0 | P275: =VLOOKUP($B275,'DS nhan HPTN'!$B:$L,10,0) -> Logistics và quản lý chuỗi cung ứng | Q275: =VLOOKUP($B275,'DS nhan HPTN'!$B:$L,11,0) -> Kế toán & Quản trị kinh doanh | R275: Chính quy
A276: 275 | B276: 2254078720 | C276: =VLOOKUP($B276,'DS nhan HPTN'!$B:$L,2,0) -> Tô Thành Hưng | D276: =VLOOKUP($B276,'DL DSDV PH'!B:F,5,0) -> 13/04/2004 | E276: =VLOOKUP(B276,Sheet4!D:I,5,0) -> 13/04/2004 | F276: =IF(D276=E276,"T","F") -> T | G276: =VLOOKUP(B276,Sheet4!D:I,6,0) -> 052204006361 | H276: =VLOOKUP($B276,Sheet4!$D:$M,8,0) -> Gia Lai | I276: =VLOOKUP($B276,Sheet4!$D:$M,9,0) -> Kinh | J276: =VLOOKUP($B276,'DS nhan HPTN'!$B:$L,3,0) -> S25-64LG1 | K276: =VLOOKUP($J276,'DL tạo lớp'!$B:$C,2,0) -> K64 | L276: 2.59 | M276: =VLOOKUP($B276,'DS nhan HPTN'!$B:$L,7,0) -> Hoàn thiện hoạt động giao nhận hàng hóa xuất khẩu bằng đường biển tại Công ty TNHH Asian Cargo International | N276: =VLOOKUP($B276,'DS nhan HPTN'!$B:$L,8,0) -> TS. Hà Kiên Tân | O276: 0 | P276: =VLOOKUP($B276,'DS nhan HPTN'!$B:$L,10,0) -> Logistics và quản lý chuỗi cung ứng | Q276: =VLOOKUP($B276,'DS nhan HPTN'!$B:$L,11,0) -> Kế toán & Quản trị kinh doanh | R276: Chính quy
A277: 276 | B277: 2154077853 | C277: =VLOOKUP($B277,'DS nhan HPTN'!$B:$L,2,0) -> Phạm Minh Quốc | D277: =VLOOKUP($B277,'DL DSDV PH'!B:F,5,0) -> 19/07/2003 | E277: =VLOOKUP(B277,Sheet4!D:I,5,0) -> 19/07/2003 | F277: =IF(D277=E277,"T","F") -> T | G277: =VLOOKUP(B277,Sheet4!D:I,6,0) -> 064203005568 | H277: =VLOOKUP($B277,Sheet4!$D:$M,8,0) -> Gia Lai | I277: =VLOOKUP($B277,Sheet4!$D:$M,9,0) -> Kinh | J277: =VLOOKUP($B277,'DS nhan HPTN'!$B:$L,3,0) -> S24-63LG1 | K277: =VLOOKUP($J277,'DL tạo lớp'!$B:$C,2,0) -> K63 | L277: 1.98 | M277: =VLOOKUP($B277,'DS nhan HPTN'!$B:$L,7,0) -> Hoàn thiện quy trình xuất khẩu hàng hoá nguyên container bằng đường biển tại Công ty TNHH Vận tải Miên Sơn | N277: =VLOOKUP($B277,'DS nhan HPTN'!$B:$L,8,0) -> TS. Hà Kiên Tân | O277: 0 | P277: =VLOOKUP($B277,'DS nhan HPTN'!$B:$L,10,0) -> Logistics và quản lý chuỗi cung ứng | Q277: =VLOOKUP($B277,'DS nhan HPTN'!$B:$L,11,0) -> Kế toán & Quản trị kinh doanh | R277: Chính quy
A278: 277 | B278: 2254078750 | C278: =VLOOKUP($B278,'DS nhan HPTN'!$B:$L,2,0) -> Bùi Hoàng Kim Ngân | D278: =VLOOKUP($B278,'DL DSDV PH'!B:F,5,0) -> 10/08/2004 | E278: =VLOOKUP(B278,Sheet4!D:I,5,0) -> 10/08/2004 | F278: =IF(D278=E278,"T","F") -> T | G278: =VLOOKUP(B278,Sheet4!D:I,6,0) -> 060304010700 | H278: =VLOOKUP($B278,Sheet4!$D:$M,8,0) -> Lâm Đồng | I278: =VLOOKUP($B278,Sheet4!$D:$M,9,0) -> Kinh | J278: =VLOOKUP($B278,'DS nhan HPTN'!$B:$L,3,0) -> S25-64LG1 | K278: =VLOOKUP($J278,'DL tạo lớp'!$B:$C,2,0) -> K64 | L278: 2.54 | M278: =VLOOKUP($B278,'DS nhan HPTN'!$B:$L,7,0) -> Giải pháp nâng cao chất lượng dịch vụ giao nhận vận tải hàng hóa tại Công ty Cổ Phần Giao Nhận Vận Tải Quốc Tế PT | N278: =VLOOKUP($B278,'DS nhan HPTN'!$B:$L,8,0) -> ThS. Trần Đức Thành | O278: ThS. Phạm Thị Duấn | P278: =VLOOKUP($B278,'DS nhan HPTN'!$B:$L,10,0) -> Logistics và quản lý chuỗi cung ứng | Q278: =VLOOKUP($B278,'DS nhan HPTN'!$B:$L,11,0) -> Kế toán & Quản trị kinh doanh | R278: Chính quy
A279: 278 | B279: 2254078754 | C279: =VLOOKUP($B279,'DS nhan HPTN'!$B:$L,2,0) -> Nguyễn Kim Ngọc | D279: =VLOOKUP($B279,'DL DSDV PH'!B:F,5,0) -> 03/04/2004 | E279: =VLOOKUP(B279,Sheet4!D:I,5,0) -> 03/04/2004 | F279: =IF(D279=E279,"T","F") -> T | G279: =VLOOKUP(B279,Sheet4!D:I,6,0) -> 087304000561 | H279: =VLOOKUP($B279,Sheet4!$D:$M,8,0) -> Đồng Tháp | I279: =VLOOKUP($B279,Sheet4!$D:$M,9,0) -> Kinh | J279: =VLOOKUP($B279,'DS nhan HPTN'!$B:$L,3,0) -> S25-64LG1 | K279: =VLOOKUP($J279,'DL tạo lớp'!$B:$C,2,0) -> K64 | L279: 2.97 | M279: =VLOOKUP($B279,'DS nhan HPTN'!$B:$L,7,0) -> Giải pháp phát triển kinh doanh Công ty TNHH Thương Mại và Dịch Vụ Sbay | N279: =VLOOKUP($B279,'DS nhan HPTN'!$B:$L,8,0) -> ThS. Trần Đức Thành | O279: ThS. Phạm Thị Duấn | P279: =VLOOKUP($B279,'DS nhan HPTN'!$B:$L,10,0) -> Logistics và quản lý chuỗi cung ứng | Q279: =VLOOKUP($B279,'DS nhan HPTN'!$B:$L,11,0) -> Kế toán & Quản trị kinh doanh | R279: Chính quy
A280: 279 | B280: 2254078752 | C280: =VLOOKUP($B280,'DS nhan HPTN'!$B:$L,2,0) -> Nguyễn Trung Ngân | D280: =VLOOKUP($B280,'DL DSDV PH'!B:F,5,0) -> 05/08/2004 | E280: =VLOOKUP(B280,Sheet4!D:I,5,0) -> 05/08/2004 | F280: =IF(D280=E280,"T","F") -> T | G280: =VLOOKUP(B280,Sheet4!D:I,6,0) -> 066304001326 | H280: =VLOOKUP($B280,Sheet4!$D:$M,8,0) -> Đắk lắk | I280: =VLOOKUP($B280,Sheet4!$D:$M,9,0) -> Kinh | J280: =VLOOKUP($B280,'DS nhan HPTN'!$B:$L,3,0) -> S25-64LG1 | K280: =VLOOKUP($J280,'DL tạo lớp'!$B:$C,2,0) -> K64 | L280: 3.18 | M280: =VLOOKUP($B280,'DS nhan HPTN'!$B:$L,7,0) -> Giải pháp nâng cao hiệu quả hoạt động giao nhận hàng nguyên container bằng đường biển nội địa tại Công ty Cổ phần VIMC Logistics | N280: =VLOOKUP($B280,'DS nhan HPTN'!$B:$L,8,0) -> ThS. Trần Đức Thành | O280: ThS. Phạm Thị Duấn | P280: =VLOOKUP($B280,'DS nhan HPTN'!$B:$L,10,0) -> Logistics và quản lý chuỗi cung ứng | Q280: =VLOOKUP($B280,'DS nhan HPTN'!$B:$L,11,0) -> Kế toán & Quản trị kinh doanh | R280: Chính quy
A281: 280 | B281: 2254078816 | C281: =VLOOKUP($B281,'DS nhan HPTN'!$B:$L,2,0) -> Lê Thanh Trà | D281: =VLOOKUP($B281,'DL DSDV PH'!B:F,5,0) -> 29/11/2003 | E281: =VLOOKUP(B281,Sheet4!D:I,5,0) -> 29/11/2003 | F281: =IF(D281=E281,"T","F") -> T | G281: =VLOOKUP(B281,Sheet4!D:I,6,0) -> 066303009568 | H281: =VLOOKUP($B281,Sheet4!$D:$M,8,0) -> Đắk lắk | I281: =VLOOKUP($B281,Sheet4!$D:$M,9,0) -> Kinh | J281: =VLOOKUP($B281,'DS nhan HPTN'!$B:$L,3,0) -> S25-64LG1 | K281: =VLOOKUP($J281,'DL tạo lớp'!$B:$C,2,0) -> K64 | L281: 2.83 | M281: =VLOOKUP($B281,'DS nhan HPTN'!$B:$L,7,0) -> Giải pháp nâng cao hiệu quả khai thác hàng rời tại Công ty Cổ phần Cảng Cửa Ngõ Sài Gòn | N281: =VLOOKUP($B281,'DS nhan HPTN'!$B:$L,8,0) -> ThS. Trần Đức Thành | O281: ThS. Phạm Thị Duấn | P281: =VLOOKUP($B281,'DS nhan HPTN'!$B:$L,10,0) -> Logistics và quản lý chuỗi cung ứng | Q281: =VLOOKUP($B281,'DS nhan HPTN'!$B:$L,11,0) -> Kế toán & Quản trị kinh doanh | R281: Chính quy
A282: 281 | B282: 2254078780 | C282: =VLOOKUP($B282,'DS nhan HPTN'!$B:$L,2,0) -> Võ Thị Mỹ Phương | D282: =VLOOKUP($B282,'DL DSDV PH'!B:F,5,0) -> 17/05/2004 | E282: =VLOOKUP(B282,Sheet4!D:I,5,0) -> 17/05/2004 | F282: =IF(D282=E282,"T","F") -> T | G282: =VLOOKUP(B282,Sheet4!D:I,6,0) -> 091304002798 | H282: =VLOOKUP($B282,Sheet4!$D:$M,8,0) -> Kiên Giang | I282: =VLOOKUP($B282,Sheet4!$D:$M,9,0) -> Kinh | J282: =VLOOKUP($B282,'DS nhan HPTN'!$B:$L,3,0) -> S25-64LG1 | K282: =VLOOKUP($J282,'DL tạo lớp'!$B:$C,2,0) -> K64 | L282: 2.55 | M282: =VLOOKUP($B282,'DS nhan HPTN'!$B:$L,7,0) -> Thực trạng quy trình quản lý kho hàng tại Công ty TNHH Thương mại Và Đầu tư New Generation | N282: =VLOOKUP($B282,'DS nhan HPTN'!$B:$L,8,0) -> ThS. Trần Đức Thành | O282: ThS. Phạm Thị Duấn | P282: =VLOOKUP($B282,'DS nhan HPTN'!$B:$L,10,0) -> Logistics và quản lý chuỗi cung ứng | Q282: =VLOOKUP($B282,'DS nhan HPTN'!$B:$L,11,0) -> Kế toán & Quản trị kinh doanh | R282: Chính quy
A283: 282 | B283: 2254078746 | C283: =VLOOKUP($B283,'DS nhan HPTN'!$B:$L,2,0) -> Trần Hà My | D283: =VLOOKUP($B283,'DL DSDV PH'!B:F,5,0) -> 26/07/2004 | E283: =VLOOKUP(B283,Sheet4!D:I,5,0) -> 26/07/2004 | F283: =IF(D283=E283,"T","F") -> T | G283: =VLOOKUP(B283,Sheet4!D:I,6,0) -> 092304007862 | H283: =VLOOKUP($B283,Sheet4!$D:$M,8,0) -> An Giang | I283: =VLOOKUP($B283,Sheet4!$D:$M,9,0) -> Kinh | J283: =VLOOKUP($B283,'DS nhan HPTN'!$B:$L,3,0) -> S25-64LG1 | K283: =VLOOKUP($J283,'DL tạo lớp'!$B:$C,2,0) -> K64 | L283: 2.77 | M283: =VLOOKUP($B283,'DS nhan HPTN'!$B:$L,7,0) -> Thực trạng quy trình giao nhận hàng hóa xuất nhập khẩu nguyên container (FCL) bằng đường biển tại Công ty TNHH Parners & Brothers Logistics | N283: =VLOOKUP($B283,'DS nhan HPTN'!$B:$L,8,0) -> ThS. Trần Đức Thành | O283: ThS. Phạm Thị Duấn | P283: =VLOOKUP($B283,'DS nhan HPTN'!$B:$L,10,0) -> Logistics và quản lý chuỗi cung ứng | Q283: =VLOOKUP($B283,'DS nhan HPTN'!$B:$L,11,0) -> Kế toán & Quản trị kinh doanh | R283: Chính quy
A284: 283 | B284: 2254078666 | C284: =VLOOKUP($B284,'DS nhan HPTN'!$B:$L,2,0) -> Trần Phương Anh | D284: =VLOOKUP($B284,'DL DSDV PH'!B:F,5,0) -> 18/09/2004 | E284: =VLOOKUP(B284,Sheet4!D:I,5,0) -> 18/09/2004 | F284: =IF(D284=E284,"T","F") -> T | G284: =VLOOKUP(B284,Sheet4!D:I,6,0) -> 089304006024 | H284: =VLOOKUP($B284,Sheet4!$D:$M,8,0) -> Thành phố Hồ Chí Minh | I284: =VLOOKUP($B284,Sheet4!$D:$M,9,0) -> Kinh | J284: =VLOOKUP($B284,'DS nhan HPTN'!$B:$L,3,0) -> S25-64LG1 | K284: =VLOOKUP($J284,'DL tạo lớp'!$B:$C,2,0) -> K64 | L284: 2.83 | M284: =VLOOKUP($B284,'DS nhan HPTN'!$B:$L,7,0) -> Thực trạng hoạt động giao nhận hàng nguyên container (FCL) bằng đường biển tại Công ty TNHH Tiếp vận Chí Minh | N284: =VLOOKUP($B284,'DS nhan HPTN'!$B:$L,8,0) -> ThS. Trần Đức Thành | O284: ThS. Phạm Thị Duấn | P284: =VLOOKUP($B284,'DS nhan HPTN'!$B:$L,10,0) -> Logistics và quản lý chuỗi cung ứng | Q284: =VLOOKUP($B284,'DS nhan HPTN'!$B:$L,11,0) -> Kế toán & Quản trị kinh doanh | R284: Chính quy
A285: 284 | B285: 2254078784 | C285: =VLOOKUP($B285,'DS nhan HPTN'!$B:$L,2,0) -> Lý Thị Ngọc Quý | D285: =VLOOKUP($B285,'DL DSDV PH'!B:F,5,0) -> 24/10/2004 | E285: =VLOOKUP(B285,Sheet4!D:I,5,0) -> 24/10/2004 | F285: =IF(D285=E285,"T","F") -> T | G285: =VLOOKUP(B285,Sheet4!D:I,6,0) -> 052304004198 | H285: =VLOOKUP($B285,Sheet4!$D:$M,8,0) -> Gia Lai | I285: =VLOOKUP($B285,Sheet4!$D:$M,9,0) -> Kinh | J285: =VLOOKUP($B285,'DS nhan HPTN'!$B:$L,3,0) -> S25-64LG1 | K285: =VLOOKUP($J285,'DL tạo lớp'!$B:$C,2,0) -> K64 | L285: 3.3 | M285: =VLOOKUP($B285,'DS nhan HPTN'!$B:$L,7,0) -> Thực trạng quy trình khai báo hải quan và thông quan hàng hóa nhập khẩu tại Công ty Cổ phần Vantage Logistics | N285: =VLOOKUP($B285,'DS nhan HPTN'!$B:$L,8,0) -> ThS. Trần Đức Thành | O285: ThS. Phạm Thị Duấn | P285: =VLOOKUP($B285,'DS nhan HPTN'!$B:$L,10,0) -> Logistics và quản lý chuỗi cung ứng | Q285: =VLOOKUP($B285,'DS nhan HPTN'!$B:$L,11,0) -> Kế toán & Quản trị kinh doanh | R285: Chính quy
A286: 285 | B286: 2254078708 | C286: =VLOOKUP($B286,'DS nhan HPTN'!$B:$L,2,0) -> Nguyễn Mỹ Hiệp | D286: =VLOOKUP($B286,'DL DSDV PH'!B:F,5,0) -> 23/12/2004 | E286: =VLOOKUP(B286,Sheet4!D:I,5,0) -> 23/12/2004 | F286: =IF(D286=E286,"T","F") -> T | G286: =VLOOKUP(B286,Sheet4!D:I,6,0) -> 054304005020 | H286: =VLOOKUP($B286,Sheet4!$D:$M,8,0) -> Đắk Lắk | I286: =VLOOKUP($B286,Sheet4!$D:$M,9,0) -> Kinh | J286: =VLOOKUP($B286,'DS nhan HPTN'!$B:$L,3,0) -> S25-64LG1 | K286: =VLOOKUP($J286,'DL tạo lớp'!$B:$C,2,0) -> K64 | L286: 3.56 | M286: =VLOOKUP($B286,'DS nhan HPTN'!$B:$L,7,0) -> Giải pháp nâng cao hiệu quả vận hành kho bãi tại Công ty Cổ phần Công nghệ Sen Đỏ | N286: =VLOOKUP($B286,'DS nhan HPTN'!$B:$L,8,0) -> ThS. Trần Đức Thành | O286: ThS. Phạm Thị Duấn | P286: =VLOOKUP($B286,'DS nhan HPTN'!$B:$L,10,0) -> Logistics và quản lý chuỗi cung ứng | Q286: =VLOOKUP($B286,'DS nhan HPTN'!$B:$L,11,0) -> Kế toán & Quản trị kinh doanh | R286: Chính quy
A287: 286 | B287: 2254078710 | C287: =VLOOKUP($B287,'DS nhan HPTN'!$B:$L,2,0) -> Võ Quốc Hiếu | D287: =VLOOKUP($B287,'DL DSDV PH'!B:F,5,0) -> 26/02/2004 | E287: =VLOOKUP(B287,Sheet4!D:I,5,0) -> 26/02/2004 | F287: =IF(D287=E287,"T","F") -> T | G287: =VLOOKUP(B287,Sheet4!D:I,6,0) -> 064204013582 | H287: =VLOOKUP($B287,Sheet4!$D:$M,8,0) -> Gia Lai | I287: =VLOOKUP($B287,Sheet4!$D:$M,9,0) -> Kinh | J287: =VLOOKUP($B287,'DS nhan HPTN'!$B:$L,3,0) -> S25-64LG1 | K287: =VLOOKUP($J287,'DL tạo lớp'!$B:$C,2,0) -> K64 | L287: 2.8 | M287: =VLOOKUP($B287,'DS nhan HPTN'!$B:$L,7,0) -> Giải pháp nâng cao hiệu quả kinh doanh dịch vụ giao nhận hàng hoá quốc tế bằng đường biển tại Công ty Gatelink Việt Nam | N287: =VLOOKUP($B287,'DS nhan HPTN'!$B:$L,8,0) -> ThS. Trần Đức Thành | O287: ThS. Phạm Thị Duấn | P287: =VLOOKUP($B287,'DS nhan HPTN'!$B:$L,10,0) -> Logistics và quản lý chuỗi cung ứng | Q287: =VLOOKUP($B287,'DS nhan HPTN'!$B:$L,11,0) -> Kế toán & Quản trị kinh doanh | R287: Chính quy
A288: 287 | B288: 2254078729 | C288: =VLOOKUP($B288,'DS nhan HPTN'!$B:$L,2,0) -> Nguyễn Thị Kim Lan | D288: =VLOOKUP($B288,'DL DSDV PH'!B:F,5,0) -> 29/04/2004 | E288: =VLOOKUP(B288,Sheet4!D:I,5,0) -> 29/04/2004 | F288: =IF(D288=E288,"T","F") -> T | G288: =VLOOKUP(B288,Sheet4!D:I,6,0) -> 049304000217 | H288: =VLOOKUP($B288,Sheet4!$D:$M,8,0) -> Quảng Nam | I288: =VLOOKUP($B288,Sheet4!$D:$M,9,0) -> Kinh | J288: =VLOOKUP($B288,'DS nhan HPTN'!$B:$L,3,0) -> S25-64LG1 | K288: =VLOOKUP($J288,'DL tạo lớp'!$B:$C,2,0) -> K64 | L288: 3.34 | M288: =VLOOKUP($B288,'DS nhan HPTN'!$B:$L,7,0) -> Thực trạng quy trình khai báo hải quan đối với hàng hóa nhập khẩu LCL bằng đường biển tại Công ty TNHH Giải pháp Hàng hải Quốc tế Bình Phú | N288: =VLOOKUP($B288,'DS nhan HPTN'!$B:$L,8,0) -> ThS. Trần Đức Thành | O288: ThS. Phạm Thị Duấn | P288: =VLOOKUP($B288,'DS nhan HPTN'!$B:$L,10,0) -> Logistics và quản lý chuỗi cung ứng | Q288: =VLOOKUP($B288,'DS nhan HPTN'!$B:$L,11,0) -> Kế toán & Quản trị kinh doanh | R288: Chính quy
A289: 288 | B289: 2254078676 | C289: =VLOOKUP($B289,'DS nhan HPTN'!$B:$L,2,0) -> Ngô Đức Chiến | D289: =VLOOKUP($B289,'DL DSDV PH'!B:F,5,0) -> 04/04/2003 | E289: =VLOOKUP(B289,Sheet4!D:I,5,0) -> 04/04/2003 | F289: =IF(D289=E289,"T","F") -> T | G289: =VLOOKUP(B289,Sheet4!D:I,6,0) -> 075203017649 | H289: =VLOOKUP($B289,Sheet4!$D:$M,8,0) -> Thành phố Hồ Chí Minh | I289: =VLOOKUP($B289,Sheet4!$D:$M,9,0) -> Kinh | J289: =VLOOKUP($B289,'DS nhan HPTN'!$B:$L,3,0) -> S25-64LG1 | K289: =VLOOKUP($J289,'DL tạo lớp'!$B:$C,2,0) -> K64 | L289: 2.47 | M289: =VLOOKUP($B289,'DS nhan HPTN'!$B:$L,7,0) -> Thực trạng quy trình xuất khẩu hàng hóa tại Công ty Cổ phần Bưu Vận Nội Địa Và Quốc tế Đông Dương | N289: =VLOOKUP($B289,'DS nhan HPTN'!$B:$L,8,0) -> ThS. Trần Đức Thành | O289: ThS. Phạm Thị Duấn | P289: =VLOOKUP($B289,'DS nhan HPTN'!$B:$L,10,0) -> Logistics và quản lý chuỗi cung ứng | Q289: =VLOOKUP($B289,'DS nhan HPTN'!$B:$L,11,0) -> Kế toán & Quản trị kinh doanh | R289: Chính quy
... A302: 301 | B302: 2154077386 | C302: =VLOOKUP($B302,'DS nhan HPTN'!$B:$L,2,0) -> Nguyễn Thị Phương Minh | D302: =VLOOKUP($B302,'DL DSDV PH'!B:F,5,0) -> 22/12/2003 | E302: =VLOOKUP(B302,Sheet4!D:I,5,0) -> 22/12/2003 | F302: =IF(D302=E302,"T","F") -> T | G302: =VLOOKUP(B302,Sheet4!D:I,6,0) -> 067303006773 | H302: =VLOOKUP($B302,Sheet4!$D:$M,8,0) -> Đắk Lắk | I302: =VLOOKUP($B302,Sheet4!$D:$M,9,0) -> Kinh | J302: =VLOOKUP($B302,'DS nhan HPTN'!$B:$L,3,0) -> S24-63LG2 | K302: =VLOOKUP($J302,'DL tạo lớp'!$B:$C,2,0) -> K63 | L302: 2.48 | M302: =VLOOKUP($B302,'DS nhan HPTN'!$B:$L,7,0) -> Giải pháp nâng cao trải nghiệm của khách hàng thông qua ứng dụng AI và Chatbot tại Công ty TNHH MTV CPN Thuận Phong (J&T Express) | N302: =VLOOKUP($B302,'DS nhan HPTN'!$B:$L,8,0) -> ThS. Trần Đức Thành | O302: ThS. Phạm Thị Duấn | P302: =VLOOKUP($B302,'DS nhan HPTN'!$B:$L,10,0) -> Logistics và quản lý chuỗi cung ứng | Q302: =VLOOKUP($B302,'DS nhan HPTN'!$B:$L,11,0) -> Kế toán & Quản trị kinh doanh | R302: Chính quy
A303: 302 | B303: 2154077182 | C303: =VLOOKUP($B303,'DS nhan HPTN'!$B:$L,2,0) -> Nguyễn Kim Ngân | D303: =VLOOKUP($B303,'DL DSDV PH'!B:F,5,0) -> 06/09/2003 | E303: =VLOOKUP(B303,Sheet4!D:I,5,0) -> 06/09/2003 | F303: =IF(D303=E303,"T","F") -> T | G303: =VLOOKUP(B303,Sheet4!D:I,6,0) -> 096303015981 | H303: =VLOOKUP($B303,Sheet4!$D:$M,8,0) -> Cà Mau | I303: =VLOOKUP($B303,Sheet4!$D:$M,9,0) -> Kinh | J303: =VLOOKUP($B303,'DS nhan HPTN'!$B:$L,3,0) -> S24-63LG2 | K303: =VLOOKUP($J303,'DL tạo lớp'!$B:$C,2,0) -> K63 | L303: 1.93 | M303: =VLOOKUP($B303,'DS nhan HPTN'!$B:$L,7,0) -> Giải pháp hoàn thiện hoạt động chuỗi cung ứng nguyên vật liệu tại Công ty TNHH Hinh Ngọc Long | N303: =VLOOKUP($B303,'DS nhan HPTN'!$B:$L,8,0) -> TS. Hà Kiên Tân | O303: 0 | P303: =VLOOKUP($B303,'DS nhan HPTN'!$B:$L,10,0) -> Logistics và quản lý chuỗi cung ứng | Q303: =VLOOKUP($B303,'DS nhan HPTN'!$B:$L,11,0) -> Kế toán & Quản trị kinh doanh | R303: Chính quy
A304: 303 | B304: 2154077901 | C304: =VLOOKUP($B304,'DS nhan HPTN'!$B:$L,2,0) -> Lê Thị Sáu | D304: =VLOOKUP($B304,'DL DSDV PH'!B:F,5,0) -> 10/01/2003 | E304: =VLOOKUP(B304,Sheet4!D:I,5,0) -> 10/01/2003 | F304: =IF(D304=E304,"T","F") -> T | G304: =VLOOKUP(B304,Sheet4!D:I,6,0) -> 049303001692 | H304: =VLOOKUP($B304,Sheet4!$D:$M,8,0) -> Đà Nẵng | I304: =VLOOKUP($B304,Sheet4!$D:$M,9,0) -> Kinh | J304: =VLOOKUP($B304,'DS nhan HPTN'!$B:$L,3,0) -> S24-63LG2 | K304: =VLOOKUP($J304,'DL tạo lớp'!$B:$C,2,0) -> K63 | L304: 2.02 | M304: =VLOOKUP($B304,'DS nhan HPTN'!$B:$L,7,0) -> Giải pháp thúc đẩy hoạt động xuất khẩu sản phẩm đồ chơi thú cưng từ gỗ cà phê tại Công ty TNHH Xuất nhập khẩu EXPAD | N304: =VLOOKUP($B304,'DS nhan HPTN'!$B:$L,8,0) -> ThS. Trần Đức Thành | O304: ThS. Phạm Thị Duấn | P304: =VLOOKUP($B304,'DS nhan HPTN'!$B:$L,10,0) -> Logistics và quản lý chuỗi cung ứng | Q304: =VLOOKUP($B304,'DS nhan HPTN'!$B:$L,11,0) -> Kế toán & Quản trị kinh doanh | R304: Chính quy
A305: 304 | B305: 2154077844 | C305: =VLOOKUP($B305,'DS nhan HPTN'!$B:$L,2,0) -> Trương Thị Hoài Bắc | D305: =VLOOKUP($B305,'DL DSDV PH'!B:F,5,0) -> 21/10/2003 | E305: =VLOOKUP(B305,Sheet4!D:I,5,0) -> 21/10/2003 | F305: =IF(D305=E305,"T","F") -> T | G305: =VLOOKUP(B305,Sheet4!D:I,6,0) -> 038303006932 | H305: =VLOOKUP($B305,Sheet4!$D:$M,8,0) -> Thanh Hoá | I305: =VLOOKUP($B305,Sheet4!$D:$M,9,0) -> Kinh | J305: =VLOOKUP($B305,'DS nhan HPTN'!$B:$L,3,0) -> S24-63LG2 | K305: =VLOOKUP($J305,'DL tạo lớp'!$B:$C,2,0) -> K63 | L305: 2.4 | M305: =VLOOKUP($B305,'DS nhan HPTN'!$B:$L,7,0) -> Thực trạng quy trình khai báo hải quan hàng hóa nhập khẩu tại Công ty Cổ Phần Giao nhận vận tải Con Ong | N305: =VLOOKUP($B305,'DS nhan HPTN'!$B:$L,8,0) -> ThS. Trần Đức Thành | O305: ThS. Phạm Thị Duấn | P305: =VLOOKUP($B305,'DS nhan HPTN'!$B:$L,10,0) -> Logistics và quản lý chuỗi cung ứng | Q305: =VLOOKUP($B305,'DS nhan HPTN'!$B:$L,11,0) -> Kế toán & Quản trị kinh doanh | R305: Chính quy
A306: 305 | B306: 2254078845 | C306: =VLOOKUP($B306,'DS nhan HPTN'!$B:$L,2,0) -> Nguyễn Hà Xuân | D306: =VLOOKUP($B306,'DL DSDV PH'!B:F,5,0) -> 23/01/2004 | E306: =VLOOKUP(B306,Sheet4!D:I,5,0) -> 23/01/2004 | F306: =IF(D306=E306,"T","F") -> T | G306: =VLOOKUP(B306,Sheet4!D:I,6,0) -> 080304010899 | H306: =VLOOKUP($B306,Sheet4!$D:$M,8,0) -> Tây Ninh | I306: =VLOOKUP($B306,Sheet4!$D:$M,9,0) -> Kinh | J306: =VLOOKUP($B306,'DS nhan HPTN'!$B:$L,3,0) -> S25-64LG2 | K306: =VLOOKUP($J306,'DL tạo lớp'!$B:$C,2,0) -> K64 | L306: 2.63 | M306: =VLOOKUP($B306,'DS nhan HPTN'!$B:$L,7,0) -> Quy trình lập xử lý bộ chứng từ xuất khẩu xoài cát chu sang thị trường Hàn Quốc tại Công ty Cổ phần Thực phẩm Hùng Hậu | N306: =VLOOKUP($B306,'DS nhan HPTN'!$B:$L,8,0) -> TS. Nguyễn Nam Thắng | O306: 0 | P306: =VLOOKUP($B306,'DS nhan HPTN'!$B:$L,10,0) -> Logistics và quản lý chuỗi cung ứng | Q306: =VLOOKUP($B306,'DS nhan HPTN'!$B:$L,11,0) -> Kế toán & Quản trị kinh doanh | R306: Chính quy
A307: 306 | B307: 2154077312 | C307: =VLOOKUP($B307,'DS nhan HPTN'!$B:$L,2,0) -> Nguyễn Phúc Vĩnh Thành | D307: =VLOOKUP($B307,'DL DSDV PH'!B:F,5,0) -> 10/10/2003 | E307: =VLOOKUP(B307,Sheet4!D:I,5,0) -> 10/10/2003 | F307: =IF(D307=E307,"T","F") -> T | G307: =VLOOKUP(B307,Sheet4!D:I,6,0) -> 077203003661 | H307: =VLOOKUP($B307,Sheet4!$D:$M,8,0) -> Thành phố Hồ Chí Minh | I307: =VLOOKUP($B307,Sheet4!$D:$M,9,0) -> Kinh | J307: =VLOOKUP($B307,'DS nhan HPTN'!$B:$L,3,0) -> S24-63LG2 | K307: =VLOOKUP($J307,'DL tạo lớp'!$B:$C,2,0) -> K63 | L307: 1.93 | M307: =VLOOKUP($B307,'DS nhan HPTN'!$B:$L,7,0) -> Hoàn thiện hoạt động nhập khẩu hàng hoá của Công ty TNHH Phát triển Công nghệ LINACO Miền Nam | N307: =VLOOKUP($B307,'DS nhan HPTN'!$B:$L,8,0) -> TS. Trần Văn Biên | O307: 0 | P307: =VLOOKUP($B307,'DS nhan HPTN'!$B:$L,10,0) -> Logistics và quản lý chuỗi cung ứng | Q307: =VLOOKUP($B307,'DS nhan HPTN'!$B:$L,11,0) -> Kế toán & Quản trị kinh doanh | R307: Chính quy
A308: 307 | B308: 2252038341 | C308: =VLOOKUP($B308,'DS nhan HPTN'!$B:$L,2,0) -> Lê Hải Anh | D308: =VLOOKUP($B308,'DL DSDV PH'!B:F,5,0) -> 06/03/2004 | E308: =VLOOKUP(B308,Sheet4!D:I,5,0) -> 06/03/2004 | F308: =IF(D308=E308,"T","F") -> T | G308: =VLOOKUP(B308,Sheet4!D:I,6,0) -> 070304005524 | H308: =VLOOKUP($B308,Sheet4!$D:$M,8,0) -> Đồng Nai | I308: =VLOOKUP($B308,Sheet4!$D:$M,9,0) -> Kinh | J308: =VLOOKUP($B308,'DS nhan HPTN'!$B:$L,3,0) -> S25-64NNA-QTTT | K308: =VLOOKUP($J308,'DL tạo lớp'!$B:$C,2,0) -> K64 | L308: 2.62 | M308: =VLOOKUP($B308,'DS nhan HPTN'!$B:$L,7,0) -> Demotivating Factors Affecting English-major Students’ Participation in Speaking Classes at Thuyloi University-Southern Campus | N308: =VLOOKUP($B308,'DS nhan HPTN'!$B:$L,8,0) -> ThS. Đỗ Thị Mỹ Lan | O308: 0 | P308: =VLOOKUP($B308,'DS nhan HPTN'!$B:$L,10,0) -> Quản trị và truyền thông | Q308: =VLOOKUP($B308,'DS nhan HPTN'!$B:$L,11,0) -> Khoa học cơ bản | R308: Chính quy
A309: 308 | B309: 2252038343 | C309: =VLOOKUP($B309,'DS nhan HPTN'!$B:$L,2,0) -> Trần Thị Minh Anh | D309: =VLOOKUP($B309,'DL DSDV PH'!B:F,5,0) -> 16/04/2003 | E309: =VLOOKUP(B309,Sheet4!D:I,5,0) -> 16/04/2003 | F309: =IF(D309=E309,"T","F") -> T | G309: =VLOOKUP(B309,Sheet4!D:I,6,0) -> 034303017680 | H309: =VLOOKUP($B309,Sheet4!$D:$M,8,0) -> An Giang | I309: =VLOOKUP($B309,Sheet4!$D:$M,9,0) -> Kinh | J309: =VLOOKUP($B309,'DS nhan HPTN'!$B:$L,3,0) -> S25-64NNA-QTTT | K309: =VLOOKUP($J309,'DL tạo lớp'!$B:$C,2,0) -> K64 | L309: 2.45 | M309: =VLOOKUP($B309,'DS nhan HPTN'!$B:$L,7,0) -> English-major Students' Perceptions of the Use of ChatGPT in Writing Essays at Thuyloi University-Southern Campus | N309: =VLOOKUP($B309,'DS nhan HPTN'!$B:$L,8,0) -> ThS. Đỗ Thị Mỹ Lan | O309: 0 | P309: =VLOOKUP($B309,'DS nhan HPTN'!$B:$L,10,0) -> Quản trị và truyền thông | Q309: =VLOOKUP($B309,'DS nhan HPTN'!$B:$L,11,0) -> Khoa học cơ bản | R309: Chính quy
A310: 309 | B310: 2252038344 | C310: =VLOOKUP($B310,'DS nhan HPTN'!$B:$L,2,0) -> Trần Thị Phương Anh | D310: =VLOOKUP($B310,'DL DSDV PH'!B:F,5,0) -> 13/06/2001 | E310: =VLOOKUP(B310,Sheet4!D:I,5,0) -> 13/06/2001 | F310: =IF(D310=E310,"T","F") -> T | G310: =VLOOKUP(B310,Sheet4!D:I,6,0) -> 092301000378 | H310: =VLOOKUP($B310,Sheet4!$D:$M,8,0) -> An Giang | I310: =VLOOKUP($B310,Sheet4!$D:$M,9,0) -> KINH | J310: =VLOOKUP($B310,'DS nhan HPTN'!$B:$L,3,0) -> S25-64NNA-QTTT | K310: =VLOOKUP($J310,'DL tạo lớp'!$B:$C,2,0) -> K64 | L310: 3.08 | M310: =VLOOKUP($B310,'DS nhan HPTN'!$B:$L,7,0) -> Linguistic and Psychological Difficulties Affecting First-Year English-major Students at Thuyloi University-Southern Campus | N310: =VLOOKUP($B310,'DS nhan HPTN'!$B:$L,8,0) -> ThS. Đỗ Thị Mỹ Lan | O310: 0 | P310: =VLOOKUP($B310,'DS nhan HPTN'!$B:$L,10,0) -> Quản trị và truyền thông | Q310: =VLOOKUP($B310,'DS nhan HPTN'!$B:$L,11,0) -> Khoa học cơ bản | R310: Chính quy
A311: 310 | B311: 2252038349 | C311: =VLOOKUP($B311,'DS nhan HPTN'!$B:$L,2,0) -> Lê Thị Trúc Đào | D311: =VLOOKUP($B311,'DL DSDV PH'!B:F,5,0) -> 04/08/2004 | E311: =VLOOKUP(B311,Sheet4!D:I,5,0) -> 04/08/2004 | F311: =IF(D311=E311,"T","F") -> T | G311: =VLOOKUP(B311,Sheet4!D:I,6,0) -> 072304009417 | H311: =VLOOKUP($B311,Sheet4!$D:$M,8,0) -> Tây Ninh | I311: =VLOOKUP($B311,Sheet4!$D:$M,9,0) -> Kinh | J311: =VLOOKUP($B311,'DS nhan HPTN'!$B:$L,3,0) -> S25-64NNA-QTTT | K311: =VLOOKUP($J311,'DL tạo lớp'!$B:$C,2,0) -> K64 | L311: 2.22 | M311: =VLOOKUP($B311,'DS nhan HPTN'!$B:$L,7,0) -> Anxiety in Learning Speaking Skills among Non-English major Students at Thuyloi University-Southern Campus | N311: =VLOOKUP($B311,'DS nhan HPTN'!$B:$L,8,0) -> ThS. Nguyễn Trọng Kha | O311: 0 | P311: =VLOOKUP($B311,'DS nhan HPTN'!$B:$L,10,0) -> Quản trị và truyền thông | Q311: =VLOOKUP($B311,'DS nhan HPTN'!$B:$L,11,0) -> Khoa học cơ bản | R311: Chính quy
A312: 311 | B312: 2252038353 | C312: =VLOOKUP($B312,'DS nhan HPTN'!$B:$L,2,0) -> Vũ Thị Thu Hằng | D312: =VLOOKUP($B312,'DL DSDV PH'!B:F,5,0) -> 15/06/2004 | E312: =VLOOKUP(B312,Sheet4!D:I,5,0) -> 15/06/2004 | F312: =IF(D312=E312,"T","F") -> T | G312: =VLOOKUP(B312,Sheet4!D:I,6,0) -> 042304003714 | H312: =VLOOKUP($B312,Sheet4!$D:$M,8,0) -> An Giang | I312: =VLOOKUP($B312,Sheet4!$D:$M,9,0) -> Kinh | J312: =VLOOKUP($B312,'DS nhan HPTN'!$B:$L,3,0) -> S25-64NNA-QTTT | K312: =VLOOKUP($J312,'DL tạo lớp'!$B:$C,2,0) -> K64 | L312: 2.56 | M312: =VLOOKUP($B312,'DS nhan HPTN'!$B:$L,7,0) -> Vocabulary and Pronunciation Difficulties in Learning Listening Skills among English-major sophomores at Thuyloi University-Southern Campus | N312: =VLOOKUP($B312,'DS nhan HPTN'!$B:$L,8,0) -> ThS. Đỗ Thị Mỹ Lan | O312: 0 | P312: =VLOOKUP($B312,'DS nhan HPTN'!$B:$L,10,0) -> Quản trị và truyền thông | Q312: =VLOOKUP($B312,'DS nhan HPTN'!$B:$L,11,0) -> Khoa học cơ bản | R312: Chính quy
A313: 312 | B313: 2252038356 | C313: =VLOOKUP($B313,'DS nhan HPTN'!$B:$L,2,0) -> Trần Thanh Hoàng | D313: =VLOOKUP($B313,'DL DSDV PH'!B:F,5,0) -> 17/08/2003 | E313: =VLOOKUP(B313,Sheet4!D:I,5,0) -> 17/08/2003 | F313: =IF(D313=E313,"T","F") -> T | G313: =VLOOKUP(B313,Sheet4!D:I,6,0) -> 075203021111 | H313: =VLOOKUP($B313,Sheet4!$D:$M,8,0) -> Đồng Nai | I313: =VLOOKUP($B313,Sheet4!$D:$M,9,0) -> Kinh | J313: =VLOOKUP($B313,'DS nhan HPTN'!$B:$L,3,0) -> S25-64NNA-QTTT | K313: =VLOOKUP($J313,'DL tạo lớp'!$B:$C,2,0) -> K64 | L313: 2.8 | M313: =VLOOKUP($B313,'DS nhan HPTN'!$B:$L,7,0) -> The Use of English in Intercultural Communication: A Case Study of Underground Artist Community in Ho Chi Minh City | N313: =VLOOKUP($B313,'DS nhan HPTN'!$B:$L,8,0) -> ThS. Nguyễn Trọng Kha | O313: 0 | P313: =VLOOKUP($B313,'DS nhan HPTN'!$B:$L,10,0) -> Quản trị và truyền thông | Q313: =VLOOKUP($B313,'DS nhan HPTN'!$B:$L,11,0) -> Khoa học cơ bản | R313: Chính quy
A314: 313 | B314: 2252038357 | C314: =VLOOKUP($B314,'DS nhan HPTN'!$B:$L,2,0) -> Trịnh Thị Mỹ Huyền | D314: =VLOOKUP($B314,'DL DSDV PH'!B:F,5,0) -> 11/10/2004 | E314: =VLOOKUP(B314,Sheet4!D:I,5,0) -> 11/10/2004 | F314: =IF(D314=E314,"T","F") -> T | G314: =VLOOKUP(B314,Sheet4!D:I,6,0) -> 070304007100 | H314: =VLOOKUP($B314,Sheet4!$D:$M,8,0) -> Đồng Nai | I314: =VLOOKUP($B314,Sheet4!$D:$M,9,0) -> Kinh | J314: =VLOOKUP($B314,'DS nhan HPTN'!$B:$L,3,0) -> S25-64NNA-QTTT | K314: =VLOOKUP($J314,'DL tạo lớp'!$B:$C,2,0) -> K64 | L314: 3.2 | M314: =VLOOKUP($B314,'DS nhan HPTN'!$B:$L,7,0) -> An Analysis of the Use of Complex Sentences in Academic Essays Written by English-major Sophomores at Thuyloi University - Southern Campus | N314: =VLOOKUP($B314,'DS nhan HPTN'!$B:$L,8,0) -> ThS. Lê Thị Thúy Ngân | O314: 0 | P314: =VLOOKUP($B314,'DS nhan HPTN'!$B:$L,10,0) -> Quản trị và truyền thông | Q314: =VLOOKUP($B314,'DS nhan HPTN'!$B:$L,11,0) -> Khoa học cơ bản | R314: Chính quy
A315: 314 | B315: 2252038360 | C315: =VLOOKUP($B315,'DS nhan HPTN'!$B:$L,2,0) -> Lê Minh Khương | D315: =VLOOKUP($B315,'DL DSDV PH'!B:F,5,0) -> 04/12/2004 | E315: =VLOOKUP(B315,Sheet4!D:I,5,0) -> 04/12/2004 | F315: =IF(D315=E315,"T","F") -> T | G315: =VLOOKUP(B315,Sheet4!D:I,6,0) -> 079204035334 | H315: =VLOOKUP($B315,Sheet4!$D:$M,8,0) -> Thành phố Hồ Chí Minh | I315: =VLOOKUP($B315,Sheet4!$D:$M,9,0) -> Kinh | J315: =VLOOKUP($B315,'DS nhan HPTN'!$B:$L,3,0) -> S25-64NNA-QTTT | K315: =VLOOKUP($J315,'DL tạo lớp'!$B:$C,2,0) -> K64 | L315: 2.52 | M315: =VLOOKUP($B315,'DS nhan HPTN'!$B:$L,7,0) -> English-major Students' Perceptions of Interactive Activities in Speaking Classes at Thuyloi University-Southern Campus | N315: =VLOOKUP($B315,'DS nhan HPTN'!$B:$L,8,0) -> ThS. Đỗ Thị Mỹ Lan | O315: 0 | P315: =VLOOKUP($B315,'DS nhan HPTN'!$B:$L,10,0) -> Quản trị và truyền thông | Q315: =VLOOKUP($B315,'DS nhan HPTN'!$B:$L,11,0) -> Khoa học cơ bản | R315: Chính quy
...

Sheet Sheet9

Sheet Sheet4
A1: Dấu thời gian | B1: Địa chỉ email | C1: Họ và tên | D1: Mã số sinh viên | E1: Lớp | F1: Số điện thoại liên hệ | G1: mail liên hệ | H1: Ngày sinh | I1: CCCD | J1: Nơi sinh trước sát nhập (tỉnh) | K1: Nơi sinh sau sát nhập (tỉnh) | L1: Dân tộc | M1: Tôn Giáo | N1: Ảnh chụp CCCD
A2: 46093.909 | B2: qnhu5555@gmail.com | C2: Nguyễn Ngọc Quỳnh Như | D2: 2252038378 | E2: S25-K64NNA-QTTT | F2: 0909842640 | G2: qnhu5555@gmail.com | H2: 05/11/2004 | I2: 079304031660 | J2: Thành Phố Hồ Chí Minh | K2: Thành Phố Hồ Chí Minh | L2: Kinh | M2: Không | N2: https://drive.google.com/open?id=1Qx5-MtqbffVDwJw7DP5C0cKdR39JL14B | O2: Đã cập nhật
A3: 46093.909 | B3: trinhthimyhuyen209@gmail.com | C3: Trịnh Thị Mỹ Huyền | D3: 2252038357 | E3: S25-64NNA | F3: 0363461704 | G3: trinhthimyhuyen209@gmail.com | H3: 11/10/2004 | I3: 070304007100 | J3: Bình Phước | K3: Đồng Nai | L3: Kinh | M3: Không | N3: https://drive.google.com/open?id=1UkmxGqD0bHcqBVSyBiDAobcvgTEV1Gjf | O3: Đã cập nhật
A4: 46093.913 | B4: pnhi0360@gmail.com | C4: Phạm Ngọc Nhi | D4: 2252038374 | E4: S25-K64NNA-QTTT | F4: 0382641712 | G4: pnhi0360@gmail.com | H4: 18/10/2003 | I4: 064303001392 | J4: Gia Lai | K4: Gia Lai | L4: Kinh | M4: Không | N4: https://drive.google.com/open?id=1uxXpT5QaP6TcW9DR1gLOwSB3t0y4oTkC | O4: Đã cập nhật
A5: 46093.914 | B5: kkyo46472@gmail.com | C5: Nguyễn Minh Nghĩa | D5: 2252038368 | E5: S25-64NNA-QTTT | F5: 0837603775 | G5: 2252038368@e.tlu.edu.vn / kkyo46472@gmail.com | H5: 25/04/2004 | I5: 079204016970 | J5: Thành Phố Hồ Chí Minh | K5: Thành Phố Hồ Chí Minh | L5: Kinh | M5: Phật | N5: https://drive.google.com/open?id=1yj0NA-EsyCU6ZGykg8SvTrZjv0nlf-x_ | O5: Đã cập nhật
A6: 46093.916 | B6: phulee5656@gmail.com | C6: Lê Hoàng Phú | D6: 2252038382 | E6: S25-K64NNA-QTTT | F6: 0327423305 | G6: Phulee5656@gmail.com | H6: 26/11/2004 | I6: 079204024650 | J6: Thành Phố Hồ Chí Minh | K6: Thành Phố Hồ Chí Minh | L6: Kinh | M6: Không | N6: https://drive.google.com/open?id=1nK_bMp1UgYx4-3dt6KMzjXZw_ekFS50y | O6: Đã cập nhật
A7: 46093.917 | B7: haianhle043@gmail.com | C7: Lê Hải Anh | D7: 2252038341 | E7: S25- K64NNA- QTTT | F7: 0869920304 | G7: haianhle043@gmail.com | H7: 06/03/2004 | I7: 070304005524 | J7: Tỉnh Bình Phước | K7: Đồng Nai | L7: Kinh | M7: Không | N7: https://drive.google.com/open?id=1hyQwDzCJRWqsLYW2tl6lNerszK-xplhA | O7: Đã cập nhật
A8: 46093.919 | B8: phamducthuan216@gmail.com | C8: Phạm Đức Thuận | D8: 2252038396 | E8: S25-64NNA-QTTT | F8: 0379872166 | G8: phamducthuan216@gmail.com | H8: 21/06/2004 | I8: 036204007015 | J8: Nam Định | K8: Ninh Bình | L8: Kinh | M8: Công giáo | N8: https://drive.google.com/open?id=17BGU73Ri4avM2S3kO_gh6hS5O0aTINcB | O8: Đã cập nhật
A9: 46093.919 | B9: thuyphuong16022004@gmail.com | C9: Nguyễn Thuỳ Thuý Phượng | D9: 2252038386 | E9: S25 K64NNA QTTT | F9: 0933469857 | G9: thuyphuong16022004@gmail.com | H9: 16/02/2004 | I9: 077304002580 | J9: Bà Rịa - Vũng Tàu | K9: Thành phố Hồ Chí Minh | L9: Kinh | M9: Phật | N9: https://drive.google.com/open?id=1fou0HtFuAFQuruoxWz9pSoa7BqfupkTx | O9: Đã cập nhật
A10: 46093.927 | B10: thule3136@gmail.com | C10: Lê Thị Thanh Thuỷ | D10: 2252038398 | E10: S25-64NNA-QTTT | F10: 0907365872 | G10: lethu23072004@gmail.com | H10: 23/07/2004 | I10: 079304026385 | J10: Thành phố Hồ Chí Minh | K10: Thành phố Hồ Chí Minh | L10: Kinh | M10: Không | N10: https://drive.google.com/open?id=13FFti1M96_sZAnKubDIFjeX6XhXh9wIT | O10: Đã cập nhật
A11: 46093.96 | B11: hanhphuc2762k4@gmail.com | C11: Nguyễn Hạnh Phúc | D11: 2252038383 | E11: S25-64NNA-QTTT | F11: 03964488413 | G11: hanhphuc2762k4@gmail.com | H11: 27/06/2004 | I11: 072304006213 | J11: Ấp Bàu Dài, xã Phước Ninh, huyện Dương Minh Châu, tỉnh Tây Ninh | K11: Tây Ninh | L11: Kinh | M11: Không | N11: https://drive.google.com/open?id=1CAycjGU-8mpSk9K_GU46CRUeHPj_IV5J | O11: Đã cập nhật
A12: 46094.319 | B12: tam43621@gmail.com | C12: Nguyễn Thành Tâm | D12: 2251068248 | E12: S25-64CNTT | F12: 0923074610 | G12: tam43621@gmail.com | H12: 21/01/2004 | I12: 089204020783 | J12: An Giang | K12: An Giang | L12: Kinh | M12: Phật | N12: https://drive.google.com/open?id=1GxiQBthRY9AnMu46do0NY6ilbBNjmZms | O12: Đã cập nhật
A13: 46094.334 | B13: lehuysang01@gmail.com | C13: Lê Huy Sáng | D13: 2251068242 | E13: S25-64CNTT | F13: 0947264569 | G13: lehuysang01@gmail.com | H13: 13/10/2004 | I13: 042204003588 | J13: Tỉnh Hà Tĩnh | K13: Hà Tĩnh | L13: Kinh | M13: Công Giáo | N13: https://drive.google.com/open?id=1p8hT6mZGZC72UVjxM0VLTd-lnBdLExis | O13: Đã cập nhật
... A137: 46099.747 | B137: chien221i02003@gmail.com | C137: Ngô Đức Chiến | D137: 2254078676 | E137: S25-64LG1 | F137: 0879959533 | G137: chienduc765@gmail.com | H137: 04/04/2003 | I137: 075203017649 | J137: TP Hồ Chí Minh | K137: Thành phố Hồ Chí Minh | L137: Kinh | M137: Không | N137: https://drive.google.com/open?id=14Qsc2x0SbzimCCDTW3cGTcul5XYmDbTV | O137: Đã cập nhật
A138: 46099.784 | B138: huynhthuyhue03112004@gmail.com | C138: Huỳnh Thúy Huệ | D138: 2254078717 | E138: S25-64LG2 | F138: 379592615 | G138: huynhthuyhue03112004@gmail.com | H138: 03/11/2004 | I138: 052304002279 | J138: Xóm 1-thôn Chánh Hoá- Xã Cát Thành-huyện Phù Cát- tỉnh Bình Định | K138: Gia Lai | L138: Kinh | M138: Không | N138: https://drive.google.com/open?id=1vz8NuSPf7aHIRrpkdAyOYZ6xtRK3rYe1 | O138: Đã cập nhật
A139: 46099.807 | B139: nguyenhoangthai2902@gmail.com | C139: Nguyễn Hoàng Thái | D139: 2254078796 | E139: S25-K64LG1 | F139: 0766189006 | G139: nguyenhoangthai2902@gmail.com | H139: 29/02/2004 | I139: 079204021719 | J139: Thành phố Hồ Chí Minh | K139: Thành phố Hồ Chí Minh | L139: Kinh | M139: Phật | N139: https://drive.google.com/open?id=1Cx2h7MDwG2uPr_WTjNDYN64p7o0-_kEL | O139: Đã cập nhật
A140: 46099.834 | B140: vynguyen6053@gmail.com | C140: Nguyễn Thị Hoài Vy | D140: 2254078843 | E140: S25-64LG2 | F140: 0984573604 | G140: vynguyen6053@gmail.com | H140: 30/11/2004 | I140: 070304010720 | J140: Bình Phước | K140: Đồng Nai | L140: Kinh | M140: Không | N140: https://drive.google.com/open?id=1cRS-RhR7s3euVN_Zyw3j8a3HfiAtz83T | O140: Đã cập nhật
A141: 46099.835 | B141: phanthiyennhi1106@gmail.com | C141: Phan Thị Yến Nhi | D141: 2254078763 | E141: S25-64LG2 | F141: 0933860841 | G141: phanthiyennhi1106@gmail.com | H141: 01/06/2004 | I141: 079304024996 | J141: Hồ Chí Minh | K141: Thành phố Hồ Chí Minh | L141: Kinh | M141: Không | N141: https://drive.google.com/open?id=1ot1inwIh7vIDpfL7lKousy_pSDtLru5L | O141: Đã cập nhật
A142: 46099.848 | B142: hatram2104@gmail.com | C142: Trần Thị Hà Trâm | D142: 2254078821 | E142: 64LG2 | F142: 0794549689 | G142: hatram2104@gmail.com | H142: 02/11/2004 | I142: 064304009436 | J142: TDP1- Thị trấn Iakha- Huyện Iagrai- Tỉnh Gia Lai | K142: Gia Lai | L142: Kinh | M142: không | N142: https://drive.google.com/open?id=1dojepBTt-Pjc-EQzKTmXKFnL4oKeA2Eo | O142: Đã cập nhật
A143: 46099.87 | B143: cuongle14062k@gmail.com | C143: Lê thanh cường | D143: 2051047068 | E143: S23-62cx | F143: 0793839998 | G143: cuongle14062k@gmail.com | H143: 14/06/2000 | I143: 079200004472 | J143: Tphcm | K143: Thành phố Hồ Chí Minh | L143: Kinh | M143: Không | N143: https://drive.google.com/open?id=1ot_683Ua21oSVRGDPt3lDFnfAlp0_6ZA | O143: Đã cập nhật
A144: 46099.876 | B144: hothiluu2107@gmail.com | C144: Hồ Thị Lựu | D144: 2254078740 | E144: S25-64LG1 | F144: 0964002470 | G144: hothiluu2107@gmail.com | H144: 21/07/2004 | I144: 068304004858 | J144: Thôn 1,Quảng Trị - Đạ Tẻh - Lâm Đồng | K144: Lâm Đồng | L144: Kinh | M144: Không | N144: https://drive.google.com/open?id=1HG2MknC3_KeYkbRpqzzr2LOfOPBqUIhp | O144: Đã cập nhật
A145: 46099.877 | B145: leductiennam123@gmail.com | C145: Lê Đức Tiến | D145: 2254078814 | E145: S25-64LG1 | F145: 0826151215 | G145: leductiennam123@gmail.com | H145: 24/02/2004 | I145: 066204005497 | J145: Đắk Lắk | K145: Đắk Lắk | L145: Kinh | M145: Không | N145: https://drive.google.com/open?id=1xIFljQRvv5sIonXAX3NmVNYd-lkTgSt- | O145: Đã cập nhật
A146: 46099.884 | B146: dovanhai1508@gmail.com | C146: Đỗ Văn Hải | D146: 2254078696 | E146: S25-64LG1 | F146: 0395032676 | G146: dovanhai1508@gmail.com | H146: 16/12/2004 | I146: 077204001773 | J146: Bà Rịa Vũng Tàu | K146: Thành Phố Hồ Chí Minh | L146: Kinh | M146: Không | N146: https://drive.google.com/open?id=13Gi82CYO3KRoiYEHEh9m-a5uZSJCzHWO | O146: Đã cập nhật
A147: 46099.909 | B147: nguyenthitrucloan06@gmail.com | C147: Nguyễn Thị Trúc Loan | D147: 2254078737 | E147: S25 - 64LG2 | F147: 0352163109 | G147: nguyenthitrucloan06@gmail.com | H147: 28/11/2004 | I147: 052304000500 | J147: Bình Định | K147: Gia Lai | L147: Kinh | M147: Không | N147: https://drive.google.com/open?id=1OyxhjWLeAjS3sDV_DvtTCPs6hafu_o6v | O147: Đã cập nhật
A148: 46099.932 | B148: ducanhdao2707@gmail.com | C148: Đào Quang Đức Anh | D148: 2254078661 | E148: S25-64LG2 | F148: 0879813830 | G148: ducanhdao2707@gmail.com | H148: 09/03/2004 | I148: 070204000156 | J148: Bình Phước | K148: Đồng Nai | L148: Kinh | M148: Không | N148: https://drive.google.com/open?id=1dolk4ifXWEJTjkPU-62ND1rYl4CGGu5N | O148: Đã cập nhật
A149: 46099.935 | B149: bichtuyendinh04@gmail.com | C149: Đinh Thị Bích Tuyền | D149: 2254078836 | E149: S25-64LG1 | F149: 0339584802 | G149: bichtuyendinh04@gmai.com | H149: 27/11/2004 | I149: 093304008815 | J149: Tỉnh Hậu Giang | K149: Cần Thơ | L149: Kinh | M149: Không | N149: https://drive.google.com/open?id=1Xp6HFK4Sz0mpqG8hyHbfagcyPgn3zXDl | O149: Đã cập nhật
A150: 46099.94 | B150: lethiyennhi2004bp@gmail.com | C150: Lê Thị Yến Nhi | D150: 2254078760 | E150: S25-64LG1 | F150: 0356453784 | G150: lethiyennhi2004bp@gmail.com | H150: 20/08/2004 | I150: 038304013645 | J150: Thanh Hoá | K150: Thanh Hoá | L150: Kinh | M150: Không | N150: https://drive.google.com/open?id=1rKtO3y1R5jy6dk2WfeGKEO6KFgQ-5Ugg | O150: Đã cập nhật
... A169: 46102.5 | B169: thuytienami@gmail.com | C169: Phan Kim Thuỷ Tiên | D169: 2254058644 | E169: S25-64TMDT | F169: 0777198222 | G169: Thuytienami@gmail.com | H169: 30/06/2004 | I169: 054304000857 | J169: Phú Yên | K169: Đắk Lắk | L169: Kinh | M169: Không | N169: https://drive.google.com/open?id=1gHkMLXMdZXm2kjQYV_zWkZuWUYKtzjKq | O169: Đã cập nhật
A170: 46102.59 | B170: hoanghuytlu123@gmail.com | C170: Nguyễn Hoàng Huy | D170: 2254058609 | E170: S25-64TMĐT | F170: 337437965 | G170: hoanghuy12c6ntmk@gmail.com | H170: 28/06/2004 | I170: 054204007441 | J170: Phú Yên | K170: Đắk Lắk | L170: Kinh | M170: Không | N170: https://drive.google.com/open?id=1STpAGNwAbCrIrSpBNwuWaQDUgyw6Iyl_ | O170: Đã cập nhật
A171: 46102.821 | B171: nguyenthikhanhnhi23@gmail.com | C171: Nguyễn Thị Khánh Nhi | D171: 2254058627 | E171: S25-64TMDT | F171: 0899397913 | G171: nguyenthikhanhnhi23@gmail.com | H171: 23/02/2004 | I171: 066304003267 | J171: Huyện Krong Nang, Tỉnh DakLak | K171: Đắk Lắk | L171: Kinh | M171: Không | N171: https://drive.google.com/open?id=1-3p40DmEsHdojFInwHetHFpd0wzh9BIj | O171: Đã cập nhật
A172: 46102.84 | B172: lebong070104@gmail.com | C172: Lê Bông | D172: 2254058588 | E172: S25-64TMDT | F172: 0352798627 | G172: lebong070104@gmail.com | H172: 07/01/2004 | I172: 051204007389 | J172: Quảng Ngãi | K172: Quảng Ngãi | L172: Kinh | M172: Không | N172: https://drive.google.com/open?id=1sS0nEzvB_o63jqgdlgfWQsCFVCvhHbYU | O172: Đã cập nhật
A173: 46102.847 | B173: hongdang161104@gmail.com | C173: Đặng Thị Thúy Hồng | D173: 2254058607 | E173: S25-64TMĐT | F173: 0968945249 | G173: hongdang161104@gmail.com | H173: 16/11/2004 | I173: 052304006238 | J173: Bình Định | K173: Gia Lai | L173: Kinh | M173: Không | N173: https://drive.google.com/open?id=16CB1ijIdzGKtd3F2n3StOnpcREYp6gqk | O173: Đã cập nhật
A174: 46103.017 | B174: nguyenthithuylinhtlu@gmail.com | C174: Nguyễn Thị Thuỳ Linh | D174: 2254058615 | E174: S25-64TMDT | F174: 0848443445 | G174: nguyenthithuylinhtlu@gmail.com | H174: 02/02/2004 | I174: 066304008987 | J174: Thôn Giang Sơn, xã Eapuk, huyện Krông Năng, tỉnh Đắk Lắk | K174: Đắk Lắk | L174: Kinh | M174: Không | N174: https://drive.google.com/open?id=1ERPp-MiMNqwhC3b_BNof1w4BrPUwMBtr | O174: Đã cập nhật
A175: 46103.471 | B175: tranbaop31012004@gmail.com | C175: Trần Gia Bảo | D175: 2254058586 | E175: S25-65TMDT | F175: 0855502239 | G175: tranbaop31012004@gmail.com | H175: 31/01/2004 | I175: 052204017056 | J175: Bình Định | K175: Gia Lai | L175: Kinh | M175: Không | N175: https://drive.google.com/open?id=1owJo26UKbRdHqIjiYMDp1b6rgNHTIByn | O175: Đã cập nhật
A176: 46103.516 | B176: ngtram734@gmail.com | C176: Nguyễn Thị Ngọc Trâm | D176: 2254058646 | E176: S25-64 TMĐT | F176: 0901948088 | G176: tramn73162@gmail.com | H176: 07/03/2004 | I176: 052304003372 | J176: Thành phố Hồ Chí Minh | K176: Thành phố Hồ Chí Minh | L176: Kinh | M176: Không | N176: https://drive.google.com/open?id=14lVVyo-Tlh2HBYELwrZEnpfhI1xFYcRZ | O176: Đã cập nhật
A177: 46103.709 | B177: hamytran267@gmail.com | C177: Trần Hà My | D177: 2254078746 | E177: S25-K64LG1 | F177: 0763962291 | G177: Hamytran267@gmail.com | H177: 26/07/2004 | I177: 092304007862 | J177: An Giang | K177: An Giang | L177: Kinh | M177: Công giáo | N177: https://drive.google.com/open?id=1-SQSvM-j0fx4j3f7loVwl0j4K653sr3i | O177: Đã cập nhật
A178: 46104.136 | B178: langnghedecor@gmail.com | C178: Phan Thành Đạt | D178: 1851043044 | E178: 60CX2 | F178: 0385828193 | G178: thanhdat7520@gmail.com | H178: 07/05/2000 | I178: 05220000107 | J178: Bình Định | K178: Gia Lai | L178: Kinh | M178: Không | N178: https://drive.google.com/open?id=1Rhzek4xdTKSfDTcngfUsQrIMuT-YxXqD | O178: Đã cập nhật
A179: 46104.343 | B179: pm221203@gmail.com | C179: Nguyễn Thị Phương Minh | D179: 2154077386 | E179: S24-63LG2 | F179: 0858363092 | G179: pm221203@gmail.com | H179: 22/12/2003 | I179: 067303006773 | J179: Đăk Lăk | K179: Đắk Lắk | L179: Kinh | M179: Không | N179: https://drive.google.com/open?id=1TbL0xtMVDr15w40ZDHRSMZTliqyUZD4e | O179: Đã cập nhật
A180: 46104.562 | B180: lethithanhhong3304@gmail.com | C180: Lê Thị Thanh Hồng | D180: 2254058608 | E180: S25 - 64TMDT | F180: 0813226421 | G180: Lethithanhhong3304@gmail.com | H180: 03/03/2004 | I180: 052304013572 | J180: Hòa Trung, Bình Tường, Tây Sơn, Bình Định | K180: Gia Lai | L180: Kinh | M180: Không | N180: https://drive.google.com/open?id=1pjlf_V2US3YH4icZNDt5KPmDRbuZpVjt | O180: Đã cập nhật
A181: 46104.631 | B181: pvo189721@gmail.com | C181: Võ Thị Mỹ Phương | D181: 2254078780 | E181: S25-64LG1 | F181: 0332192446 | G181: pvo189721@gmail.com | H181: 17/05/2004 | I181: 091304002798 | J181: Xẻo ngát a tân thạnh an minh kiên giang | K181: Kiên Giang | L181: Kinh | M181: Không | N181: https://drive.google.com/open?id=1Ou9Iz1VpdfsbHtMEjUIcA66Sz6gB4-sQ | O181: Đã cập nhật
A182: 46104.68 | B182: duongsongda77@gmail.com | C182: Dương Hồ Song Đà | D182: 2254078684 | E182: S25 - 64LG1 | F182: 0868013674 | G182: duongsongda77@gmail.com | H182: 28/04/2004 | I182: 052204014654 | J182: Bình Định | K182: Gia Lai | L182: kinh | M182: không | N182: https://drive.google.com/open?id=1nXyBzpYmZBLB9ds3kjAi0HczWLn7N5km | O182: Đã cập nhật
... A371: 46133.463 | B371: lamt55949@gmail.com | C371: Trương Hoàng Lâm | D371: 2151047550 | E371: S24-63CX | F371: 0931989110 | G371: lamt55949@gmail.com | H371: 08/01/2003 | I371: 051203002754 | J371: Quảng ngãi | K371: Quảng ngãi | L371: Kinh | M371: Không | N371: https://drive.google.com/open?id=1PEQ3slXLY8Sc_ZTewKgk-3YZwIyeJTP6 | O371: Đã cập nhật
A372: 14/03/2026 11:17:24 | B372: tanh96677@gmail.com | C372: Phan Minh Tuyết Anh | D372: 2254078665 | E372: S25-64LG2 | F372: 0773788119 | H372: 16/08/2004 | I372: 091304000058 | K372: Thành Phố Hồ Chí Minh | L372: Kinh | M372: Không | N372: https://drive.google.com/open?id=17SvBq8ykdfUiW3BZls673CTkoEQvv3nP

Sheet Sheet5
A1: TRƯỜNG ĐẠI HỌC THỦY LỢI | D1: CỘNG HOÀ XÃ HỘI CHỦ NGHĨA VIỆT NAM
A2: PHÂN HIỆU | D2: Độc lập - Tự do - Hạnh phúc
A4: Tổng hợp tình trạng đăng ký HPTN
A5: Học kỳ 2 năm học 2025-2026
A7: STT | B7: MSSV | C7: Họ và Tên | D7: Lớp | E7: Khoá | F7: HPTN | G7: Số TC
A8: 1 | B8: 1951065174 | C8: =VLOOKUP($B8,'DS nhan HPTN'!$B:$L,2,0) -> Hà Lê Duy | D8: =VLOOKUP($B8,'DS nhan HPTN'!$B:$L,3,0) -> S22-61TH1 | E8: =VLOOKUP($D8,'DL tạo lớp'!$B:$C,2,0) -> K61 | F8: =VLOOKUP(B8,Sheet8!B:J,4,0) -> Đồ án tốt nghiệp | G8: =VLOOKUP(B8,Sheet8!B:J,5,0) -> 7
A9: 2 | B9: 2051067522 | C9: =VLOOKUP($B9,'DS nhan HPTN'!$B:$L,2,0) -> Nguyễn Ngọc Bảo | D9: =VLOOKUP($B9,'DS nhan HPTN'!$B:$L,3,0) -> S23-62TH | E9: =VLOOKUP($D9,'DL tạo lớp'!$B:$C,2,0) -> K62 | F9: =VLOOKUP(B9,Sheet8!B:J,4,0) -> Đồ án tốt nghiệp | G9: =VLOOKUP(B9,Sheet8!B:J,5,0) -> 10
A10: 3 | B10: 2151067055 | C10: =VLOOKUP($B10,'DS nhan HPTN'!$B:$L,2,0) -> Chung Gia Bảo | D10: =VLOOKUP($B10,'DS nhan HPTN'!$B:$L,3,0) -> S24-63CNTT1 | E10: =VLOOKUP($D10,'DL tạo lớp'!$B:$C,2,0) -> K63 | F10: =VLOOKUP(B10,Sheet8!B:J,4,0) -> Đồ án tốt nghiệp | G10: =VLOOKUP(B10,Sheet8!B:J,5,0) -> 10
A11: 4 | B11: 2151067060 | C11: =VLOOKUP($B11,'DS nhan HPTN'!$B:$L,2,0) -> Võ Hoàn Lạc | D11: =VLOOKUP($B11,'DS nhan HPTN'!$B:$L,3,0) -> S24-63CNTT1 | E11: =VLOOKUP($D11,'DL tạo lớp'!$B:$C,2,0) -> K63 | F11: =VLOOKUP(B11,Sheet8!B:J,4,0) -> Đồ án tốt nghiệp | G11: =VLOOKUP(B11,Sheet8!B:J,5,0) -> 10
A12: 5 | B12: 2151067238 | C12: =VLOOKUP($B12,'DS nhan HPTN'!$B:$L,2,0) -> Võ Lê Hậu | D12: =VLOOKUP($B12,'DS nhan HPTN'!$B:$L,3,0) -> S24-63CNTT1 | E12: =VLOOKUP($D12,'DL tạo lớp'!$B:$C,2,0) -> K63 | F12: =VLOOKUP(B12,Sheet8!B:J,4,0) -> Đồ án tốt nghiệp | G12: =VLOOKUP(B12,Sheet8!B:J,5,0) -> 10
A13: 6 | B13: 2151067630 | C13: =VLOOKUP($B13,'DS nhan HPTN'!$B:$L,2,0) -> Lê Văn Bảo | D13: =VLOOKUP($B13,'DS nhan HPTN'!$B:$L,3,0) -> S24-63CNTT2 | E13: =VLOOKUP($D13,'DL tạo lớp'!$B:$C,2,0) -> K63 | F13: =VLOOKUP(B13,Sheet8!B:J,4,0) -> Đồ án tốt nghiệp | G13: =VLOOKUP(B13,Sheet8!B:J,5,0) -> 10
A14: 7 | B14: 2151067620 | C14: =VLOOKUP($B14,'DS nhan HPTN'!$B:$L,2,0) -> Nguyễn Nam Nhân | D14: =VLOOKUP($B14,'DS nhan HPTN'!$B:$L,3,0) -> S24-63CNTT2 | E14: =VLOOKUP($D14,'DL tạo lớp'!$B:$C,2,0) -> K63 | F14: =VLOOKUP(B14,Sheet8!B:J,4,0) -> Đồ án tốt nghiệp | G14: =VLOOKUP(B14,Sheet8!B:J,5,0) -> 10
A15: 8 | B15: 2151067610 | C15: =VLOOKUP($B15,'DS nhan HPTN'!$B:$L,2,0) -> Võ Trần Luân | D15: =VLOOKUP($B15,'DS nhan HPTN'!$B:$L,3,0) -> S24-63CNTT2 | E15: =VLOOKUP($D15,'DL tạo lớp'!$B:$C,2,0) -> K63 | F15: =VLOOKUP(B15,Sheet8!B:J,4,0) -> Đồ án tốt nghiệp | G15: =VLOOKUP(B15,Sheet8!B:J,5,0) -> 10
A16: 9 | B16: 2151067072 | C16: =VLOOKUP($B16,'DS nhan HPTN'!$B:$L,2,0) -> Tăng Phước Sang | D16: =VLOOKUP($B16,'DS nhan HPTN'!$B:$L,3,0) -> S24-63CNTT2 | E16: =VLOOKUP($D16,'DL tạo lớp'!$B:$C,2,0) -> K63 | F16: =VLOOKUP(B16,Sheet8!B:J,4,0) -> Đồ án tốt nghiệp | G16: =VLOOKUP(B16,Sheet8!B:J,5,0) -> 10
A17: 10 | B17: 2151067053 | C17: =VLOOKUP($B17,'DS nhan HPTN'!$B:$L,2,0) -> Hồ Minh Anh | D17: =VLOOKUP($B17,'DS nhan HPTN'!$B:$L,3,0) -> S24-63CNTT2 | E17: =VLOOKUP($D17,'DL tạo lớp'!$B:$C,2,0) -> K63 | F17: =VLOOKUP(B17,Sheet8!B:J,4,0) -> Đồ án tốt nghiệp | G17: =VLOOKUP(B17,Sheet8!B:J,5,0) -> 10
A18: 11 | B18: 2151067239 | C18: =VLOOKUP($B18,'DS nhan HPTN'!$B:$L,2,0) -> Đặng Nguyễn Minh Hoàng | D18: =VLOOKUP($B18,'DS nhan HPTN'!$B:$L,3,0) -> S24-63CNTT2 | E18: =VLOOKUP($D18,'DL tạo lớp'!$B:$C,2,0) -> K63 | F18: =VLOOKUP(B18,Sheet8!B:J,4,0) -> Đồ án tốt nghiệp | G18: =VLOOKUP(B18,Sheet8!B:J,5,0) -> 10
A19: 12 | B19: 2251068218 | C19: =VLOOKUP($B19,'DS nhan HPTN'!$B:$L,2,0) -> Lê Võ Nhựt Nguyên | D19: =VLOOKUP($B19,'DS nhan HPTN'!$B:$L,3,0) -> S25-64CNTT | E19: =VLOOKUP($D19,'DL tạo lớp'!$B:$C,2,0) -> K64 | F19: =VLOOKUP(B19,Sheet8!B:J,4,0) -> Đồ án tốt nghiệp | G19: =VLOOKUP(B19,Sheet8!B:J,5,0) -> 10
... A341: 334 | B341: 2151047224 | C341: =VLOOKUP($B341,'DS nhan HPTN'!$B:$L,2,0) -> Bùi Khắc Hiếu | D341: =VLOOKUP($B341,'DS nhan HPTN'!$B:$L,3,0) -> S24-63CX | E341: =VLOOKUP($D341,'DL tạo lớp'!$B:$C,2,0) -> K63 | F341: =VLOOKUP(B341,Sheet8!B:J,4,0) -> Đồ án tốt nghiệp | G341: =VLOOKUP(B341,Sheet8!B:J,5,0) -> 10
A342: 335 | B342: 1851043057 | C342: =VLOOKUP($B342,'DS nhan HPTN'!$B:$L,2,0) -> Nguyễn Quốc Trường | D342: =VLOOKUP($B342,'DS nhan HPTN'!$B:$L,3,0) -> S21-60CX2 | E342: =VLOOKUP($D342,'DL tạo lớp'!$B:$C,2,0) -> K60 | F342: Đồ án tốt nghiệp | G342: 7
A343: 336 | B343: 1851043044 | C343: =VLOOKUP($B343,'DS nhan HPTN'!$B:$L,2,0) -> Phan Thành Đạt | D343: =VLOOKUP($B343,'DS nhan HPTN'!$B:$L,3,0) -> S21-60CX2 | E343: =VLOOKUP($D343,'DL tạo lớp'!$B:$C,2,0) -> K60 | F343: Đồ án tốt nghiệp | G343: 7
A344: 337 | B344: 1951015145 | C344: =VLOOKUP($B344,'DS nhan HPTN'!$B:$L,2,0) -> Nguyễn Vũ Linh | D344: =VLOOKUP($B344,'DS nhan HPTN'!$B:$L,3,0) -> S22-61C | E344: =VLOOKUP($D344,'DL tạo lớp'!$B:$C,2,0) -> K61 | F344: =VLOOKUP(B344,Sheet8!B:J,4,0) -> Đồ án tốt nghiệp | G344: =VLOOKUP(B344,Sheet8!B:J,5,0) -> 7
A345: 338 | B345: 1951015150 | C345: =VLOOKUP($B345,'DS nhan HPTN'!$B:$L,2,0) -> Nguyễn Thị Tố Quyên | D345: =VLOOKUP($B345,'DS nhan HPTN'!$B:$L,3,0) -> S22-61C | E345: =VLOOKUP($D345,'DL tạo lớp'!$B:$C,2,0) -> K61 | F345: =VLOOKUP(B345,Sheet8!B:J,4,0) -> Đồ án tốt nghiệp | G345: =VLOOKUP(B345,Sheet8!B:J,5,0) -> 7
A346: 339 | B346: 2151017505 | C346: =VLOOKUP($B346,'DS nhan HPTN'!$B:$L,2,0) -> Lâm Hoàng Huy | D346: =VLOOKUP($B346,'DS nhan HPTN'!$B:$L,3,0) -> S24-63C | E346: =VLOOKUP($D346,'DL tạo lớp'!$B:$C,2,0) -> K63 | F346: =VLOOKUP(B346,Sheet8!B:J,4,0) -> Đồ án tốt nghiệp | G346: =VLOOKUP(B346,Sheet8!B:J,5,0) -> 10
A347: 340 | B347: 2151017529 | C347: =VLOOKUP($B347,'DS nhan HPTN'!$B:$L,2,0) -> Lê Tấn Vương | D347: =VLOOKUP($B347,'DS nhan HPTN'!$B:$L,3,0) -> S24-63C | E347: =VLOOKUP($D347,'DL tạo lớp'!$B:$C,2,0) -> K63 | F347: =VLOOKUP(B347,Sheet8!B:J,4,0) -> Đồ án tốt nghiệp | G347: =VLOOKUP(B347,Sheet8!B:J,5,0) -> 10
A348: 341 | B348: 2151017004 | C348: =VLOOKUP($B348,'DS nhan HPTN'!$B:$L,2,0) -> Nguyễn Duy | D348: =VLOOKUP($B348,'DS nhan HPTN'!$B:$L,3,0) -> S24-63C | E348: =VLOOKUP($D348,'DL tạo lớp'!$B:$C,2,0) -> K63 | F348: =VLOOKUP(B348,Sheet8!B:J,4,0) -> Đồ án tốt nghiệp | G348: =VLOOKUP(B348,Sheet8!B:J,5,0) -> 10
A349: 342 | B349: 2151017507 | C349: =VLOOKUP($B349,'DS nhan HPTN'!$B:$L,2,0) -> Nguyễn Đình Khôi | D349: =VLOOKUP($B349,'DS nhan HPTN'!$B:$L,3,0) -> S24-63C | E349: =VLOOKUP($D349,'DL tạo lớp'!$B:$C,2,0) -> K63 | F349: =VLOOKUP(B349,Sheet8!B:J,4,0) -> Đồ án tốt nghiệp | G349: =VLOOKUP(B349,Sheet8!B:J,5,0) -> 10
A350: 343 | B350: 2151017010 | C350: =VLOOKUP($B350,'DS nhan HPTN'!$B:$L,2,0) -> Nguyễn Bùi Viết Hưng | D350: =VLOOKUP($B350,'DS nhan HPTN'!$B:$L,3,0) -> S24-63C | E350: =VLOOKUP($D350,'DL tạo lớp'!$B:$C,2,0) -> K63 | F350: =VLOOKUP(B350,Sheet8!B:J,4,0) -> Đồ án tốt nghiệp | G350: =VLOOKUP(B350,Sheet8!B:J,5,0) -> 10
A351: 344 | B351: 2151017362 | C351: =VLOOKUP($B351,'DS nhan HPTN'!$B:$L,2,0) -> Triệu Thanh Vũ | D351: =VLOOKUP($B351,'DS nhan HPTN'!$B:$L,3,0) -> S24-63CTN | E351: =VLOOKUP($D351,'DL tạo lớp'!$B:$C,2,0) -> K63 | F351: =VLOOKUP(B351,Sheet8!B:J,4,0) -> Đồ án tốt nghiệp | G351: =VLOOKUP(B351,Sheet8!B:J,5,0) -> 10
A352: 345 | B352: 2051077592 | C352: =VLOOKUP($B352,'DS nhan HPTN'!$B:$L,2,0) -> Lương Nguyễn Đăng Khiêm | D352: =VLOOKUP($B352,'DS nhan HPTN'!$B:$L,3,0) -> S23-62CTN | E352: =VLOOKUP($D352,'DL tạo lớp'!$B:$C,2,0) -> K62 | F352: =VLOOKUP(B352,Sheet8!B:J,4,0) -> Đồ án tốt nghiệp | G352: =VLOOKUP(B352,Sheet8!B:J,5,0) -> 10
A353: 346 | B353: 2231070001 | C353: =VLOOKUP($B353,'DS nhan HPTN'!$B:$L,2,0) -> Trần Bảo Anh | D353: =VLOOKUP($B353,'DS nhan HPTN'!$B:$L,3,0) -> SG25CTN | E353: =VLOOKUP($D353,'DL tạo lớp'!$B:$C,2,0) -> K55TC | F353: Đồ án tốt nghiệp | G353: 10
A354: 347 | B354: 2231070002 | C354: =VLOOKUP($B354,'DS nhan HPTN'!$B:$L,2,0) -> Nguyễn Gia Bảo | D354: =VLOOKUP($B354,'DS nhan HPTN'!$B:$L,3,0) -> SG25CTN | E354: =VLOOKUP($D354,'DL tạo lớp'!$B:$C,2,0) -> K55TC | F354: Đồ án tốt nghiệp | G354: 10
A355: 348 | B355: 2231070016 | C355: =VLOOKUP($B355,'DS nhan HPTN'!$B:$L,2,0) -> Lê Minh Châu | D355: =VLOOKUP($B355,'DS nhan HPTN'!$B:$L,3,0) -> SG25CTN | E355: =VLOOKUP($D355,'DL tạo lớp'!$B:$C,2,0) -> K55TC | F355: Đồ án tốt nghiệp | G355: 10
A356: 349 | B356: 2231070003 | C356: =VLOOKUP($B356,'DS nhan HPTN'!$B:$L,2,0) -> Nguyễn Hiền Đức | D356: =VLOOKUP($B356,'DS nhan HPTN'!$B:$L,3,0) -> SG25CTN | E356: =VLOOKUP($D356,'DL tạo lớp'!$B:$C,2,0) -> K55TC | F356: Đồ án tốt nghiệp | G356: 10
A357: 350 | B357: 2231070030 | C357: =VLOOKUP($B357,'DS nhan HPTN'!$B:$L,2,0) -> Nguyễn Hiệp Hòa | D357: =VLOOKUP($B357,'DS nhan HPTN'!$B:$L,3,0) -> SG25CTN | E357: =VLOOKUP($D357,'DL tạo lớp'!$B:$C,2,0) -> K55TC | F357: Đồ án tốt nghiệp | G357: 10
A358: 351 | B358: 2231070008 | C358: =VLOOKUP($B358,'DS nhan HPTN'!$B:$L,2,0) -> Liếu Đình Kính | D358: =VLOOKUP($B358,'DS nhan HPTN'!$B:$L,3,0) -> SG25CTN | E358: =VLOOKUP($D358,'DL tạo lớp'!$B:$C,2,0) -> K55TC | F358: Đồ án tốt nghiệp | G358: 10
A359: 352 | B359: 2231070011 | C359: =VLOOKUP($B359,'DS nhan HPTN'!$B:$L,2,0) -> Sử Hiền Nhân | D359: =VLOOKUP($B359,'DS nhan HPTN'!$B:$L,3,0) -> SG25CTN | E359: =VLOOKUP($D359,'DL tạo lớp'!$B:$C,2,0) -> K55TC | F359: Đồ án tốt nghiệp | G359: 10
A360: 353 | B360: 2231070021 | C360: =VLOOKUP($B360,'DS nhan HPTN'!$B:$L,2,0) -> Đoàn Nhựt Quang | D360: =VLOOKUP($B360,'DS nhan HPTN'!$B:$L,3,0) -> SG25CTN | E360: =VLOOKUP($D360,'DL tạo lớp'!$B:$C,2,0) -> K55TC | F360: Đồ án tốt nghiệp | G360: 10
A361: 354 | B361: 2231070014 | C361: =VLOOKUP($B361,'DS nhan HPTN'!$B:$L,2,0) -> Nguyễn Tấn Thịnh | D361: =VLOOKUP($B361,'DS nhan HPTN'!$B:$L,3,0) -> SG25CTN | E361: =VLOOKUP($D361,'DL tạo lớp'!$B:$C,2,0) -> K55TC | F361: Đồ án tốt nghiệp | G361: 10
A362: 355 | B362: 2231070015 | C362: =VLOOKUP($B362,'DS nhan HPTN'!$B:$L,2,0) -> Đặng Quốc Việt | D362: =VLOOKUP($B362,'DS nhan HPTN'!$B:$L,3,0) -> SG25CTN | E362: =VLOOKUP($D362,'DL tạo lớp'!$B:$C,2,0) -> K55TC | F362: Đồ án tốt nghiệp | G362: 10
A363: Tổng | G363: =SUM(G8:G362) -> 2710
F364: Ngày 04 tháng 05 năm 2026

Sheet Sheet8
A1: NHẬT KÝ ĐĂNG KÝ HỌC - Học kỳ 2_2025_2026- Cơ sở Phân hiệu Miền Nam
A2: TT | B2: MÃ SINH VIÊN | C2: HỌ VÀ TÊN | D2: LỚP | E2: Môn học | F2: Số tín chỉ | G2: Mã lớp học phần | H2: Tên lớp học phần | I2: Cơ sở | J2: Khóa | K2: Hành động | L2: Ngày | M2: Người thao tác | N2: Học kỳ | O2: Đợt học
A3: 1 | B3: CT51110030 | C3: Lê Tấn Cường | D3: S27-66CT | E3: Nhập môn đại số tuyến tính | F3: 2 | G3: 252022_MATH233_S28-67C | H3: Nhập môn đại số tuyến tính-2-25 (S28-67C,GT,N) | I3: Phân hiệu Miền Nam | J3: K67 | K3: Đăng ký học | L3: 46136.691 | M3: DucAnhCS2 | N3: 2_2025_2026 | O3: Học kỳ chính
A4: 2 | B4: 2151067582 | C4: Võ Văn Cần | D4: S24-63CNTT1 | E4: Nhập môn lập trình | F4: 3 | G4: 252002_CSE111_1 | H4: Nhập môn lập trình-2-25 (KP_S67CNTT,TTNT) | I4: Phân hiệu Miền Nam | J4: K67 | K4: Đăng ký học | L4: 46136.604 | M4: DucAnhCS2 | N4: 2_2025_2026 | O4: Học kỳ phụ
A5: 3 | B5: 2254058658 | C5: Thạch Thị Như Ý | D5: S25-64TMDT | E5: Khóa luận tốt nghiệp | F5: 7 | G5: 252002_KLTN405_1 | H5: Khóa luận tốt nghiệp-2-25 (KLTN405_K64TMDT) | I5: Phân hiệu Miền Nam | J5: K64 | K5: Đăng ký học | L5: 46136.387 | M5: trieuht | N5: 2_2025_2026 | O5: Học phần tốt nghiệp
A6: 4 | B6: 2254058657 | C6: Nguyễn Mộng Vàng | D6: S25-64TMDT | E6: Khóa luận tốt nghiệp | F6: 7 | G6: 252002_KLTN405_1 | H6: Khóa luận tốt nghiệp-2-25 (KLTN405_K64TMDT) | I6: Phân hiệu Miền Nam | J6: K64 | K6: Đăng ký học | L6: 46136.387 | M6: trieuht | N6: 2_2025_2026 | O6: Học phần tốt nghiệp
A7: 5 | B7: 2254058656 | C7: Lương Thị Phương Uyên | D7: S25-64TMDT | E7: Khóa luận tốt nghiệp | F7: 7 | G7: 252002_KLTN405_1 | H7: Khóa luận tốt nghiệp-2-25 (KLTN405_K64TMDT) | I7: Phân hiệu Miền Nam | J7: K64 | K7: Đăng ký học | L7: 46136.387 | M7: trieuht | N7: 2_2025_2026 | O7: Học phần tốt nghiệp
A8: 6 | B8: 2254058645 | C8: Đặng Thị Thu Trang | D8: S25-64TMDT | E8: Khóa luận tốt nghiệp | F8: 7 | G8: 252002_KLTN405_1 | H8: Khóa luận tốt nghiệp-2-25 (KLTN405_K64TMDT) | I8: Phân hiệu Miền Nam | J8: K64 | K8: Đăng ký học | L8: 46136.387 | M8: trieuht | N8: 2_2025_2026 | O8: Học phần tốt nghiệp
A9: 7 | B9: 2254058651 | C9: Phạm Thị Quế Trân | D9: S25-64TMDT | E9: Khóa luận tốt nghiệp | F9: 7 | G9: 252002_KLTN405_1 | H9: Khóa luận tốt nghiệp-2-25 (KLTN405_K64TMDT) | I9: Phân hiệu Miền Nam | J9: K64 | K9: Đăng ký học | L9: 46136.387 | M9: trieuht | N9: 2_2025_2026 | O9: Học phần tốt nghiệp
A10: 8 | B10: 2254058646 | C10: Nguyễn Thị Ngọc Trâm | D10: S25-64TMDT | E10: Khóa luận tốt nghiệp | F10: 7 | G10: 252002_KLTN405_1 | H10: Khóa luận tốt nghiệp-2-25 (KLTN405_K64TMDT) | I10: Phân hiệu Miền Nam | J10: K64 | K10: Đăng ký học | L10: 46136.387 | M10: trieuht | N10: 2_2025_2026 | O10: Học phần tốt nghiệp
A11: 9 | B11: 2254058648 | C11: Nguyễn Thị Trâm | D11: S25-64TMDT | E11: Khóa luận tốt nghiệp | F11: 7 | G11: 252002_KLTN405_1 | H11: Khóa luận tốt nghiệp-2-25 (KLTN405_K64TMDT) | I11: Phân hiệu Miền Nam | J11: K64 | K11: Đăng ký học | L11: 46136.387 | M11: trieuht | N11: 2_2025_2026 | O11: Học phần tốt nghiệp
A12: 10 | B12: 2254058644 | C12: Phan Kim Thủy Tiên | D12: S25-64TMDT | E12: Khóa luận tốt nghiệp | F12: 7 | G12: 252002_KLTN405_1 | H12: Khóa luận tốt nghiệp-2-25 (KLTN405_K64TMDT) | I12: Phân hiệu Miền Nam | J12: K64 | K12: Đăng ký học | L12: 46136.387 | M12: trieuht | N12: 2_2025_2026 | O12: Học phần tốt nghiệp
A13: 11 | B13: 2254058643 | C13: Bùi Thị Cẩm Tiên | D13: S25-64TMDT | E13: Khóa luận tốt nghiệp | F13: 7 | G13: 252002_KLTN405_1 | H13: Khóa luận tốt nghiệp-2-25 (KLTN405_K64TMDT) | I13: Phân hiệu Miền Nam | J13: K64 | K13: Đăng ký học | L13: 46136.387 | M13: trieuht | N13: 2_2025_2026 | O13: Học phần tốt nghiệp
A14: 12 | B14: 2254058640 | C14: Trần Thị Thu Thủy | D14: S25-64TMDT | E14: Khóa luận tốt nghiệp | F14: 7 | G14: 252002_KLTN405_1 | H14: Khóa luận tốt nghiệp-2-25 (KLTN405_K64TMDT) | I14: Phân hiệu Miền Nam | J14: K64 | K14: Đăng ký học | L14: 46136.387 | M14: trieuht | N14: 2_2025_2026 | O14: Học phần tốt nghiệp
A15: 13 | B15: 2254058642 | C15: Đặng Văn Thức | D15: S25-64TMDT | E15: Khóa luận tốt nghiệp | F15: 7 | G15: 252002_KLTN405_1 | H15: Khóa luận tốt nghiệp-2-25 (KLTN405_K64TMDT) | I15: Phân hiệu Miền Nam | J15: K64 | K15: Đăng ký học | L15: 46136.387 | M15: trieuht | N15: 2_2025_2026 | O15: Học phần tốt nghiệp
... A347: 345 | B347: 1951015145 | C347: Nguyễn Vũ Linh | D347: S22-61C | E347: Đồ án tốt nghiệp | F347: 7 | G347: 252002_HPTN101_1 | H347: Đồ án tốt nghiệp-2-25 (HPTN101_K61C) | I347: Phân hiệu Miền Nam | J347: K61 | K347: Đăng ký học | L347: 46135.474 | M347: trieuht | N347: 2_2025_2026 | O347: Học phần tốt nghiệp

Sheet DL tạo lớp
A1: STT | B1: Lớp | C1: Khoá | D1: SL SV
A2: 1 | B2: S22-61TH1 | C2: K61 | D2: =COUNTIF('DS nhan HPTN'!D4:D359,'DL tạo lớp'!B2) -> 1
A3: 2 | B3: S23-62TH | C3: K62 | D3: =COUNTIF('DS nhan HPTN'!D5:D360,'DL tạo lớp'!B3) -> 1
A4: 3 | B4: S24-63CNTT1 | C4: K63 | D4: =COUNTIF('DS nhan HPTN'!D6:D361,'DL tạo lớp'!B4) -> 3
A5: 4 | B5: S24-63CNTT2 | C5: K63 | D5: =COUNTIF('DS nhan HPTN'!D7:D362,'DL tạo lớp'!B5) -> 6
A6: 5 | B6: S25-64CNTT | C6: K64 | D6: =COUNTIF('DS nhan HPTN'!D8:D363,'DL tạo lớp'!B6) -> 43
A7: 6 | B7: S22-61QT-TMĐT | C7: K61 | D7: =COUNTIF('DS nhan HPTN'!D9:D364,'DL tạo lớp'!B7) -> 1
A8: 7 | B8: S25-64QT-MAR | C8: K64 | D8: =COUNTIF('DS nhan HPTN'!D10:D365,'DL tạo lớp'!B8) -> 14
A9: 8 | B9: S24-63QT-MAR | C9: K63 | D9: =COUNTIF('DS nhan HPTN'!D11:D366,'DL tạo lớp'!B9) -> 6
A10: 9 | B10: S24-63QT-KDQT | C10: K63 | D10: =COUNTIF('DS nhan HPTN'!D12:D367,'DL tạo lớp'!B10) -> 6
A11: 10 | B11: S25-64QT-KDQT | C11: K64 | D11: =COUNTIF('DS nhan HPTN'!D13:D368,'DL tạo lớp'!B11) -> 20
A12: 11 | B12: S25-64TMDT | C12: K64 | D12: =COUNTIF('DS nhan HPTN'!D14:D369,'DL tạo lớp'!B12) -> 45
A13: 12 | B13: S23-62KT | C13: K62 | D13: =COUNTIF('DS nhan HPTN'!D15:D370,'DL tạo lớp'!B13) -> 1
... A29: 28 | B29: SG25CTN | C29: K55TC | D29: =COUNTIF('DS nhan HPTN'!D31:D386,'DL tạo lớp'!B29) -> 10
D30: =SUM(D2:D29) -> 355

Sheet Sheet7
A1: DANH SÁCH SINH VIÊN CHƯA PHÁT SINH ĐĂNG KÝ HỌC TẠI HỌC KỲ 2_2025-2026
A2: student_id | B2: education_program_id | C2: student_code | D2: last_name | E2: first_name | F2: className | G2: course_name | H2: department | I2: Mức XLHV_K1_25_26
A3: 3204 | B3: 13 | C3: 1951015141 | D3: Nguyễn Quang | E3: Thoại | F3: S22-61C | G3: K61 | H3: Phân hiệu | I3: 0_Hoãn | J3: =VLOOKUP(C3,'DS nhan HPTN'!B:M,11,0) -> #N/A
A4: 3169 | B4: 91 | C4: 1954025583 | D4: Đỗ Ngọc Quỳnh | E4: Anh | F4: S22-61QT-TMĐT | G4: K61 | H4: Phân hiệu | I4: 0 | J4: =VLOOKUP(C4,'DS nhan HPTN'!B:M,11,0) -> #N/A
A5: 16967 | B5: 72 | C5: 2051137294 | D5: Nguyễn Văn | E5: Linh | F5: S23-62GT | G5: K62 | H5: Phân hiệu | I5: 0 | J5: =VLOOKUP(C5,'DS nhan HPTN'!B:M,11,0) -> #N/A
A6: 16940 | B6: 68 | C6: 2054037484 | D6: Phạm Thị Thanh | E6: Thanh | F6: S23-62KT | G6: K62 | H6: Phân hiệu | I6: 0_Hoãn | J6: =VLOOKUP(C6,'DS nhan HPTN'!B:M,11,0) -> #N/A
A7: 17030 | B7: 61 | C7: 2051067575 | D7: Trần Nhĩ | E7: Hào | F7: S23-62TH | G7: K62 | H7: Phân hiệu | I7: 0_Hoãn | J7: =VLOOKUP(C7,'DS nhan HPTN'!B:M,11,0) -> #N/A
A8: 17055 | B8: 61 | C8: 2051067571 | D8: Trần Phạm Công | E8: Hậu | F8: S23-62TH | G8: K62 | H8: Phân hiệu | I8: 0 | J8: =VLOOKUP(C8,'DS nhan HPTN'!B:M,11,0) -> #N/A
A9: 18056 | B9: 61 | C9: 2051067854 | D9: Nguyễn Đức Thế | E9: Phong | F9: S23-62TH | G9: K62 | H9: Phân hiệu | I9: 1 | J9: =VLOOKUP(C9,'DS nhan HPTN'!B:M,11,0) -> #N/A
A10: 16947 | B10: 61 | C10: 2051067231 | D10: Đỗ Quốc | E10: Thái | F10: S23-62TH | G10: K62 | H10: Phân hiệu | I10: 0 | J10: =VLOOKUP(C10,'DS nhan HPTN'!B:M,11,0) -> #N/A
A11: 83499 | B11: 70 | C11: 2031020053 | D11: Võ Đức | E11: Quyền | F11: Tại chức K54 | G11: K62 | H11: Phân hiệu | I11: 0 | J11: =VLOOKUP(C11,'DS nhan HPTN'!B:M,11,0) -> #N/A
A12: 35126 | B12: 122 | C12: 2151017005 | D12: Võ Kế | E12: Duy | F12: S24-63C | G12: K63 | H12: Phân hiệu | I12: 0 | J12: =VLOOKUP(C12,'DS nhan HPTN'!B:M,11,0) -> #N/A
A13: 35128 | B13: 122 | C13: 2151017007 | D13: Nguyễn Trung | E13: Hiếu | F13: S24-63C | G13: K63 | H13: Phân hiệu | I13: 0 | J13: =VLOOKUP(C13,'DS nhan HPTN'!B:M,11,0) -> #N/A
A14: 35170 | B14: 112 | C14: 2151067051 | D14: Nguyễn Minh Khánh | E14: An | F14: S24-63CNTT1 | G14: K63 | H14: Phân hiệu | I14: 0 | J14: =VLOOKUP(C14,'DS nhan HPTN'!B:M,11,0) -> #N/A
A15: 35624 | B15: 112 | C15: 2151067597 | D15: Đinh Tuấn | E15: Anh | F15: S24-63CNTT1 | G15: K63 | H15: Phân hiệu | I15: 1 | J15: =VLOOKUP(C15,'DS nhan HPTN'!B:M,11,0) -> #N/A
A16: 35809 | B16: 112 | C16: 2151067646 | D16: Lê Minh | E16: Đức | F16: S24-63CNTT1 | G16: K63 | H16: Phân hiệu | I16: 0 | J16: =VLOOKUP(C16,'DS nhan HPTN'!B:M,11,0) -> #N/A
A17: 35787 | B17: 112 | C17: 2151067635 | D17: Nguyễn Công | E17: Huy | F17: S24-63CNTT2 | G17: K63 | H17: Phân hiệu | I17: 0 | J17: =VLOOKUP(C17,'DS nhan HPTN'!B:M,11,0) -> #N/A
A18: 35705 | B18: 112 | C18: 2151067613 | D18: Lý Đăng | E18: Khoa | F18: S24-63CNTT2 | G18: K63 | H18: Phân hiệu | I18: 1 | J18: =VLOOKUP(C18,'DS nhan HPTN'!B:M,11,0) -> #N/A
A19: 35726 | B19: 112 | C19: 2151067618 | D19: Lưu Anh | E19: Thơ | F19: S24-63CNTT2 | G19: K63 | H19: Phân hiệu | I19: 0 | J19: =VLOOKUP(C19,'DS nhan HPTN'!B:M,11,0) -> #N/A
... A30: 35804 | B30: 140 | C30: 2154077865 | D30: Trần Quang | E30: Huy | F30: S24-63LG2 | G30: K63 | H30: Phân hiệu | I30: 0 | J30: =VLOOKUP(C30,'DS nhan HPTN'!B:M,11,0) -> #N/A
A31: 35361 | B31: 146 | C31: 2154027252 | D31: Nguyễn Thái Chí | E31: Anh | F31: S24-63QT-MAR | G31: K63 | H31: Phân hiệu | I31: 0 Hoãn | J31: =VLOOKUP(C31,'DS nhan HPTN'!B:M,11,0) -> #N/A
A32: 35370 | B32: 146 | C32: 2154027261 | D32: Nguyễn Quốc | E32: Khánh | F32: S24-63QT-MAR | G32: K63 | H32: Phân hiệu | I32: 0 | J32: =VLOOKUP(C32,'DS nhan HPTN'!B:M,11,0) -> #N/A
A33: 35553 | B33: 146 | C33: 2154027666 | D33: Nguyễn Đào Tuyết | E33: Nhung | F33: S24-63QT-MAR | G33: K63 | H33: Phân hiệu | I33: 0 Hoãn | J33: =VLOOKUP(C33,'DS nhan HPTN'!B:M,11,0) -> #N/A
A34: 35241 | B34: 146 | C34: 2154027126 | D34: Nguyễn Văn | E34: Thái | F34: S24-63QT-MAR | G34: K63 | H34: Phân hiệu | I34: 0 | J34: =VLOOKUP(C34,'DS nhan HPTN'!B:M,11,0) -> #N/A
A35: 35391 | B35: 146 | C35: 2154027286 | D35: Trương Minh | E35: Thức | F35: S24-63QT-MAR | G35: K63 | H35: Phân hiệu | I35: 0 | J35: =VLOOKUP(C35,'DS nhan HPTN'!B:M,11,0) -> #N/A
A36: 72919 | B36: 164 | C36: 2251068201 | D36: Phạm Trần Gia | E36: Khánh | F36: S25-64CNTT | G36: K64 | H36: Phân hiệu | I36: 0 | J36: =VLOOKUP(C36,'DS nhan HPTN'!B:M,11,0) -> #N/A
A37: 72797 | B37: 185 | C37: 2251018059 | D37: Lê Trần Hoàng | E37: Sơn | F37: S25-64CTN | G37: K64 | H37: Phân hiệu | I37: 1 | J37: =VLOOKUP(C37,'DS nhan HPTN'!B:M,11,0) -> #N/A
A38: 73050 | B38: 172 | C38: 2251048108 | D38: Trần Gia | E38: Huy | F38: S25-64CX | G38: K64 | H38: Phân hiệu | I38: 1 | J38: =VLOOKUP(C38,'DS nhan HPTN'!B:M,11,0) -> #N/A
A39: 72354 | B39: 173 | C39: 2254038529 | D39: Tiển Gia | E39: Khánh | F39: S25-64KT | G39: K64 | H39: Phân hiệu | I39: 0 | J39: =VLOOKUP(C39,'DS nhan HPTN'!B:M,11,0) -> #N/A
A40: 72807 | B40: 194 | C40: 2254078670 | D40: Nguyễn Duy | E40: Cảnh | F40: S25-64LG1 | G40: K64 | H40: Phân hiệu | I40: 0 | J40: =VLOOKUP(C40,'DS nhan HPTN'!B:M,11,0) -> #N/A
A41: 72543 | B41: 194 | C41: 2254078702 | D41: Lương Gia | E41: Hân | F41: S25-64LG1 | G41: K64 | H41: Phân hiệu | I41: 0 | J41: =VLOOKUP(C41,'DS nhan HPTN'!B:M,11,0) -> #N/A
A42: 72908 | B42: 194 | C42: 2254078789 | D42: Nguyễn Ngọc Diễm | E42: Quỳnh | F42: S25-64LG2 | G42: K64 | H42: Phân hiệu | I42: 0 | J42: =VLOOKUP(C42,'DS nhan HPTN'!B:M,11,0) -> #N/A
A43: 72751 | B43: 214 | C43: 2252038402 | D43: Phạm Khánh Thùy | E43: Trân | F43: S25-64NNA-QTTT | G43: K64 | H43: Phân hiệu | I43: 1 | J43: =VLOOKUP(C43,'DS nhan HPTN'!B:M,11,0) -> #N/A
A44: 73217 | B44: 220 | C44: 2351017005 | D44: Nguyễn Lê | E44: Hà | F44: S26-65C | G44: K65 | H44: Phân hiệu | I44: 1 | J44: =VLOOKUP(C44,'DS nhan HPTN'!B:M,11,0) -> #N/A
A45: 75317 | B45: 218 | C45: 2351117172 | D45: Nguyễn Minh | E45: Hậu | F45: S26-65CT | G45: K65 | H45: Phân hiệu | I45: 1 | J45: =VLOOKUP(C45,'DS nhan HPTN'!B:M,11,0) -> #N/A
... A49: 81576 | B49: 269 | C49: 2451067109 | D49: Nguyễn Lê Như | E49: Mỵ | F49: S27-66CNTT | G49: K66 | H49: Phân hiệu | I49: 0 | J49: =VLOOKUP(C49,'DS nhan HPTN'!B:M,11,0) -> #N/A
A50: 109664 | B50: 272 | C50: CT51110030 | D50: Lê Tấn | E50: Cường | F50: S27-66CT | G50: K66 | H50: Phân hiệu | I50: 0 | J50: =VLOOKUP(C50,'DS nhan HPTN'!B:M,11,0) -> #N/A
A51: 82500 | B51: 272 | C51: 2451117175 | D51: Nguyễn Phạm Phú | E51: Hội | F51: S27-66CT | G51: K66 | H51: Phân hiệu | I51: 0 Hoãn | J51: =VLOOKUP(C51,'DS nhan HPTN'!B:M,11,0) -> #N/A
A52: 81904 | B52: 289 | C52: 2451077160 | D52: Nguyễn Thanh | E52: Phong | F52: S27-66CTN | G52: K66 | H52: Phân hiệu | I52: 0 | J52: =VLOOKUP(C52,'DS nhan HPTN'!B:M,11,0) -> #N/A
A53: 82681 | B53: 281 | C53: 2451047047 | D53: Nguyễn Ngọc | E53: Hưng | F53: S27-66GT | G53: K66 | H53: Phân hiệu | I53: 1 | J53: =VLOOKUP(C53,'DS nhan HPTN'!B:M,11,0) -> #N/A
A54: 82735 | B54: 278 | C54: 2454037380 | D54: Nguyễn Thị Mỹ | E54: Oanh | F54: S27-66KT | G54: K66 | H54: Phân hiệu | I54: 1 | J54: =VLOOKUP(C54,'DS nhan HPTN'!B:M,11,0) -> #N/A
A55: 80264 | B55: 278 | C55: 2454037397 | D55: Lữ Thị Ngọc | E55: Trinh | F55: S27-66KT | G55: K66 | H55: Phân hiệu | I55: 1 | J55: =VLOOKUP(C55,'DS nhan HPTN'!B:M,11,0) -> #N/A
A56: 81677 | B56: 284 | C56: 2451147198 | D56: Trần Vương Triệu | E56: Mẫn | F56: S27-66QLXD | G56: K66 | H56: Phân hiệu | I56: 0 | J56: =VLOOKUP(C56,'DS nhan HPTN'!B:M,11,0) -> #N/A
A57: 84261 | B57: 341 | C57: 2551017016 | D57: Lê Tuấn | E57: Kiệt | F57: S28-67C | G57: K67 | H57: Phân hiệu | I57: 0 | J57: =VLOOKUP(C57,'DS nhan HPTN'!B:M,11,0) -> #N/A
A58: 99613 | B58: 337 | C58: 2554027800 | D58: Nguyễn Ngọc | E58: Thanh | F58: S28-67QT | G58: K67 | H58: Phân hiệu | I58: 0 | J58: =VLOOKUP(C58,'DS nhan HPTN'!B:M,11,0) -> #N/A
C59: 1651112908 | D59: Nguyễn Minh Phương | E59: Nguyễn Minh Phương | F59: S19-58CT | H59: Phân hiệu | I59: 0 | J59: =VLOOKUP(C59,'DS nhan HPTN'!B:M,11,0) -> #N/A
C60: 1851013157 | D60: Đoàn Trọng Đạt | E60: Đoàn Trọng Đạt | F60: S21-60C | H60: Phân hiệu | I60: 1 | J60: =VLOOKUP(C60,'DS nhan HPTN'!B:M,11,0) -> #N/A
C61: 1851043044 | D61: Phan Thành Đạt | E61: Phan Thành Đạt | F61: S21-60CX2 | H61: Phân hiệu | I61: 1 | J61: =VLOOKUP(C61,'DS nhan HPTN'!B:M,11,0) -> Kỹ thuật công trình

Sheet Sheet2
A1: STT | B1: MSSV | C1: Họ và Tên | D1: Lớp | E1: Số điểm tích lũy | F1: GV Hướng Dẫn 1 | G1: Hệ số GV HD 1 | H1: GV Hướng Dẫn 2 | I1: Hệ số GV HD 2 | J1: Tên Đề Tài | K1: Ngành | L1: Bộ Môn | M1: Ghi Chú 1 | N1: Ghi Chú 2 | O1: Thông tin
A2: 1 | B2: 1951065174 | C2: Hà Lê Duy | D2: S22-61TH1 | E2: 2.46 | F2: TS. Hoàng Thị Kiều Anh | G2: 1 | J2: Xây dựng hệ thống quản lý bán hàng đa nền tảng dựa trên Flutter và Firebase | K2: Công nghệ thông tin | L2: Công nghệ thông tin | M2: Đủ đk | N2: có | O2: Đã cập nhật
A3: 2 | B3: 2051067522 | C3: Nguyễn Ngọc Bảo | D3: S23-62TH | E3: 2.78 | F3: ThS. Trần Ngọc Dân | G3: 1 | J3: Xây dựng website định giá Bất động sản tại Thành phố Hồ Chí Minh thông qua kỹ thuật học máy | K3: Công nghệ thông tin | L3: Công nghệ thông tin | M3: Đủ đk | N3: có | O3: 0 | P3: #N/A
A4: 3 | B4: 2151067055 | C4: Chung Gia Bảo | D4: S24-63CNTT1 | E4: 2.15 | F4: TS. Hoàng Thị Kiều Anh | G4: 1 | J4: Xây dựng hệ thống website Gia Bao kinh doanh thiết bị di động trực tuyến tích hợp quản lý kho và đơn hàng | K4: Công nghệ thông tin | L4: Công nghệ thông tin | M4: Đủ đk | N4: có | O4: Đã cập nhật
A5: 4 | B5: 2151067060 | C5: Võ Hoàn Lạc | D5: S24-63CNTT1 | E5: 2.21 | F5: TS. Hoàng Thị Kiều Anh | G5: 1 | J5: Xây dựng website thời trang LaHo tích hợp chatbot hỗ trợ và tư vấn khách hàng | K5: Công nghệ thông tin | L5: Công nghệ thông tin | M5: Đủ đk | N5: có | O5: Đã cập nhật
A6: 5 | B6: 2151067238 | C6: Võ Lê Hậu | D6: S24-63CNTT1 | E6: 2.18 | F6: ThS. Tống Thị Nhung | G6: 1 | J6: Xây dựng ứng dụng quản lý học tại trung tâm giáo dục Thành Công | K6: Công nghệ thông tin | L6: Công nghệ thông tin | M6: Đủ đk | N6: có | O6: 0 | P6: #N/A
A7: 6 | B7: 2151067630 | C7: Lê Văn Bảo | D7: S24-63CNTT2 | E7: 2.07 | F7: TS. Hoàng Văn Quý | G7: 1 | J7: Thiết kế xây dựng sensor đo và theo dõi độ mặn trong quản lý chất lượng nước | K7: Công nghệ thông tin | L7: Công nghệ thông tin | M7: Đủ đk | N7: có | O7: Đã cập nhật
A8: 7 | B8: 2151067620 | C8: Nguyễn Nam Nhân | D8: S24-63CNTT2 | E8: 2.5 | F8: ThS. Trần Ngọc Dân | G8: 1 | J8: Xây dựng website quản lý kho hàng ứng dụng công nghệ AI | K8: Công nghệ thông tin | L8: Công nghệ thông tin | M8: Đủ đk | N8: có | O8: Đã cập nhật
A9: 8 | B9: 2151067610 | C9: Võ Trần Luân | D9: S24-63CNTT2 | E9: 2.42 | F9: ThS. Nguyễn Thị Hồng Tú | G9: 1 | J9: Thiết kế và xây dựng hệ thống điều khiển nhà thông minh trên nền tảng ESP32S | K9: Công nghệ thông tin | L9: Công nghệ thông tin | M9: Đủ đk | N9: có | O9: Đã cập nhật
A10: 9 | B10: 2151067072 | C10: Tăng Phước Sang | D10: S24-63CNTT2 | E10: 2.05 | F10: ThS. Vũ Thị Hạnh | G10: 1 | J10: Thiết kế và phát triển website du lịch trực tuyến VietExplore | K10: Công nghệ thông tin | L10: Công nghệ thông tin | M10: Đủ đk | N10: có | O10: Đã cập nhật
A11: 10 | B11: 2151067053 | C11: Hồ Minh Anh | D11: S24-63CNTT2 | E11: 2.42 | F11: ThS. Nguyễn Thị Hồng Tú | G11: 1 | J11: Phát triển ứng dụng di động quản lý sự kiện sử dụng Flutter | K11: Công nghệ thông tin | L11: Công nghệ thông tin | M11: Đủ đk | N11: có | O11: Đã cập nhật
A12: 11 | B12: 2151067239 | C12: Đặng Nguyễn Minh Hoàng | D12: S24-63CNTT2 | E12: 2.42 | F12: ThS. Nguyễn Thị Hồng Tú | G12: 1 | J12: Xây dựng website quản lý dự án cho Công ty Vision | K12: Công nghệ thông tin | L12: Công nghệ thông tin | M12: Đủ đk | N12: có | O12: 0 | P12: #N/A
A13: 12 | B13: 2251068218 | C13: Lê Võ Nhựt Nguyên | D13: S25-64CNTT | E13: 2.91 | F13: ThS. Vũ Thị Hạnh | G13: 1 | J13: Thiết kế và xây dựng hệ thống IoT giám sát, chống trộm và cảnh báo tai nạn cho xe máy | K13: Công nghệ thông tin | L13: Công nghệ thông tin | M13: Đủ đk | N13: có | O13: Đã cập nhật
A14: 13 | B14: 2251068180 | C14: Nguyễn Thị Diễm | D14: S25-64CNTT | E14: 3.08 | F14: TS. Hoàng Văn Quý | G14: 1 | J14: IoT - Hệ thống giám sát môi trường ao nuôi thuỷ hải sản | K14: Công nghệ thông tin | L14: Công nghệ thông tin | M14: Đủ đk | N14: có | O14: Đã cập nhật
A15: 14 | B15: 2251068179 | C15: Trịnh Á Châu | D15: S25-64CNTT | E15: 3.27 | F15: ThS. Nguyễn Thị Hồng Tú | G15: 1 | J15: Ứng dụng OpenClaw và trí tuệ nhân tạo trong xây dựng hệ thống giám sát hạ tầng mạng thông minh | K15: Công nghệ thông tin | L15: Công nghệ thông tin | M15: Đủ đk | N15: có | O15: Đã cập nhật
A16: 15 | B16: 2251068223 | C16: Lê Thị Yến Nhi | D16: S25-64CNTT | E16: 3.6 | F16: ThS. Vũ Thị Hạnh | G16: 1 | J16: Mô hình Transformer đa nhiệm cho phân loại rối loạn nhịp tim và nhồi máu cơ tim từ tín hiệu ECG tích hợp cơ chế giải thích | K16: Công nghệ thông tin | L16: Công nghệ thông tin | M16: Đủ đk | N16: có | O16: Đã cập nhật
A17: 16 | B17: 2251068281 | C17: Lê Quốc Vinh | D17: S25-64CNTT | E17: 2.18 | F17: ThS. Tống Thị Nhung | G17: 1 | J17: Xây dựng hệ thống thương mại điện tử kinh doanh nội thất tích hợp AR | K17: Công nghệ thông tin | L17: Công nghệ thông tin | M17: Đủ đk | N17: có | O17: Đã cập nhật
A18: 17 | B18: 2251068256 | C18: Nguyễn Phùng Thịnh | D18: S25-64CNTT | E18: 2.17 | F18: ThS. Tống Thị Nhung | G18: 1 | J18: Xây dựng hệ thống IoT Smart Home | K18: Công nghệ thông tin | L18: Công nghệ thông tin | M18: Đủ đk | N18: có | O18: Đã cập nhật
A19: 18 | B19: 2251068224 | C19: Hà Thị Hồng Nhinh | D19: S25-64CNTT | E19: 2.86 | F19: ThS. Trần Ngọc Dân | G19: 1 | J19: Ứng dụng IoT để phân loại hạt đậu dựa trên mô hình học máy và học sâu | K19: Công nghệ thông tin | L19: Công nghệ thông tin | M19: Đủ đk | N19: có | O19: Đã cập nhật
A20: 19 | B20: 2251068241 | C20: Điểu Nguyễn Thanh Sang | D20: S25-64CNTT | E20: 2.12 | F20: ThS. Vũ Thị Hạnh | G20: 1 | J20: Xây dựng nền tảng kinh doanh trái cây trực tuyến SFruits tích hợp AI Chatbot | K20: Công nghệ thông tin | L20: Công nghệ thông tin | M20: Đủ đk | N20: có | O20: Đã cập nhật
A21: 20 | B21: 2251068248 | C21: Nguyễn Thành Tâm | D21: S25-64CNTT | E21: 3.22 | F21: TS. Nguyễn Văn Hán | G21: 1 | J21: Xây dựng hệ thống Giám sát giao thông thông minh phát hiện, theo dõi và phân tích hành vi vi phạm phương tiện dựa trên nền tảng Deep Learning | K21: Công nghệ thông tin | L21: Công nghệ thông tin | M21: Đủ đk | N21: có | O21: Đã cập nhật
A22: 21 | B22: 2251068184 | C22: Nguyễn Tấn Đạt | D22: S25-64CNTT | E22: 2.52 | F22: ThS. Tống Thị Nhung | G22: 1 | J22: Xây dựng hệ thống IoT quản lý bãi đỗ xe thời gian thực | K22: Công nghệ thông tin | L22: Công nghệ thông tin | M22: Đủ đk | N22: có | O22: Đã cập nhật
A23: 22 | B23: 2251068222 | C23: Phan Minh Nhật | D23: S25-64CNTT | E23: 2.17 | F23: ThS. Tống Thị Nhung | G23: 1 | J23: Xây dựng website thương mại điện tử cửa hàng vật tư nông nghiệp | K23: Công nghệ thông tin | L23: Công nghệ thông tin | M23: Đủ đk | N23: có | O23: Đã cập nhật
A24: 23 | B24: 2251068193 | C24: Phạm Xuân Hậu | D24: S25-64CNTT | E24: 2.1 | F24: ThS. Nguyễn Anh Tú | G24: 1 | J24: Thiết kế và phát triển hệ thống tiếp nhận thông tin trên nền tảng Zalo và Telegram tại Phân hiệu Trường Đại học Thủy lợi | K24: Công nghệ thông tin | L24: Công nghệ thông tin | M24: Đủ đk | N24: có | O24: Đã cập nhật
... A27: 26 | B27: 2251068266 | C27: Trần Minh Trí | D27: S25-64CNTT | E27: 2.78 | F27: ThS. Nguyễn Anh Tú | G27: 1 | J27: Xây dựng hệ thống cân bằng tải (Load Balancer) cho web server sử dụng Nginx | K27: Công nghệ thông tin | L27: Công nghệ thông tin | M27: Đủ đk | N27: có | O27: Đã cập nhật
A28: 27 | B28: 2251068197 | C28: Trần Đình Khải | D28: S25-64CNTT | E28: 3.28 | F28: TS. Hoàng Văn Quý | G28: 1 | J28: Xây dựng hệ thống giám sát và cảnh báo sớm cho trạm điện 110-220 kV | K28: Công nghệ thông tin | L28: Công nghệ thông tin | M28: Đủ đk | N28: có | O28: 0 | P28: #N/A
A29: 28 | B29: 2251068173 | C29: Nguyễn Hoàng Anh | D29: S25-64CNTT | E29: 2.88 | F29: TS. Nguyễn Văn Hán | G29: 1 | J29: Xây dựng mô hình học máy phát hiện rò rỉ ống nước tại chỗ thời gian thực | K29: Công nghệ thông tin | L29: Công nghệ thông tin | M29: Đủ đk | N29: có | O29: Đã cập nhật
A30: 29 | B30: 2251068244 | C30: Ngọ Văn Sửu | D30: S25-64CNTT | E30: 2.78 | F30: TS. Hoàng Thị Kiều Anh | G30: 1 | J30: Xây dựng hệ thống chuyển đổi số hỗ trợ công tác ứng phó ngập lụt cấp xã | K30: Công nghệ thông tin | L30: Công nghệ thông tin | M30: Đủ đk | N30: có | O30: Đã cập nhật
A31: 30 | B31: 2251068247 | C31: Nguyễn Minh Tâm | D31: S25-64CNTT | E31: 2.58 | F31: ThS. Tống Thị Nhung | G31: 1 | J31: Xây dựng hệ thống giao tiếp nội bộ trong doanh nghiệp | K31: Công nghệ thông tin | L31: Công nghệ thông tin | M31: Đủ đk | N31: có | O31: Đã cập nhật
A32: 31 | B32: 2251068211 | C32: Phạm Công Minh | D32: S25-64CNTT | E32: 2.95 | F32: ThS. Nguyễn Anh Tú | G32: 1 | J32: Xây dựng hệ thống điều khiển bay cho thiết bị bay không người lái | K32: Công nghệ thông tin | L32: Công nghệ thông tin | M32: Đủ đk | N32: có | O32: Đã cập nhật
A33: 32 | B33: 2251068181 | C33: Nguyễn Thái Bảo Duy | D33: S25-64CNTT | E33: 2.62 | F33: ThS. Nguyễn Thị Hồng Tú | G33: 1 | J33: Xây dựng hệ thống quản lý chuỗi quán cà phê đa chi nhánh tích hợp báo cáo và phân tích dữ liệu | K33: Công nghệ thông tin | L33: Công nghệ thông tin | M33: Đủ đk | N33: có | O33: Đã cập nhật
A34: 33 | B34: 2251068217 | C34: Ngô Thị Bích Ngọc | D34: S25-64CNTT | E34: 2.35 | F34: TS. Hoàng Văn Quý | G34: 1 | J34: Xây dựng hệ thống cảnh báo sớm suy hô hấp cho bệnh nhân COPD | K34: Công nghệ thông tin | L34: Công nghệ thông tin | M34: Đủ đk | N34: có | O34: Đã cập nhật
A35: 34 | B35: 2251068192 | C35: Lê Vĩnh Hân | D35: S25-64CNTT | E35: 2.84 | F35: TS. Nguyễn Văn Hán | G35: 1 | J35: Xây dựng hệ thống thương mại điện tử kinh doanh thiết bị công nghệ tích hợp AR và trợ lý ảo AI | K35: Công nghệ thông tin | L35: Công nghệ thông tin | M35: Đủ đk | N35: có | O35: Đã cập nhật
A36: 35 | B36: 2251068260 | C36: Nguyễn Dương Hiền Thương | D36: S25-64CNTT | E36: 2.78 | F36: TS. Hoàng Văn Quý | G36: 1 | J36: AIoT - Phát hiện bất thường và điều khiển hệ thống giám sát môi trường nuôi thuỷ hải sản | K36: Công nghệ thông tin | L36: Công nghệ thông tin | M36: Đủ đk | N36: có | O36: Đã cập nhật
A37: 36 | B37: 2251068255 | C37: Nguyễn Phúc Thịnh | D37: S25-64CNTT | E37: 2.37 | F37: ThS. Nguyễn Thị Hồng Tú | G37: 1 | J37: Thiết kế hệ thống nhà thông minh IoT tích hợp nhận diện khuôn mặt sử dụng Edge Computing | K37: Công nghệ thông tin | L37: Công nghệ thông tin | M37: Đủ đk | N37: có | O37: Đã cập nhật
A38: 37 | B38: 2251068209 | C38: Ngô Nhật Minh | D38: S25-64CNTT | E38: 2.71 | F38: ThS. Nguyễn Thị Hồng Tú | G38: 1 | J38: Xây dựng hệ thống quản lý quán cà phê ứng dụng nền tảng web | K38: Công nghệ thông tin | L38: Công nghệ thông tin | M38: Đủ đk | N38: có | O38: Đã cập nhật
A39: 38 | B39: 2251068259 | C39: Vũ Mạnh Thuyết | D39: S25-64CNTT | E39: 2.53 | F39: ThS. Nguyễn Anh Tú | G39: 1 | J39: Xây dựng Game 3D mô phỏng quản lý quán Internet trên nền tảng Unity | K39: Công nghệ thông tin | L39: Công nghệ thông tin | M39: Đủ đk | N39: có | O39: Đã cập nhật
